# Resource object code (Python 3)
# Created by: object code
# Created by: The Resource Compiler for Qt version 6.11.1
# WARNING! All changes made in this file will be lost!

from PySide6 import QtCore

qt_resource_data = b"\
\x00\x02\x02\x8c\
\x89\
PNG\x0d\x0a\x1a\x0a\x00\x00\x00\x0dIHDR\x00\
\x00\x03#\x00\x00\x03\x1b\x08\x03\x00\x00\x00i$\xba7\
\x00\x00\x00\x01sRGB\x00\xae\xce\x1c\xe9\x00\x00\x00\
\x09pHYs\x00\x00\x0e\xc3\x00\x00\x0e\xc3\x01\xc7o\
\xa8d\x00\x00\x00\xd5PLTEGpL (?\
\x22.G\x17\x19%\x03\x09\x1c\x01\x01\x0b\x05\x13-\x06\
\x173\x07\x198\x08\x1c=\x09\x1fA\x0a!D\x0b#\
H\x0c%L\x0d'O\x0e*S\x10,V\x10-X\
\x121]\x144b\x167g\x18;k\x1b?n\x1f\
Ct$Iz\x0a1o\x09,h\x07(a\x0a5\
x\x0c:\x7f\x0d?\x87\x0fE\x8d\x12K\x94\x05\x22X\
(O\x80/V\x885_\x92\x01\x04.\x01\x0fH\x05\
\x1dK?i\x9cM}\xb1h\x95\xc5\x03\x0a\x87\xfc\xfd\
\xfd\xfe\xff\xff\xf8\xf8\xf9\xf0\xf2\xf2\xe7\xe8\xe9\xda\xdc\xde\
\xd0\xd3\xd5\xc7\xc9\xcc\xbc\xbf\xc3\xb0\xb4\xb8\xa2\xa7\xae\x95\
\x9a\xa0\x88\x8e\x95z\x81\x8aip|MQ[\xfc\xf6\
\x03\xf9\xc5\x04\xfa\xd1\x05\x87w6\xbd\xa3\x1f\x06\x0f \
\x05\x0f\x1f\x07\x11!\x0c\x17(\x10\x1a.\x06 1]\
N\xb3\xf4\x00\x00\x00GtRNS\x00\xec\x9b\xfa\xfa\
\xfe\xff\xff\xff\xff\xff\xff\xff\xff\xff\xff\xfe\xff\xff\xff\xff\
\xff\xff\xff\xff\xff\xff\xff\xff\xff\xff\xff\xff\xff\xff\xff\xff\
\xff\xff\xff\xff\xff\xff\xfe\xfe\xff\xff\xff\xff\xff\xff\xff\xff\
\xff\xff\xff\xff\xff\xff\xfe\xfe\xfe\xff\xff\xffA1 \x13\
\x0b\x04\x8f\xa1\xfb\x13\x00\x02\x00\xfdIDATx\xda\
\xec\x96Mr\xc20\x0c\x85\x9d\xa4M;\x14l_\x81\
U\x0f\xc1*\xfc\xbc\xfb\x1f\xa9\xa3\x89*\xc9\xa6\xd3\x01\
\xba)3\xef\x83T\xb5$?91\x16$B\x08!\
\x84\x10B\x08!\x84\x10B\x08!\x84\x10B\x08y&\
 $$@\xde\x09j\xd5oq\xf5\xfbK\x1c\xd1/\
\xc9:\x8e\xf1\x94\xcc\x0f\x8b'\xf5\xfb\xbc\xa4\xf5\xdd\xdf\
\xeb\x88\xb1\xf9jU\x0a:_\xf0|\xaf\xa8Ih\xf4\
/\xe6Oj\xf5\xea\x9f\x8b\xaf\xcf\xd6ac\xcf\x8b\xf9\
\xe8\xf3\xcc\xba\x8a\x8f\xd5\x0an\xe5\xe5\xf3\xbc\xb4+\xa4\
\xa0\x1b\x94a~_\x82\xe6\xf3\xb3\xfe(\xf6\xa1K\xab\
\xed#\xea\x17\x8b\xb8\x09\x96o\xf1k\x0b\x13T\xdb\xe9\
\x87\xf9hcV\xc7\xfc\xf0M\x17\x10\xeaX\xd4\xeb\xea\
\xc0\xd7\x19K\xf5\xf3-\xe1\xe7\xfbQ\xfa\xfb\x89y\xde\
\x1fp\xe5o\xf5<\xa5\xcfk\xee\xdbm\x5c\xefZ\xc2\
0\xbf[x}\xc4}\xe0\x11y\x14\xdb4\xdd\xa6\x95\
6\x9cn\x81{\xf0/{\x1f\x14\xee\xcd\x9f\x00\xe0\xfd\
\xa7?\x1e\x88\xado\xbd\x10\xdb\xedu~?V\x0ft\
\x8e\x0e\xddZ\x9eY\xd3V\xec\xb7\x89b\xf3\x10\xf3\x01\
\xd7o\xfagW'4\x06%\xfaM\xdf\x8b\x84y0\
e\x17\x8a\xeb7\xb5\xee\xfe\xd16\xa3\xeb\xef5\xc1t\
#\x88:\xfdsj\xe6\xf4\xffG\x05\x08\x17\x8d\x81-\
\xed\xf1S\x22\x5c\xce\xc7e\x19\x0f\xc3\x90\x87a\xfa\x8d\
\xd9,\xb9\x85\xf9N\xbf\xc7\xeff\x98\xa6A8\x8c\xe3\
\xb8,\xc7\xd3\x05\xcdF\x83'\xe4.\xbc\x1d%\x9c\x96\
q\xac\x9b\xf9\xe5\x95<;a\x0f\xe7y\x9a>\xe4\xb8\
\x1c\xcfi\x85\xbf\xbb\xee\x01\xc0j\x8f\xe3a\x98^\xbe\
\x1f\xf0\xfc\xf6.l6\x1f\xdb\xed\xf6s\x9bK\xce9\
\xefr\xce\xfb\xd5\xd4RJn(rU\x1f\x95\xb2\xaf\
1Xs\xde\x97Rk\xad\xf2G\xe2\xe2\x12\x99]\xcd\
\xa5T\xd1\x93w\xad\xab-_\xec[[v\xeb6\x0c\
llE|SMw\xe0\xaf\xac\xc3M\xdc\xfd/\xa9\
\x1cc\x0c\xe0\xf0\xe88j\x7f\xe31\xc5\x01 \x90\x96\
AB\xa4\x94{\xd1!\xe8\xcf\xcbh1\xcc\x1f\xfd\xde\
\x0a}\xe0\x00@\x1f\x1f\x90\xd0\xb0\xa3\x9f\x0dV\xc1\xf0\
\x1f\x96\x0e\xbb~\xef_\xda\x90\x821\xf1\x01\x8d\xea\x0c\
\x9cA\x9f\x9b};\xfci\x17P\xc7A\xcf\x0d\x90_\
\xdb\xe5\xba\x04l\xa7}v\xf9e\xc2}C\x9cy\xb4\
\x01\x917\x89\x0b\x15\x89-\xce\x92a\x06\x868\x86\xed\
\xb3\xe4\xb8\xae\xeb\xb2\xbc/\x03\x18\xd5\xb1\xb8\x9c\xae\xdf\
\xaf\x04\xf9\xef\xb8]OL\x8fe\xc41f\xc4z\x1c\
\x18\x83\xdaj\x03\xfa(\x00G\x8b:H\x80D\x02\x7f\
\xa2\xba\xc0\xec\xfcQ\x00\xe8\xec\x8f\xc3\xda\xf95\x1d\x02\
;\xbc\x0c\x03\x84A\x1by\xe0\xc2\xb4\xd9@p\x87\x1d\
\x02Lp\xbc4\xf8t\xcdT\xb6\xc1\xac\x1b\x1f\x98Q\
\x01\xe0&\x06\x88<\xc1\xf9\x876\xc0 d\x1d\xbf\x1f\
\x9d5\xb04D\xd7\x0d\x15\x9b\xb1\xc7\x86\xc3u7J\
C\x07\x84\xb4\x17f|\xc6yB\x1a\x1b\x1e\x01\xa9f\
\x92\xa8X\x5c/\x12\xf8{}\xfftk\xaa\xfe\xadB\
\xab\xe7\xb0J\x9a\xe0\x18K\xca\xf5\xf6z\xd3\xf2\x13\xec\
\xc9\xf7\xfb\xf4\xc6\x04YSe\xf4[\xd5\xe0\xd7R\x15\
\x8d5\xe1\xec\xa5\x81vNY\x83O\x93\xe1I\xa55\
\xb09\xb2\x90\xe5Jx!\x14\xc5\x9d\xd3\xe2\x13\x0c\x1b\
\x1d*T\x9a\xb4\x85\xf9P\xf4\xa8\xda^\x0d\xce\xb1\x82\
\xacS\xc0.\xc3\xc1.\x89\x97A\x96ZO\x8aB\x81\
\xcesL\x8b\x8f\xdbq\x94Y/be7\x92\x82%\
\xe6\xc0\x8dt\x1e\x0b\x0a\xc6\xff&\x9b\xecW\x9a\x18\xdc\
\x1b H\xd7\xb1\xbf\x92\xbdUn\xdb\xb6\xb5Jp\x00\
9\xa8\x22=A\xdb\x19-\x9b\xfd6g\xacS\xca\xde\
\xc3\x0e7\x9fEP\x8d.\x22Q\x990\xdb+eg\
\xebdvj~\xd6\xd8\xb7\x9fQ]\xd2\x19k/\xfe\
\xda\x18\x85)\x09\x9dW\x81D\x10M\xf9 \x8a2\x89\
R\xf1\x07\xaa\xc7R\x97\x83\xdc\x13\xcb\xdb\xf5[\x1eN\
^\x0f\xf1\x0e\xee\xaf\xdc\xdf\xd7\xb7\xfc\xbe V\xb9a\
\xb3R\x0bck\xf4\x1c\x05\xe5\x89k\x99Fz\xd2\xcc\
H*dZ\xa8\xe9A\xa9\xe9\xad\xdd\xda\x8a\x15\xac'\
y\xdeg\x0d\xfd4\xd9\xe8K\x92\xa2\xc9\xfd\xa8]\x0e\
\xd3\x95\xcc\x13\xda\x9f\xb7\xb7\x9dP \xbe\xed\xd8:P\
H\x85Z\xd1\x96\xb4s\xda\x17\xba8\x1d\xc4J=\x0b\
\xc0\x8e\xa0a\x9b\xda\xca=O\x96\xb3\xa4\x89<\xc4\xbf\
\xfe\x84\x22\xb0\x049cw\xba\x84\xb6!?\x88\xc2\x1a\
\xec\xb6\xba\x02\x0a\xce@}\xb6\xd8\xf4{\x02s0\x9a\
[t\x94>\xe9*{\xbd\x93i\xea\x03 \xb1\xb36\
\xd0\x05\xc7\xd4\xafq\xf7\x0a\x1d\xefT\xe9\xa6\x82w\xa4\
Dbl\xe65\xcfdS,\xa5\xfd\xaa\xcdT\xb7x\
\xce\xeb/\xd3S[\xd0\xdfF\x93\xb9C\xc0\x06\xad\xe2\
\xa7\xd4\xb4\xbe\x0f\x9c\xdfN\xdf\xafW]\x0e\x96 \xd8\
`%\xbc*\xaa\x06\x89\x1fC\x8f\xc0f\xa2\xa4\x9cD\
J)\x91\x14CS\xdd[\xb2:\x0e\xd5\xdaC$\xe4\
\x0bT\x1b\x05\x04V\x13.B>\xa8P\x9e\x82-\xbc\
aBF\xa9d\x00\x8a!+y\xd4\xc9\xcfD^/\
\xfbCE3D2\xaf\x9e:Y\x91\xf2\x0eRb\xa4\
\x15\x16\xe7A\xe0]\xf8h\xf3R,_\xfc\xf53O\
\xf2H\x93\x05\xab\xc9\x8d\xff\x90\xe57\xc3~\xfd\xdf\xa7\
\x82\xb8\x84\x22\xefM\xb8j<\x92\x03BN1\x84\x15\
XP)/(\xcfq\x16\xdaA\x90*P\x93#\x0c\
\xc0(\x0cP:\x8c8\xca\x8e5\xaa`\x8cB\x86E\
t\xf3\xb2\xae\xe8\x18\x01\x9a\xc8\x94\xff\x17\xd6\xd5h\x8a\
\x83\xd6 a\x87\xa0\x16/\x1c\xc3\x02\xdf\x10SL9\
\xeb\xde\xf7\x91$\xa5b\xc1\xcb\xe1\xbe\xe9:}a\x96\
\xbc\x9e\xde\xf1\x9a\xf7m\xc5\x0a\x92\xfb\xd6\xb9@#V\
\x0c_N)XJ\x9cWNWTN\xde\x9f\xcdQ\
\xd9I\x9cn\xa3\x06A\x17\x06(\x11\x18F';\xa4\
\x01\xd6\xb0\x0b\xa3\x16&(\xa9v\x00\xf1x\xbb83\
>\x91\xd7\x05\xf6\x1f\x00\x04\x195\xe1\xe5\x10\xf7\xad\x81\
\xec?\x00\x13\xd7\xe2{F\xcd\x83Xy\x18,\xbb\x16\
\xa1\xe1\x9c\xb2\xad(\x83*W\x93ey\xc7b\xf2z\
n\xc7{^\xdc3R\xeb]\x9eay?\x81\x94b\
\xd0X2\xd6$\x8c\x88\xe2\xd0\xbd\xde\xee\xbd\xa0\xc1\xbb\
H<X'\xe1i\xf6\xc3p\x189\xe5(L\xe4\x8c\
\x0a5\x09\x8cB\x91L8+\x9c\x1e\xcc\xa6\x06\xf3\xde\
\x87]=3\x08$\x1c\xf5\x17\xb2hE\x81\xe0]\xc5\
\xeb\xc6(\x83\xcf\xe1\x1c9>\xcc\x102`\xccc\xd5\
\x9dAH\x99wF\x8e\x7f\xed[\x89\xf8K#\x9eL\
~\x1f\xfe!n\xe3\x16\xf1u\xaax\x8bU\xb7\xde\xec\
I\xae\xd6\x86\xf5\xc3o\xac\x82\xdb\x04\x0c\xf2\x01'\x1d\
N\x94\x88\xca\x16\x11\xc5\x0cN!T\x96\x1ab\xddE\
\xf6\x9c\xbd\xd5\xe4,92MxJ\x22\xb0=u&\
\x94\xc9\xda\x81!;\xdaG\x9c\xe5\xa8)\x01\x16$\xad\
\xa9\xef\xddI\xbc\x81K\x06\xa5Q\x0b\xc8sR\x98\x8d\
cI+d\xa6I\xa92\x092\xd7\x93\xde\xcbz\x7f\
\x80\xff\x1a\x93\xe6\xa6\xff\x0b\xe6\x17\xe5\xc8\x0dkH\x1e\
1\x08\x1d\x0f\xe9\x85+\x08\x02URX\x17\xee[\xb9\
\x1d\x0e F\xf8\xa7\x5cxr\x1ec*E\xa4\xb0\x9f\
\x1e\xc6\xbb\xf3l\xdfBd\x9f.Y\x05\xffQ\xccY\
BEk0@\x0bXT\x9fW\x87\x97\x92\x1d5\xe2\
#\x12\xe5\x1d\x04/R\x0d\x22\x82\xdc\x166\xfc\x08\xe6\
\xc6\xca\xc2l\x01\x03!\xd7\xda\xdc\xbb\x8a\xd6{\xc0=\
\xf4\x9e%\xc4o\xca\x91?n\x92!\xad7\xd9\x5c\x95\
<\xa8\xd6\xcc\xfd\x15\xd7\x8e\xc0\x14!i\xa4\x0f#:\
1jQ$V3l\x09\xf1\x88\x13\xef!K\x81\xc4\
\x0a\x05Hd\xc5\xa4O'\x92\xf8\xffK\xde\xb9\xac\xb7\
\x8d$Y\xb8\xca\xe0\x05\x04o\x92\xbaz\x5c_-\xbb\
\x17\xf3\x10\xb3\x92\xcb\xd2\xfb?\xd2 \x18\x87\xf1\x07\xc3\
a\x88\xbd\xb1%\xf7\x012#\x01Q2M\xe2 \xae\
\x99p\xf2\xb8\xd0\xb15\xfep%\x87\xa8\xb4\x84\xb1\x91\
\xe38\x06q\x1aT\x9e\xd4\x93\xdc\x81:f4<\xb1\
\x8eo\xd6\xd5\x8b\xab\x93C\x04\xf1\x8c%\xe3\x0dK\xfe\
\xab\xe6\xe0\x1aCV\xe3\xec\xa4{N\xc9v)\x10@\
\xb0\x89\xd0K\xe5\x07\xc7K,\xc1*p\xd1cW)\
\xd2X*\x8b\xe4\xe0\x22\xe6\x0a\xe6<\x9ch\xc6\xd6\xf8\
mq\x82\xf86\xac\x89\x88u4\x94\x96\xfa\xc6\x18\x03\
#\xa3J\x12\x01\x9dr/Wr\x04N\xb2\x05\xb7\xbc\
rN\xba\xc51\x9as2)b=\x9b\x5c\xbb\x95\xb1\
\xe4\xeb|\xe5\xbc\xfc\xf2,a\xca\xd4\xcb\xf3q\xbd^\
\xef\x0eQ|\xe5\x04A\x83\xe0\xa8geR(\xc1\xe1\
2\x08`\xb5\xc0\x18wY\xc8\xb0\xcc\x08I\x0e':\
\x0eH>\xf8p\xef\x02\xd4\x17\xd5\x1f1\x00\xd2.\xf0\
\x12VV\xbf^\xfc\xe1\x08\xb6p#\xc0\xe6\x92\x807\
w\x10\x06\xbe,\xa1\xba\x90\x80o\xda\xe4x1\xbc'\
Y\xdf\xc7if\xc90{\xef\xff=\xb6\xd6o_,\
\x96\xb5\xb58\xaf\xc2~\xf3`\xc4C\x87\x22lw\xfa\
\xe5`\x0c\x89\x12Y\xe2\xc7\x0e\x86,\x81\xd0\x147v\
\x14\xc8\x82\xedT\xafpO\xe3q\x8e\xe3\xc0\xd21\xe7\
K6to\x87\xc1R\xdc\x1a;~\xc3I\xc1\x97\xbf\
\x08;\x02\xbbVV\xbc\xa9E\x96\xc6\xa4bD\x13i\
\x13\x8b\x06\xef,\x14\xfc\xe9\x85I\x98\xbf8.\xf9\x90\
\xbd\xe9\x90IA\xf1]%\x08\xfe\x08w\x1dd\xc5\xd8\
\x1c0\xc64\xe8\x91\xb3\x0aA\x92\xb1\x0dXi\xcc\xbd\
\xfa\x86\x05\xa4\x93[]\xe0\xeaC\xbb$y|\xe5\xc4\
uV\x82\x9fk\xa0C\xef\x1b\x16\x82\x14\x02\x90\x5c0\
\xc1@\xa8QI\xee\x1e\xbd\xe7v\x17S\x96Y\x83\x09\
&\xef\x9d\x88\xb0\x93\xc4#9fq\x1d\x9f\x7f\xe5\x12\
\x15&-[\xb8w5\xcdJ$J4F\x11\x04n\
\x90\xdf\xe5\x1c\xe9\xef\xbb\xa1,6\x14\xe9\xf4\x87\x0e[\
w|\xaaC\xcc*\xdf\x82\x1d=\xf6\xc5L\x82\x0b\x86\
\xb8\xde}\x0c\x01t.\xf4\x8b\x1f\xeb\xa8\xfc]\xa48\
\x04g\xd0&(\x94%\x8a\xc0\x93\xe2\xa7\x80\xfbh\xb2\
\xbd3\xc6\x95\x07\x18\x0b\x99&\xbb\xbd\x1cx\x93V\xf3\
\xf8\xfb\x97_\x91%\xaf\x01\xfb\xbf\xfdmf\xd6x\xad\
y7[s\x97=\x0f\x03\xc7\x91k\xca\x18oe\xc9\
\x98\x8b\x15\x00\x0eH\xe4\x00N\xc5$\x89\x8d\x0f\xf6\xb8\
\x16\xd5\x02\x0a\x0d@a\x15\x03e\x90\xa9\x9a\xb5S!\
\xfd\x07\xd6K\xecy\x9d\x8eM\x5c6\xc7a\xca\x7f\xd7\
\xc7~<\xe9\xc4\x04\x03{\xc3\xef\xda0\xd1\xf0]$\
\xba\x8f\x87$*T\xaa\xfa\x85\x11\xdf\xcbVM\xdd\xfd\
\xdcQ8x?\xa9\x8e\xfe\xb0Z_\x0c\xae\x97\x97X\
\x15\xe3\x17\x01\x8b\x87\xccJd\xb8$D\xbc\x1e\xd4\xf2\
D0D\xdd\xd51\x97l\xd9\x91\x0b\x9d\x92nw9\
\xb6\xc0\x98ZNi\xd4(\xed\x0e\x12\xe8\xee-6\xb8\
l\x08q\x90\x14)\xa2\xb4\xd5v\xeb\x16\xc0\x5c\x80`\
Q\xfc\x09\x91e\x9a\x85\xe8\x15\x04\xe2\xdf\x85-\x0e\xde\
o\x927\xc4\xe7\xff\xe9}NR\xba\x04\x0d[\xb0\xc9\
\x90#\xd8\xaac\x98\x02_U2\x04\x9b\x19c\x14\xb6\
\x9e\xce\x93\xa9\x92\xe7_)[R\x97\xc31%\xb2:\
\x9c\x8f\xbaz\x8e\xc7i\xb3\xc2\xf3H\xb2\xba\xe7\x95(\
\xf8\xe1:ec$L)\x19\x8f\xce\xa2\x9a\x90\xe43\
\xae%\xc2\x98\xfd\xe1)\x18.\xe2\xda\x5c\xc4m\xde\x07\
\xb0\xc5 \x01\x03\xa2\x873\xc7:OC\xec\x88\xd3\xa1\
v \x9eKa:\xa83A\xb3^\xd0\x00\xa0*\xf9\
\x7f\x13>\xee\xac\xb0F\xa5P\xb7S|z\x107\xb0\
$\xdb\xef\x15\xbfS6\x84\xb3D\x1f\x85\xe5\xdeg\x83\
k\xf3).\xa9_\xc8\xd6B\x89\xec\x8e\xa7\xa8\xe8\x95\
\x0e\x19\xac\xcbt\xd8\xe4\xa3\x81\xb1\x1f_\x89A\xbaC\
\xad\xc7nQ\x8d\xc8\xb1 @\xd5Gd!\x05ZD\
w\xe9`\x87\x8f\xb8\xc9\xebF\x1f2O\xa8d\xa8\x0e\
p\xd4#\xf3\x8a\x7fK\x12\xea`\x9c\x01\xb4\x1f\xd4\x87\
7\xe8\x92Z\xfb2\xddU\xebBYg\xe5\x88\x80\xfa\
\x9f\x81\x9c\xb7a\x96\x14zq1@\x93Q$\xb1\x19\
\xf2\x9b\xd9w'\xf1\xfe\xebpd\x9e\xa3\xfcuV\x22\
\x9bcL\xb19\xee\xa3\x12!}\x1a\x1a\x94\x8c:\x18\
\xc2\xae\x15Arm\x89KP\xeb\x91\xc4\x10\x80\x22A\
y\x08eB\x09\xf3@\xac%\xcf\xa3\x5c\x91\x90\x02]\
\x81\x84\x03G$\xe7\x91\x1d\x1f8F\xa2\xacl\x97\xf6\
\xc2\xf0\xd2\x01>\x0a\xef\x9f\xf0Z\x13\x16+\xa5\x95}\
\xd8X\xbc\x90\xc4\xd1\xeb\xab\xbb\xbeW\xb5\xc2p\x88\xae\
x\xf2\x8e]|\xbe\x87i\xb5^}\x9a\xc9\xf1\xcb\x90\
\xe4Z\x9c\xf5<Xu\xef\xe1\xaaF\xf6;\x05\xb3\xb6\
\xc3\xdc(\xcajj\x14{\xfb\x15\xf36\xd5\xbb\xb7u\
\xbc\xd1\xf7\xf9\x8f\xa9\x94\x8c\x94lF\xb9\x11\xe7#B\
.\x99\x10:*@k\xb0\x1cC\x99\x98\x1f\x92~\x89\
>\x1cC\x1c\x1f\x86N\x81\xc6\xbcu\x22\xc9\xed\xf4*\
f\xadIB\x18\x8a\x94+\x88\x98\xcf\x18&\xac/\x08\
\x92F\xd2\x1f\x83\x1d\xa1@\xc0PY\x22\xa2\x5c\xccH\
\x9f0\xb1\xb5\x00\x17k)\x7fxxq\xd6\xe7\x99\xfb\
\xfe]zlF\x05\x8b\x03\x95&\x9b\xa1f\x0cQ&\
\xe8\x10\x83\xcaL\xd1\xe0\x1a\x22\x83!\xdb\x9b(Vc\
h\xa9\x97\xc3\x8a\xb9\x815o\x92\xbe\x81sB\xad\xc5\
^\xd3\x8c\xeb\xc2\x15\xac\xc3\xc0,Z\x18\x02\x17\xf6\x22\
\xd0\x9e\x9f\xf4JF}vS\x5c\xeaS\x87'\x13\xfe\
\xbcA\x02P\x84\x0cWj\x8c\xa3\x1a[\xc8\xea\x8e\x5c\
\x9bw\x92\x06\x1d6\xe0b\x18\xfc:YY\x8cK!\
\x89\xc3d\x01\xae\xbc\xbe\xf6\xc7_Q\xee\xef\xd3z=\
\xeec\xd2\xf3\xe4eY\xa9\x987\x7f,\x82F \xb9\
z\x10$\xba>\xfb1\xecr\x1e\xbd \xf8\x01vq\
\x87\x85%\xc9\x15\xd6\x11Q\xa5l\xfa,\x19S\x22\x03\
h\x17F\x11a\xe0\x8b\x8d\xd4\xd0:\xd6I\xf2\xf7\x01\
\x1a\x85\xee\xbbS|I\xcd\x10+.\x99Q$I\xc9\
\x19\xea\xa6&\xd0e\xddp\x13\x1b\xdem\xad\xcf\xb1\x94\
0\x8e\xc3\x0d\x19%\x05\x8eT\x1f<\xb8\xf3~\xbd#\
\xad\xd6\xab\xff\xfb\xea\xaa\xe4c\x93C\x8b\x1e?\x0f3\
E\xf8\xf6v\x14\x9a\x98\xa4\x06\x1ez\xa8G\xc0\x13!\
\x82%h\x16x\xd3a\x87B\x01}:\x04\xe0|\x90\
\xfb\xe3\x18\x84;px\x03,gE'\xc0\x01\xd6\x5c\
\xe9\x0c.x\xd0\x80\x98\x18\x8eR\xc5\x846q\xd9*\
\x91Z\x8f\xbf[\x02\x8a\x84 \x17l\xa8\xf9\x92j>\
/\x14\x0b\xdf\xd6\x05\xdbt\xee\x83\x0c\xae\xd9\xde\xda?\
\xff\xf6\xc2\xa3-> ^\xc3\x15\xf9}\xe6|\x5c\x0a\
\x16\xef\x95\x83>\xc0\x0d\xa8\xb0\x88!\xfcu\x97\xb79\
\x92\x0e;\x94\x08\x0c\x99pF1\xbd\x9b\x1aB\x82A\
>@\x99d\x8f\x18\xff\xb9^\xc9,.\xe4\x83\xba\xa2\
\x1c\xd2\xc1!\xaf\x97\x14\x9f\xaa\x92\xaa\xcb\x15A\x1eI\
\xde\xaa\xb2,\x00\x0f\xc5\x05zd_\x19S\xe6M\xde\
\xc7\x97a\xde\xc7\xd1\x9a\xf7\x90E\x84\xb1\x0d\x8e\x0c\xe3\
\x80\x16\xd1hhJV\xae\xff\xbf\xd3dQ\xe0\xf0\xdc\
?&GD\x91\x979\x9e\xb5\xc5\xa3\x1cUe\xd2\xe6\
\xd0q\xd2@gpE\xcc\x97\xa1c\xcb\xfd\x0bc\x8b\
\xc4H\x17\xf6UW\x81\x02\x01(\x0c$\xd9\x0bpD\
\xea\xb2Gb[\xc1\x95\xfc\x12\xc0\xebO&qX\xf2\
\xdf\x13\x9b\x1a@\x95=\x09\x96\xef\xa1\xf5L8 \xc5\
h{-\xc7/\xe9w\x93\xa3d;_\x0b\x8f2\xbe\
\xd5\xc1E\x84\xb76\xf0B\x822\x95\x9d<\xbc\xd3\xde\
\x12\x8a/J\xc0}\xe4\xb5I\xbf\xee-)r\xf02\
\xf8\xe3\x9e\xac:i\x90\x16\xd5c\x97\xea`\x06\xa17\
\x82&.vt\xb6\xabuk1L8\xebM\xbcw\
\xdeQ\x1e\xe4\x05\xd5*-\x18\x1eQ\x1d\xb4\x1e,\xa2\
\xc51\xb2B\x5c\xd1\xcf\x0a\xe7\x08\x06\x047\xd3\xfb\xca\
yG\x97\x9d_Rj-\xa1\x08<!\x89\xd4%\xe2\
G\x06N\x0fI\x1b\x14M\x1f\x85t\x928\x9b\x15\xa8\
\x12l\xaem,&\xb8\x99I\xf2\xf7\x07\xce\x94\xf8\xfb\
\xfe2\xacW\xac\xc87nV\x84yU\x98\xc5G\xd0\
Qdh\x8bye\xdb\xaa-\xcfJWkjy\xf9\
\xc2\xbd\x95\xe2C.\x1e1\x03Mb\xcdDM\x94k\
\x91a\xfa\x13\xf6R\xc7\x84\xc3\xc9\xa5\xfaE\xd4W\xc1\
\x94\x1b\xa3\xae\xc4\xbd\x18\xf0\x86\xb1\x18\x85\x099\xd9\x86\
\xf3\xaeN\xa8E\xd0\x1c\xc8\x1ba\xd0'\x11\x91\xd9f\
\xd680\xb4\xc5\xf3\x92\x17L2\x1dmb\xc9\xf0\xfc\
\xdb\xc7\xa6\xc8\xf3\xc6)\xe2\xb8\xdaX\x16\xa4\x18Z\x9b\
*N\x0e\xcd\xddd\x18g\x19\xb3\xa8\xf9\xb8]:\x86\
T\xcd\xcb|\xed\xa1X\xd08\xa4\x19{\xf6\xe2\x91\x93\
\xa9\xb3n\xd1!o\xaee\x0e\xb5\xb6\xa2I\x1fhh\
M\x03\xd3->\x8c\x97\x1btx:\xb4\x5cb\xc5_\
i\xb0\xe0iS\xfdb\xdb\x12zM\xb2\xab9xj\
\x13\x18\x08\x17\x13w\x94\xf4\xa4\xc9e/\xb5\x11\xf1M\
\x86\x16\x19\x94t\xb7nh\xcc\x0a&a\xb9j\xb72\
\xc7\xd5j&\xc9\xcbG\xf3HxZ\xec\xa7\x99\xe6R\
\xfb{\x15g\x91\x00As$\xba\x0cK\x93DP\xca\
\x19\x1c\xa1;\x06\xaa|\xad}/\xb9\xde\x86\xb1\xa4<\
\xa0Ga\x86\x86\x80Ey\x97\x16\xae>\x89\x09\xba\xd8\
\x83!<\xcaC?\x17K\xe2\xe5A\x94\xb7\xd5\x0d\x96\
\x97\x84\x80{OX\x98rHu\x84\x82{@\x13\xe6\
\x11K\x15\x0f\xdf\x16\xa74U\x0e\x86b(k\xecg\
\x1b\xc4\x82j@\xab\x0a\xc6\x0a!\xd3j\xf5\xc9H\xf2\
\xd1\xea\x80_\x83\x22\xdb\xc9L\x10)\x11\xd7 $B\
\xack\xd0\xd2\x04\x9d\xfc\xa6\x85\xc5d:\x976\xac)\
\x11}\xbf\xa0I\x14\x1e$\x0b3\xea\x01N\xb4\x0b]\
\xd6h\x87P\x1e6\xce8\x96Q\xc51$\x1c\x91\xf4\
S\x9d:\xc1\x93\xe7\xb9\x0a\xfd\xa2\xe1\x94Nbu\x05\
O \x8b\x06\xf0D\x1a\x04\xa9\x03\xc0\xe7\xee\xc3\x1e\xf8\
\x22\x92L<\xe9\xaf\x06jS(N9Y\xc5\xfcL\
\x92\x19\x1fp\xfd,\xa3\xc8*\xa6GlVo/z\
)\x1a\xf9@\x5cjf#\x02V\x1a\xb8\x09\x07\xb7S\
\xd5m\xef\xc0\xed\xb1\x99t\xde\xd0\xc6\xf6\xae\xe0D\x97\
#8\xa4\x03X\x13D\x91\x16\x09\x95\xa1\xb3\x99\x1a\xf0\
$~\xd1\xf6\xce\x87aL\x8e\xb1\x05\xb5*\xc5%\x11\
/\x88o\x15f,\xd6\x04\xe3\x87\x90 \xe9\x96O\xb1\
\xd6\xa1\xb7\xaa4\xd0\xd8\x0e\xd3J\xaa\xab\xad*\x81\x0e\
\xbb\xd9s\xe7y\xfd\x1f\x84#N\xea\xcf\xeb\xf5F\xf7\
(\x8a\xe0u\xd9k\xa0\x0f\x02~t\xea\x85\xa3\x8aQ\
\x0d\xb5R@\x15j\x01\xc1\x99vF\xad\x92#\x04\xb5\
\x5c\xd8\xde2\x83\xdbv\xf5\xca5\xe4\xea7\xd1#\xff\
\xe8,)t\xdc\x11\xcb\xd0+\x12\x00\x85\x12o\xb4 \
\xd7\x0c\xd7\xecbom\xe5\x09\xfd=\xf2\xf4\xde\xed\xb7\
\x1cY\x08b-\xda\x14X\xe7\xdch\x9d\xd7\x87\xc3$\
\x92|\x90 0O\x14\xfe\xb4^o}N\xd0\xfe\xb8\
[\x89\x14\x22BY^N\xb4\xe1\xb6\x018hA\xa8\
\xbdA\x9dwH\x02\x11c!\xcf-\xc4\xea\x0a\x15\x02\
9\xac\xeb9\x22\xf5\x01\xe0H\xb6\x88\x9a\xcb\xff\xac\xee\
\xecO\x89\xd3\xd5\xcf\x0b\xd04=\x9b\xe0H\x8f\x13\x91\
.eW\x02y^K\x9b*ifda\xa1r\x8f\
i\xc1\x02\xb0\x15\xd8Tjw\xb3c\x8by\xc1\xc4w\
q\xfah$\x91\x0f\xfcAl\xad\x17Qd\xbc\xce7\
\x0d\x0e\xa8\x89\x10\x92\x90\xc7N\x91Pm\xcaR\xc8\xca\
\xb6\xf3u{\x82(\xbd\xde\xad\xfb\x03C2r\x5c\xab\
\xf8\xea\x0dn/J\xebp\x1e\xf0\xc6[\x15\xc1)#\
\x8a\xc6\xd6\xce\x1c\xc7\x80S\xe54n\xbe\x89\xc4\xca\x94\
K\x81,\x05{$\xb6\x17\x8eI5\xbb\x98\xc8\xdfs\
d\xf4\x0es\xabZZ|W|\x87\x817W\xe6R\
3\xb8\x18\xbd\xf6\xfa\xb8W6Q\x8f\x89\xfb\x00\x1c\x99\
)\xfd\xbbe\x0e\x15;\x09W\x04%\x02O\xbc\xe9\x98\
\x0c|peQ\x85\x94\xd8o\x05Fr\xc2\xa4\xd6\xe5\
\x931\xb2\xb0\xb3\x16<u\x92\xde\x0e.\xce\xde\x19?\
;\x1ff\x14\xb6\xe8xF\xf0\xe5\x0cal\x87\x13&\
\xf9=\x5c\x1b\xa1\x9a]\x0c\xc9\xa6XW\x0b\xbf\x98\x0e\
,\x8aPA_}v*\x81\xd1\xca\x05\xd9-\x01p\
D\xb2I}\x15l$\x90yU\xc7\x95\x93\xc4\xde\xbb\
i\x92\x8f2\xcb\xdd\xdf\xe6L\x91I\x89\xc3i\xe3@\
]\xe2\x8aG\xc7\xc7@\xbf\x04\x0a\xe4\x16\xd7\xb4\xf6\xae\
\xe0{\x13\x0e!G\x88>\xd0K\xd5\x15&\x95\x01F\
\x00.w\xd1\xc3p\xb2\xe6\x9bH\x00\xfcHg\xad\x83\
6:\xb2\x06]\x1a2\x8a\xac&j6\x9f\xe21\x1d\
\x81\x94\x8bgB\xd9d0\xa9AE\xf1N\x00\xd3\x12\
\x9bB\xf9\x5c#\xf1\x9fC\xd7\xd1\xe0,\x19\xaf\x95h\
+\xd3$\x1f\x22O\xe2s\x0eM\x8b\x5c\xefJ\xe8\x0f\
\x16\x0d\x97@_0g\xc4:\x04c06\x8ez\x0c\
X\xf1\x9d\xfbY\xa3D\x14\xaaa\x81+\x8d\xe4\xb2B\
\x12\x98\x11z\x03vx\x1a\x9d\xb0\x14A+\xc0\x15.\
:\xc0\x89\xca\x0dF6\x06\xce\x06\xc6g\x11&s\x0d\
\x18c!KD\xd3`4\xd9\x13o\x80\xe5Zr\xb0\
+\xc5\x7f\xbb(p\xae\xe2\x020\xc4{\xb0-\xca\xe4\
^H}0r\xac\xb6r\x1b\xf73I<\x99\xf8\xfe\
\x0d\xad\x99\x22\x9f\xd6\xab\xd1\x0b8\x8e2\xb4\xf0\xd7%\
q>X\x19\x19\xae\xbcebI@\x917\xd5\xc8t\
\xabA\xe8\x9c\x1f\xde2J\x86\xb0\x8f\xeer\xa4\xebR\
\xf2\x1c\x1d\xde\xc5Y\xfb]8\xd1\x97\xb3\xf5\x15\x85\x8f\
\xe1\xfc\x1bHS\xb2;\x82\xef\xd61\x95\x8b\xb5\x5cp\
K\xe0II\xbc\xd3\x13\xf2\xaa\xe8\x93#[\x88\xe2G\
\xf7\x82\x22&\xae\xa4\xd5V!`\xf3I\xde\xb9\xdf\x1e\
\x8f\x15y\xfd\xb4Y\x8f\xc7\xbc\xac\x83\xed\xd9\xa4\xec\xed\
\xa9\x0drieki\x90\xa5\xf4!(\x14)\xa5\x8b\
1\x91*g\x0b]\x80H\x0f2\xc8\xf7g\xeb@\xd8\
D\xea\x80\x1f<\xf8\x189o\xdau\x02\xa1\x1f\xf0:\
\x90\x7f\xff\x84V\xc2\xdb7Q\x10\xca\xce\x99\x83\x11\x86\
\xf5\x08\x14\xedb \xbeP\xab\x22\xb4\xae\x0a\xa0\x108\
\x8a\xaf\xfb\xea-\x938\xf3w\x81\x07\x98\xc8 \x9e\xd6\
+\x0b\x01\xbf\xbc\xdb<\x09+\x1e](bo\xdbc\
\xbe\x86d[Q\xbd\x99\xa5u\x85$ T2\xc1\xc3\
\xca\x0cIJO\xd42X{-J\xf6P\x1f&X\
Y\xe4\xe0\x92zt5G\xd4L\x91\xd7\x0b\x95\x91Y\
2\x8b\xd2\x1e\x1e2U\xec\xd0\xfaY\xdeP\xe3\xc4\xcf\
\x91\x99#\x8f\xbc\xdc\xff\xae\xa8Q\x18b\x03{{:\
\xb6A\x04\xd9j\xf10\x96\x179R\x93dM\x98\xac\
\xe8\xd2G\xe8\x13\xb5\xb9\xebV\xe1\x9a!Y\xcc/\x08\
\xc2\x17}\x07Q\xb0\xbbfl\x15~\xdc\x19I\x94J\
|\xb7$1k\xf0\xcbn\xbdQ\x85\xd6\x88\xf7\x01\x1d\
LT\x9a\xf4\xd4`\xbd\x07\x0d\x96\xa7SQ\x8b\xbd<\
#\x17%\x02\xe4\xaa\xea\xb2\xc0\xbc*si\xa97\x94\
\xefQc\xba\xe12 \xd1 R\x07\xde\xe6\xa1\x9a\x06\
\xc8y$\xf9x\x91\xb6\xebx\x96\xf1\xfb\x0eI\x80\xa5\
G\xb8\x18y\x13(\xb6\x06\xb0,YA\x8f\xf4\x89\x0b\
\xd8\xc2\xc7\x08E\x1c\xba\x1da\xe9^\x85\xa1(\x92\xb2\
\xaec\x09w\xf5\xa0\x04\x18\x0fW\xb7\xb7q\xbd\xfe\xf4\
\x9eg%J\x8b\xfc=\xac7\xd2\xd2N\x11\xf2\x85\x18\
\x93\x86\xea\xa5/\xe9\x11Z\xc7\x0b\xfa\x82\xbc\xea \xfe\
\x87\xf6\xa6l\xd1:\x03\xc9\xe9\x92\xb5.\xc9\x0e\x1b\xea\
B,\x9c\x00\x0f\xba\xe4m`\xbd\xf0\xf8x\xe9m;\
\x9f\xe7fc?m\x03\x83\xc9s4\xfb\x91\xfd\x1d\xfb\
\x0d\xd7<\x99d\x85%\xd2/B\xc9\xaf\x90y\x94\xa3\
\xc2\xe4\x14<\xf9cq\xe5\xeb\x0a\x90\xc9\x8b\x9b\x00u\
\xc1K\xb9E\xbe\xb7\x02\xbe\xe7\xfbS\xefN\x95\xd5\xd6\
\x03DF\x92gf&\xbe\xc3B\xdf\x97\x979\xf86\
\xad7n\xae`h\xa5<\x88\xf5\x1aW\x860\xec\xe7\
\x8a\xd4LH\xc7\x96\xa2\xe1\xc5\x0e\xea\xb8\xbbi\xea\x90\
\x04?\xe4fnm\xadm\xa7\xc8\x8a\xa8\xae\x0d\x1e\xe0\
G5\xa6L!\x9c/D\xb0\xfe\xf1q\xde\xed\x8cH\
a$\x99\xe1\x84\xb9l\x97\xd3\xfez\xeb\xec\xf8|6\
a\xf0\xd7;\x89\xec\xd5\xfaw\xaa\xafsR_\x12,\
@v\x22\xcbM4\xf1.,\xaf\x02\xb1\x83V\x16\xac\
\x07ce\x89Z\x05\x19x\xdb\x17\xd9\xb2ADJQ\
\xb9\xac\xedz\xf3\x05\x92\xbc7\xbc\xbcx\xd4w\xb5?\
\xda\x15\xc7*\x8c\xf8\xec\x22Iu\xdb\xc7\xcdBE\x16\
e\x8b\xfd\xb2\x0e\xbb\xe5U\x18gH\x1av\xa8\x11y\
\xebU\x87\x80\x9c\xfdPg}\xa9\xd6E\x8d@\x10l\
!|r\xd7$\xae\x11.\x0cy\xbc\xaa\x8cY\xdaI\
q\xc4\xe9r\x8e\xe3\xd8\xc5\x0f~`\x22\xd4\x08\x1a\xe5\
!\x91%)\x13\x02\x09\xb5\xd0\xc5D\x09w\x11\xf0\xf2\
\x8e\xb9\x8b>\x98\xe0\x89\xed\xea\x001v\xefy`\x83\
\xba6\xbd\xa8p\x0cd\xc9(s\xb0\x06\x14\x89X2\
\x8a$\x9b\xf5\xf0\xe2+A\xd8\xf6\xce\xd4\xc8\x8bG}\
\xd7;=tg\x03-\x08k\xc1\x8f\xcd\xbd\xc1,\xee\
/\xa0\x22\xe6RwK]\x87/)\xc4\x1c\x11G\x13\
\xc8\x8a\xcaYX\x82s\x0e\xce\xe4\xc1\xd5\x11\x84z<\
\xcb|\x92\xef\xe1\x94\xf0k\xdb\xc7\x80\xf3\x1c? \xfd\
\x14R\x03\xfd\x9e\xfe\xa1\xf3\xd9\xb9\x06C4*\xf1\xe2\
\xec\x9bP\xae\x8f*!\x17\xaf\x9e\x1c|\xf5J$B\
\x16\x8e4\x18%\x1aEB\xea\x04\xdb\xe1\xae\xd0\x16Q\
`/\xddR\x9a\x84\x22\xe0\xd7w\x9494-\xf2\xbc\
Z\x0f\xfe\xc8\x84\x89x\x16\xce\x08\xdd\x7fR\xb8\x98\xe7\
\x19\x08\x80\x9b\x92\xc3%\xa0\x04O\xa8\xbe\x08\xb3*X\
]\xc4w\x81\xbaB\xfa\xea\xa5\x9f\x81n\xe6nW=\
\x9eq>\xb8\xda\x1bp\xfeI\xb2\xe2\xa9\xfbM\x08&\
B\xba\xf9\x86\x1fT!>W0\xbb\x0b\xff\xdd\xc9\x02\
\xa4IH/\xd2\x95i\x8b<\x14\x08\xa0I\x16R&\
\xd0\xa4\xbdS\xf6\x91-H\xe2\xabf\x1f\x8d$f\xd5\
\xa0G\xde\x11Klf\xee\xf6t\xb9\xdc\xf6A\x0d\x97\
\xc3&X\xdf\xa8\x0e\x8e\x174l\xa4f\x97j\x17A\
>*I\x11\x1e\x8b\xc0\x12\xbd\x05\x89&2H\x12[\
j\xf9\xe1\xb7\xe9\x0f\x05\xa2\xdc\xd78\xcb\x0b\x97\xa9$\
5\xa2AO\x1c\xd4E\xc8\x87'\x97\xfc\x015s_\
dj\x85\xdez\xa8\x9a\x84\xac<\xd5a\xb7\x06\xd71\
!\x0a\xfd\xcb\xea\x8f\x0d\xda<\x89\x082\x95o\xa2{\
^I\x89\x01\xc3\x90\xbbu\x09n\xc9\xee\xe09\xb9\xf5\
\xea\xd3lm\x19\xde_\x05\x8a\xf9\xeb\xb2a#\x99\x8e\
M\xc5\xb1\xc9\x96\x19=?\x98\xa5\x16\xd1B\xb8\x11\x9d\
m\xb7\x98B6\x0f\xd4\xf1\x8e\xa2E\xffx}\xf7\x86\
\xa3\x8e\x06\xe9\x0bq\xd1$\xbaDg!\xa7z\x16\xf0\
\xa3\x98VO\x8d\xb2x*Dy2i\xc2\xc6.\x9c\
,\xe9\xef$M\x15Ad<\xa2D`\x93\x04\xa6s\
\x11\x0b\xa9\xc502#p\x01O\x08q\xf0\x01\xb2b\
0>I\x84\x13\x1b\xd7\xfd\xcd'*2_\x0e\xb2,\
\x03\xad2\xf9\x1ag\xe3z\xf5l\xd7\xa3/\x9b\xfd\xae\
\xe2\xbe\xe6\xaf\xeb\xe1T\xd2\x1fT\xf6B\x0c?q?\
F\xc9%\x0d\xd2\x9bY\x84\xb4`\x89\x1cu\x81\xc9\xdd\
8\xa8\xb6\xdb\xa8\xd4)\xa6\xb0\xa9x\xa1\x0e\x1b\x0b\x05\
\xa2\x9b\xbc\xae\xdc\xf3\xed\x15\x9d\xd8\xf0d;\xdcx0\
\x1a\xf89o\xd6i\xf4\xc4\x0b\x9d%\xb0ILt)\
G\x1e\xaaX\x03\xa1L4\xb6=\x87\xb9\x0e\xc5\xde\xb2\
=[[\xde\x13\x06f\xa9G\xcc-\x88R \x93\x18\
\x86\xa8el\x11|\xff-jD\x94\xf9$\xe6\xb7\x7f\
%\x93\xf8\x8e8b\xfe\xba\xd7\xfc\x1c\x93\x8b.\xd1\x18\
V\x8b\x18%\x90\xb6\x03\x88\xd1\xafvM4\xab&\x0d\
\xa7\xbe$K-\x01F\x803\xd5\xed\x90C\xdd\x03\x90\
G\xed#\xa9\x03\xeb\xd4\x0c\x12\x19\x8f\x0c\x1eCr\x0e\
\x18K\xfcO<$\xaa\x5c\xff-\xbd\x03I\x12(\x12\
\x84\x86%\xeadG\x12&\xcc\xcb\x02D\x84\xdb\xc5\x87\
@~86\xc8^\x89\xc9\x1e\xf8\xa0J*\x82%\xe2\
\xb8\xdf\xae\xf2\xc6\x8b\xc7\xfe\x9e\x0a\xe5/\xc9\xc3\xcdz\
\xf2\x0bn\x5c%OD\x9b\x01q\x17F\x86\x8d\x9b\xae\
\xcf\x19\x86\xd4\xf2E\xdf\x02\xb8\xea\xd8\x0b%#\x92\x97\
t\x83\x1e\x052\xec\x8b\x97\x8e\xfe\x107d\xfc\x10\x9d\
zz\x98\xbd\xeeB\x90\x87\xe8@aP}\xc5\xa3\x84\
w\xd6\xc2\x84{\x82#R-\x09gm\xb94\xec\xaa\
\x07\x0bE(|\xf4\xbd\x80\xcfm\xef\x90\x9c\xb4g\xc7\
\x9d\x8cb\xa6J|\x7f\x95#\xacz\x8acB\x99\xb7\
0\xe8\xa0b\xb0\xebm\xd4\xf7j\xf9v'\xc9\xeb\xbb\
!\xc8e\xca\xc8\xf6b\x0e\x9e&\x16\x83\xcf\x14a\xed\
\x06\xef\x07\x93\xc3f\x81\x1f\xb9\xd4\xcdFA\x8dR$\
7o\x15e\xedsQ\x84\xea<\xa2Y\x06&\xa3\x0b\
\xd4\x9b\xe0\xe2\x9a\xcc\xd6\xbd\x0fd\xd5\x18\x1eI\xa1K\
d\xaf\x1bU\xf0\xa8\x0e\x0e0\xe0%\xa0\x7f\xdd\xa3\xc9\
d\x84=8O\xac3`\xea\xc9\xf2\xba\xc8\xb3\xe8r\
\xb2\xe1I\xe5\x90\xd2\x8f\x80\x19\x8c,X_2\xefG\
f\x9b\x04\xa4\xa9k\xc6\x9d\x02z\x14\x89\xda\x08c\x8a\
\xc1\x85l\xe6dUp\xb1\xf9\xc4\xc4\xbd\xf9\xed\xeb\xbf\
\xdfW\xe8W\xce\xc8\xd1\xaf9\xa9\x10\xde|\x87|~\
\x90\xac\xf6\x95\x9a\xc1\xa4\xb0\x1b\xa8]l\x092\xdd\x94\
\xc0/x\x22\x82\xee\x98\xa7#\xa0\x12\xeb\xcc&\x8e\xa0\
<l\xb3]\x90\xe6\x90\xdap\xff\xc2F&m\x83\x1c\
-\xfe\xa1\xae9o\xbd\x1a\xe0O\xb9\x0fc\x94\xf1\x91\
r\x8f\xc4\xd2\xdc\xe8\x82/(\x14\xeb\xae\xc6#@\x97\
\xe4\x95\x88\xfb\xc77\x04C\xc2\x91o\xa2\x5c\xdf\x9d\xd5\
;\xda>\xec\x1a~\x88\x18$\xdfu\xc6/\x98Ak\
\x04\x0f\xb6\xc3\x90\xc1\x96\x14\xb27qZ\xb1T\xca\xfb\
\x80-\xc8x]\xb2\xf4\xc0\xd5\x8f\xc3\x9eNH\x0a`\
(Qq\x9e\x98\x9b\xb4\xf0n\xeed\xc5:=\xba\xbc\
\x08K?\x09{\xdfn\xcaN\x12E\x0a\x22\xce+<\
\x5c\xb9q\x82\x1c\xd2\x1c^t\x18 \x07.\x97a\x96\
-\x19t\xc5\xdb\xc06\xeb|\xa03z\x8d\xd81\x0f\
\x0c:e\x22\x91\xe7\x11\x05\xf3p\xe1\xe1,\x5c\x99<\
]\xf9*\xa6@\xe5H\xfdC\x13T\xa5(\xe2\xbd\xc0\
\xc4\xe4\xaaQT\x0c*@\x12\x08\x22A\x90k\x98\xe0\
\x89v\xa9\x91!S\xa5\x08\xe8\x22#l\x18\xb9t\xc4\
\x9b\xcb\xc56\x5c\x0c\xbe\xe3\xfbZt\xcb\xb2\x87\xb6\xf2\
\xf5\xe8\xcf\xd1\xde1\xa7J\x92\xa3\x9b \xb0z\x0d \
\xd0RY\x0aJ\x19\xd3\xcbES\xa85#\x7fQ<\
1\xba\xb0\x04+\xeb\xc0,\xd7[\xa7]\xb1 \xc7\x8d\
\xf4\x82\xa96\xbf\xf7pq+|\xc7}\x80%\xc1\x8b\
y\xf7f\x02\xf0\x1a^\x96\x89\x12\xc0\xc5\x9fwL\xbb\
\x92e\xb4L\xbcW\x00(\x99\x22\x85\xe8\xdc\xa8S\xec\
\x8f\xe0\xe0[\xeb\xb6\xe7\xc70N\xb1\xb1\x88\x8a\xcbZ\
*\xaf;\x9c!\x04|\x10\x0f\xde\x0ek!Y\x95-\
\x14\xc9\xeeZ\xdd\xf8\x9e\xe6\xaf\xbb}\x9a\xf3\xeb.H\
\x95\xc4\xa9T\xd8\x0cC@\x1a\x8f\x12\xa8\xdeR\x08\xef\
r\xe1\xc1;h\x93ljy\x97\x16o\x10\x94\x17\xc9\
\x99u\xb1C\x22\x83\x02\xf6y\xd0$\xc6\x15\xca\x157\
\xb0\xa7l3x\xbf\x08^\xf7$B\x894\xd9\xf8\xfa\
kn\xa2\xa3\xc9D\x10IyFF\xe5\x07\xbd]\xe6\
n\xc9w\xb7\xce\x9a\xc0\x5c\xf8<eQ\x12oN\xd1\
-P\x96\xd4\xc6%\x11S\xc2N&p\xdff\xdc\xef\
&\x08N\xaeo\xb1\x80\xe3\xd6\x0a\xb7,o\xf7\x0e(\
b\x19\xcdg[\x05\xe5r\xa3\x1e\x83\x15\x05h\x0d4\
\xca\xb2\xda\x80\x1eKO\x04\xf5.0\xa5\x01>\xbb<\
v\x80\x0e\x89\x98\xef\xc9{\xeb\xca\xac)4G\xa9\x15\
\xf4\xf2\xddP\x22d\xfb\xe4!\x14\xa7\x02\x0b\x0bz\xc4\
\xb0\xe0\x8f7X#\xda\xfc\xf5\xf4\x8fj\xce\xdd\xe6V\
L\x94b\xaf\xf3\x83\x86F\xef\x04\xb1D\xb9w\x14j\
}^\xa3\x10\x0f&\x85(*\x97\xaf\xf3J\x0c\x9dG\
b[\xcf\x12\xaaOl\xb8L\x14F\xb14\x9d\xe1\xb2\
\x08\x84\xa7\xdb\xdfE\x0d\xca\xd7a\xbd9\xee\x0d\x0a\xfb\
vh\x16C\x11\x18\x154:\x04`\xcez+(\x13\
\x7f\x98kXk\x18\xdbE\xab1\xd0)[,\x90\xad\
\x9fr\xe8\xce\x8b&\xa9!+JM}\xe5\xc4\x1f\xde\
\xfd1K\xeb\x04\x1bK\xa6\xdf\x92\xe9\xe5\x12\x02\x16\x90\
\x98Q\xfe\x84za\xeb\xf1K`\x09K{1\x8d\x0c\
\xd7\x9de/\x04r\xb0K\xe5)\xbd\xbf\x1e\xf1\xc9\x8e\
%\xde\xdf\x8d\x0dKN\x91%\x99\xd6+=\x0b\xee\xa7\
\xab\x91(\x88\x9f1\x89\x09.\x00\xc9\x12b\x10.\x17\
9B\xec\xb7\xad\xd4\x22y\xd8sD \x1b\xcc,\x11\
@\xb4W\xae*`\xa9\x9eo\xa1\x9cvA\x10\xa3h\
\x10\x1c\xf3L\x0ag\x85vu\x19\x9c\xb6\xd7\xc1%\x01\
\xc2=\xfde]\x00\xa2\xba\x22\x01z\xd7\xcek\xa3J\
8\xee\x84%\xc23\xc1q\x07\xe8\x91\xf2\x94\xf8(w\
\xa42\xa5\xa4\x13[\x9a\xe0\x99T\x8aP\x02\xfc6\xa8\
\x90w\xb1;\xd8W}\xb22y\xbb>_\xdf\x81\x1a\
1K\xebt\xe1Ha\x06\xeb\x94Jf\xdf\xfc-E\
\x82\xf6\xb0qC\x0fr\x88\x0dP!\xc5\xd2\x0aj\xb0\
\xca\x09 \x95\xc6\xac\xdb\x02U\xa1\xfb\xbd\x18\x90\x17\x87\
&aZy\x8b\x8b<\xd4\x83\x88\xe0\xb2'\x09\xe0\xd5\
\x99*\xe2\x9e\xd3O\x94\xfck\xde\x8b+\x0fS\x18\x91\
\xe0T<\xd8Q\x17\x22\xaaK>~;Q\xf1\x7fU\
=M)\x97\xbc?(\x92M`\xd0-+\xbf\xdb\xde\
T7jW\xd7\x83<\xc3&\xd685\x92xl\x0b\
\x92\xfcD5\xf2b\x96\xd6\xe5\xb3\xd9\xc1\x0du\x92X\
\x8cr\xac\xeeN\xb3\xeb\xa3\xea<\x11\xef\x0bI\x88\xc6\
\xb3\xc0\xb5\x09GQ$\xf1\xb8A\xe6\x88\x80V\x83\xc8\
E\x9fw.:\xf7C\x0a \x09\x8aC\xd2\xb6\x06\xff\
D\xfan\xad\x81+ \xc8\x92t\x0af\x97X\xf2\x97\
\xd3\xd6Xb[\xa9\xb3\x8f~f|)\xe7\x02U\x99\
\x88\x1fE\x9f\xf8\xee\x98\xd4\x1a5\x22\x01 \x08(\x0f\
\xbbZ\x00\xd7\x95\x98\x12\x06\xbd}\xe5\x97\x0a\xe0\xbf/\
\x1cy\xfd\xa9\x1c\xf1\xd5\xb4\xb4~\x06\x04\xd9B\x13\x98\
\xe2\xe7\xa1\x0c\xa2\xa2\x94G\x8f\x05\x8b\xb1,t\x08~\
\x88\xd0<\x08\x01\x92\x00V\x1dMx\xf0\x16\x96JR\
!\x95 R\x1c +\x8f\xc4\x09\x11\xe2\x9f\xf3n\xcd\
\x04\xf0sz\xdd\x02a\x0a\x22J,\x9aTPH\x99\
\xa0I\x8c\x94rIf\x94\x87\xc8\xb3(*(sK\
\xca\xc3KZ\x92d\xc7\xc4Q\x9f\x9f\x88\xb1}\x87S\
\x22\xb1Yyl\xeb\xb8Y\xfd\x8e\x22\xf9If\x961\
\xf4\xebf\xb6\xb4\xf6zd\xaek\x8af\x11\x94\x8ar\
\xbaF\xc4q?x`\xaem\x84\x0e\xdf\x5c\xfb\x84|\
H\xacc\xdb\xbb\xea\x15\xee\xb7\x96\x89\xe9Q\x95E\x0a\
[wa]z\x10$$\xf7\xf7?D\x0fk\x821\
B\xc2\x06\xc1\x10\x93@\xe7\xa5Y\x0aY0\xd5\xd0S\
5\xbb\x029\xa8b\x01\x14\x98\xcd\x92z\xfa\x93gM\
\x9a\xdc{\x99\xd6{\x84-!K(8\x8aSL\xf2\
\x88\x1fk`qn\x22\xab\xcd\xd7\xe5\xd0{P\x01|\
8Z\x92d\xe6\x88\xe1gqD\x0e\xfbI\xcf\x18\x99\
\xc1\xda\x0e\xd12Q\xee\xafal\x95G_z\x82q\
\xd5\xaf\xe9\x10\x04A\x81\xb0\xceIU \xcc\xbd\xc5\xb8\
:G\x01T\xc9\x16>5j\x84 \x96 \xaf\x5c@\
1T\xdd\xf1?\xf3nb\x86\x8eo\xa0_\x90\xd2A\
\x8f\x84\xf5U(\x22\xd1\x15}\x11\x1d\x86,\xbe\xfe\x0a\
8yW\xe7\xf6\xc2\x91\xcc\x95\xbc\xea\x907\xb9&\xfd\
\xe3\x192?F\xc4\x08\x16\x97v|C\x9dxgj\
\xcd\x1e\xba0\xbe\xfc,\x92\xbc\x06G\xbe\xac\xac\x22\xde\
\xd4\xc8\x86\xa0\x95:\xa9\xbf\x02Nu\x99B\xdd.\x1a\
`^A\x0f\x81)\xeb\x02K\xcb\x11\xea-\x93\xa8\x08\
\xf3\x16\x0b\xab\xc4z\x8d\x1c\xd1n9\x82\xfa\x80 8\
\xe8\x99#\xd0\xc2\xb6\x02\xe3\x84\xf5F\x8f\x10\x0e\x98\x02\
\xc4\x92\xa4Z\x08\x7f\xe1\xfa\x00cm\x83D\x10E\x82\
\x8d(Z\xe5h\x96,\x13q\x93}gFVF\xf3\
\xc8\x86\xa2JH+:$A\xb2\xb7z\xa5\xc22\xda\
\xc9\x0e\xefY\x12\x8f\xde=\xcam\x87\x22?\x94$\xa1\
F6\xa7\xc3A\xeb\xa00W\xfd~d{sa\x89\
\xb9\xaaC\xd0\x1e\xe2H\x06\xea\x83\xa5\x17\xab\x89\xe5-\
+\x90Z\x985\xc3o\xae,\xd3P&\x9e\x17~4\
@{Tj8\x0f\x82\x15\xe0\xb3d\x81\xd8\x22\x81)\
\xd6\x18_B\xe5I\xb6\xbc$\x12(\xa8?\x83\xeeA\
\x10\xac\x12S\x90\x17{\x84#\xf8%@\xb1\x95\x82\x11\
\xa2tpZh\x00O\xbe\xb7\xb2\xbc\x96\x80Xo\xcc\
mgv\xfb\x8f\xe7\xc8\xcb\xb3\x8aPL\x8d\xe4\x85P\
\x0c\xc8\xa5\x19\xeb\xdaG\x8d+Cv1h\x8d\xact\
_*u'\x10\xc5)\x22\x14O\x9d\x89\x85p\xc5\xa0\
\xfb\xa9&\x8b\xdfN\xf5C\x87@\x12\x99\xff\xd5M\xcf\
\xee\x07@kdf ?\xdbv\xcb\x0f5\xeba\x88\
\xf6\xca\x91juQ \xa9\xbe\x14\xd8\xcf\x88\xbae\xd6\
I\x85&\xa7R\xa5\x12\x95l\x90\x03Ub2g\x15\
\x0f\xe5\xd9q\x22\x87z$\xa9\xae\x86\x1d\x0c\xf2tw\
\xc9\x8a\x0dU\xf2\xe6\xb6[\xb6\xfdg\x85\xb6\x9c\x9d\xd3\
zs>\xcc\x90\x1a\xc9YO\x9a\x9fF64\xe16\
Q\x8a\xb2\x84\xe6\xe9\xb8\xbeK2M\xc4{\x08\x02E\
P#\xe8\x10\x98\xd1\xe6B\xc8\xa3g\xb4&V&\x08\
\xe4\xa8\x0a\xa4j\x87\xcf\x9f/\xfd\x0c\xeb\x0a\xfc\xe7\xce\
\x9a\xca\x17\xfb[PE\xb1b\xbc\xf8\xd6\x91\x87%I\
\x9d0\x05x\xdeE\x14\xdb[m\x02\x98\xca\x5ctI\
\x00\xa7\x84\x94\xe2^\x1c\xe9\xd5\x08kf[\xbf\xec\xc0\
g\x8e\xf81\xd8\xb8\x22\x91\xdb\xbe\xfa\xf2\xdbOrH\
\xac\xdeW\xf3s\x0f\xee\x8d\x90\xfb\x80\x13\x12\xeaz\x8c\
\xe4A\x04\x8d\x00%'\x05\xb8!\x00\x820\xd30\x8a\
\xf2\x04\xc8!\x01E\xa0\x87\xe1\xd17C\x9at[2\
 \xd6g~@\x91\xe4\x97\x9b\x12(&\x15\xbcH\xf8\
\x93!d\xb94\xa7\xc8g\xc8\x22w\xc5\xff\x95\xe2\x9f\
\x90p\x14\xf0\x94\xfaY\xc2\xee\x96X3@\x12\xf2&\
\x01,.\xf9\xf1\x9dBa\xdd\xba\xbe`\x9e\xe9\xa2\x85\
'Lz_\x9a\xee\xbe\xe0\x8dX\x0bErZ\xa1H\
~\x82\xad5\xb7i\xbdrod\x5c\xd9\x02A\xd4\xbd\
/YXc\x91\xcc\x0a\xa8\x14\x01\x89\x16\xea\xa9\xbdF\
\x7f\x98\x047~\x88\xb5\xb4\xa2\x5c.\xebe\x11\xf62\
?D\xd3l\xe1\x08\xd3\xa4\x107\x1a\xe46\xbe\x9b\xfc\
\x87\x1br\x14NH\xaa\xfbs\xc6g\xdbm\xd3y\xb8\
\x22\xc5\x92i\x02\xfa4J\x13\x15.\xa0l%f\x98\
\x84cB\xa5\x0a\x8e\x098\xaa/^\x09\xa5\x5c\xb0$\
\x96l\xba\x22\x9b[\x0dS\x16\xad.\x5c\x91\xb15\xb7\
\xc2m\x9f\xdf\xccz\xfd\xc5]\xe7\x9f2m\xc4\xd4\x88\
>\x07R\xea\x12\xb2\x0a!\xca\xc2\xd2sc4\x16\xd1\
jM\xae6'b\x12\xa2(\xb5\x0e\xfa\xacH\x0d\xfb\
VM\x22\xda\x185|G\x8b<E[\xc8\x19\x92$\
t\x0d2\x03\x8a\xd8\x06\x8c\x16\xd1\xe6\xbe\x833\xc3:\
\x80\xc5%\xf4\xe4\xa8\x0cA\xff\x95R\x152&\xedZ\
*%\x04\x5cb[\xac8\xf4\xcd$E\xb8\xd1;\xec\
`y%\x08c\xc3\x9d\xd1_\xa5\xe6\xdc#qE\xf2\
\xf2\xc3\x9d\xf6\xd7k\x15\xca\xf6x0\xb6\x8e<s\xbd\
\xb2\x00j7(\x1c\xa1P\xa7O\xad\xf7K\x95\x969\
\xb9\xbe\x072Cn\xfc\x11\xd8\x11\x09CT\x8a\xcd\xb3\
`\xd9\x1f\x01fH\xa0H\xd4ae\x153+\xf1\x03\
\xb8\xbe\xf8\x1e>\xc7\x8e2\xc1\xf6\xca\x5c\x01-Ql\
\x87#\xc9\xda\x92\xc4'1(\x0cl\xaa\xb4\xb2\x04H\
\x1b7\xc8E\xc1u!\xc7=\x93\xde:\x92d\x82\xb8\
\x0c\xa5\x81TG\x9a\xa0#\x8c\xd2r\x13\xf5\xbf\xb2\xb6\
^\x7fp\xa1\x96\xa9\x91\x95\xd2F\xd40j\x93\xe7\x1e\
m\xf9\xe9m\x12\x06\x89\xae>\xab\x99\x94k\xa8\x06\x17\
\xb3\xa9T \xd1d\xd6{g\x9d\xe5\xde\xa98\x11K\
\x9eD\x92\xa6\xea\xbd\xd4\xf2F\xd1\x95\x90M,\x11\xe4\
O\xef3\xfe\x95\xc7\x1c\x80`\x096W\xd2*%7\
/\x8b\x0f\xd9\x84\x82\x0b\x9c%B<\x0a\x024KC\
\xb8(\xfa\x04\xfb\xd6\x86\x02\xb1_c\x87D\x87Q2\
\x11\xa4\x8d\xff\xf6V;\xd0\xf5w\x98\xcc#\x99C[\
\x0a\xff\xfep=bjd<\x1e\xedZ\x8c\x12-2\
\xeb.$\x17#[\xa3z\x93\xdc8\x1aTCK\x1d\
\x1aD\x02g\xc4z\x81\xa7$\xc4\xf7\x8b\x85\x05A.\
\xb7P\xe9\x0f\xf1\xc4v\xa6\xf8\xdd\xa0\x10\x04@\x90\xc4\
\x0f\x07T\xf0\xee_W\xfc\x1b)\xfci\x9b\x89\xa2Z\
\x04\xa7I\xa0\xe6\xe4K\xac\xcbv\x806\x017Uh\
\x0a\x03\x9b>\xc1'auJ\xf4\x09\x95\xc1<\x06~\
\x1f\x1c\xb1&\xb0\x8c\xa3d\xcf\x11\xf2\x89\x15\xdc?\xf3\
ec;\xd4@R\x912{$\xcf\xaf\xa4H~ \
E\xe4\x8d\x18G\xdc\x1b)^\x07\xbd\xb8\x02:\x86H\
*\x06~o\x9a\x9d;\x93#\xbe\x8f\xfapu&\xac\
\xe3\xae\xe3\xb0\x03#\xc8\x99%\xde]\x1a\x9c#\xa8\x10\
%\x1dZW]h\x02XYY\xc0\x0dvu\x1d\xbe\
\xa7W\xc8\xa6tN\xbc5\x14\x0a\x04Q\x13\x1e\xa3\x94\
\xcb\x1a\x8b\x82\xe9\x03\x01\xb2\xb8\xe8\x98\xb2\x88W\x92\xa7\
)\xe2\x93TUB\x91\xa3$\x16\x97\xef\x05d\xcf\x5c\
\xbe\xe5\x92\xf8\xa3{\x14\xda\x92\x22y\xfd\xe1\x8fu\xb3\
\x15\xb5f\xb8\x1aAW\x80r\x8e\x83\xa2'18\x01\
+i\xc1\x8d\x04J\x7f2X\xfd$2\x871\xc7T\
\xc0\x0b\xc1\xce\x22\xd6k=\xeb,2\xed\xb6)Y\x04\
T\xbbC\x90\x1a\xc5\xc2\xef(\xca\xc2\x0f\xfe\xfd\xff\xbc\
}iW\x1b\xe9\x92\xf4\xcc\xcbb\x09\x84\x10\xa5\x05\xab\
\x046B+\xf6\xf7\xf7\x8b\xc7\xd8s\xae/\xff\xff'\
\xcd\x93O\x862\xb2\x92D\xdd\xf7\x1c\xe8T-2\xed\
\xf6F\x85r\x8b\x8cT[\xaf\xd6k9\xe5\xdd\xca\xfb\
\x13\xf76\x0b\xbf\xd0gq\xf5`\x5cc\x86\x22h\x0e\
\xc5\xe0\xd84\x195\xe6D\xa18D\xa5\xa1\xb0z\x91\
\x16\x1a%l&\x86\xb9\x12\xee\x88;\x16s\x81\xbb\x9a\
\x18\x05\x1c\xe5=^\xb0\x8c\x92\xd2\x97\xdfYK[\x7f\
\xfe-\xcf\xec?\x9b\x8e\xc8\x22\x05\xfd\xac&'\x9eI\
{\x0e\x8c<\x0b!@\xf2\xfea\x84\x08\x15\x979\xad\
\xce\xeabh\x8c\xe8\xe1v\xf9G\x99\x93C\xe4\xedU\
\xa8\x18u\x10!!\x05\x91K\xa0c\x19\x93jj\xfe\
\x83\xf8\x80u\xa0Q\xd0\xb0\xdf\xef\x9fh\xfb\xa7\xf2C\
y\xd1\xcaW\xd6\x00L\xeaVb\x0bE\x0c\xbd\x18\xb2\
\xbbh\x9c\xfc\x0d0\xa1\x19F\xc4X\x0d\x869m\x08\
l\xb9\xb6\x09x\xbf\xdbZ\x8d(\x81\x01\x1ehk\xe1\
\x9e\x0e)\xbao\x7f\x1en\xb9\x12p6\xb1\x88\xb8f\
P\xf5\x06\xd1l/\xf6\x0f\x87Z\xe2F\x04$,j\
\xe95\xb3\xbf\x1e\xca%\xd77\x12}\x89\x91^\xa7\xa2\
\xee9\xd7\xc9\x1c\x15\xf9\xda\x09\xf9\xc46\x0d\x8c\x86\x86\
\x90k<\x0f>K\xcf\xc7C\xbay\x88\x1a\xf1\x01\xbb\
\x0d\x00\xb1\xd4C\xfc\x05\xa0\xb1_\xaf\x1e?O\xc7\x8b\
\xe5n\xb7\xdb\x1el\xb3\xdd\x14\xabo\xcb\x97G\xb3\xcf\
\xfa\xd3\xf7\x0a\x16\xba _\x01\x0ba\x17\xa9+\xb1w\
\x92\xe3d\xec\x05\xbbF\xe5\xd4\x8e;\xa4T0^B\
\x94\xe0\xc5p+\x10\xe8\xc9\x98\xbf\xb4A^\xa5\x07\xe5\
\xeb\x13\x19j%z\x10\xe9\x14/_y\xd6n\xa2<\
}-m\x9d\x9e\xfe\x11G\xf2\xf2\x8fv\x0f\x8b\xd0\xc3\
\xe9\xd9n\x18F\xab\xdc\x9b\xf0#\x84\x88o\x83\x85>\
\x94p!X\xa2\xf8\x09\xcd\xb9\x92 \xc5\x08\x8b a\
\xbe>\xec\xb0{Q\xf1\xe5\x10.\x95\xda\x19\xb5\x93\xd3\
\x9b`\x04f\x10Ae\xd7\x87J\x02\x0f\xb1\xd5\xe7q\
\x01EE\xc2r\xd1\xde\xdd\x7f\xf9\xfc\xa8N\x05nE\
\xde\x08 \xbe\xdc\xb5\xcb\xf2s\x043\xbbq\x05\xcb\x93\
\xfe\x87b+d\xf5\xcc\xe6\x8d\xd1\xe2h\x903\x0e\xa8\
\x10\x221}\x0f\x1d\xf7j,Z\x5c\xa3\x18\x0c#<\
\xbat\xe0\x10i\x99\xd1\x89\xc0\x0e\x89d4'\xb6\x95\
\x93Pp\x1e1#\xd5Z\x9f\xaeV\xa0\x87\xa2\xff\xfb\
\x8f\xb6H\x0aD\xcao\xf7\xe3\xec\xf4z\x10\x86\xd83\
\x90p\x1f\x17\xb3\xf7\x1c&\xc0H6w\x98\xee:\x14\
K\xf8\xf0L\xd7Cc\x84dx\x84\x0a\xb0\xf2$ \
]\xaf\xd5\x1c\xb3&\x04Z\xd4\x15\x0d\x85,+\xf5\x82\
\xa5\xa8q\x8f\xfa\x0e\x03\x08\x1e\xf0\xd5l\xb9\x15[|\
Y\x09\x1c\xbe\x99=\xc9\xcb\x9b|A\xad\xbc_?\xdc\
/\xc4\xd5\xf4\x86\xb7+\x00\xc5\xc7]\x8fh\xcc\x03%\
\xacv\xe5\x89\x09\xca\xd4\xec\xea\xf8V\x89C\x89\x09\xe0\
\xc7mX\xaf\xcd\xfe}\x11\xdb\x22\xc8\xc2\xe1\x92\x91\xbe\
\x01\x850\xb9\xa06]\x0e\x92\xd0:\xfc\x0b\x9c\xc8\x89\
\xc8\xe6\xb4\xfe\xaeWEl\xebEY[\xff\xa4\xd0C\
)\xfc\xf6\xaf\x06R\x80>?\x0d\x88\x00\x86\x09\x16\xa0\
;\x06]\xbdHHI2w\xd2\x19\xa3\x1f\xc9\xe7E\
\x00\x11\xd3u0\xb9Z\xa0\xe3\xca\x06\x22\xfc\x14\x95:\
\x12MD8\xee\xdd\xa4f\xfe#x\x90H5\xb1\xf4\
\xe3\xb3\xc1c\xba\x14p\xdc\xad\xf6\x8a\x0d\xf5\x18jk\
\xbb\xe0\xbe\x96\xd7\xda\x12\x16`e\xfdU\xfcJ\x7f9\
\xab\x00#P\xbc;a\xdc\x95\x94\x85s\x96J\xb7\xa1\
\xa8\x07i\x8e8\x91\xb6\x8f\xe2\x8a\x1f\xc6Yy+\x91\
|\x14\xcf\x19\xca\x07HHk\xec\xe7,\xad\x1e\xeb\x9f\
\xb9\xf9\xe1v\xb1\x9e\xfc\xbe\x83\x810\x1b\xffYb\xa3\
\x8a\xa1\xb8\x16;0\xe1Y\x8d~\xb2\xfdX\x93\xc4\xf7\
Q\x8f\x8f\x1e\xf6\x02\x93\xb1\x9f\x8c\x1d\xb2u\x186\x1b\
v\xc2f\x16\xb3\xf4\xc6\x11CR|3\xf1\xd1q\xe3\
\xf01\xa6\x03\x89I\x08\xe0A|\xac\xa6\xbb\xed\xf9v\
y\xbb\xaeO\xbbBc\xad`0\x8f\x11\x0c(\xc2\xcf\
\x15\x83\xdf)\xbf\xda\xbd\x80m7]\xed\x0d'\xf5\xc2\
\xf4\x04\xe6(\xc3\x8c\xb9<\x8b>d\xef\xc5(l\xdf\
\x1d|gi\xa3$q\x16s1/!_\x9e\x1b*\
\x02L\xc4H\x00&k[\xcf\xb0\xea\xaa\xef\x01\x92\xef\
\x84\x03f\xf2\xe4\xd7\x04 \xf4\x83\xf3\x5cf\xad\xaa\xfd\
\x83J\x0f\xff\xad\xb2s\xc1\x8d \x08\x0c)<\x02-\
\xfbQ\xda\x1fqX\xc1\xc9\x06{2^\x15\xe2,f\
\xed\x88\xb3\xe0\xf2\xf5\x84\x92/\xa9\xbeV\xf8\x85\xf4-\
z\xcb\xae\x9c\x95\xc884\x84H\xeeDn\x8d\x96\x88\
0k-\x0f\xf1\xe7\xebm\xc9&\xee\xd6\xf0\x1d\xf5\x81\
\x074\xaa\x1dr\xf7/\xf7\xf7www\xf3\xf2\xba\xbb\
\xbf\xbf\xff\xfa\xf5a\x15\x7f\x1a\xfeO\x00e.\xe9\xfd\
\xcd\xa3\xfc\x16>\xee\x8a0!H\x92R\xb0\x9cf\x91\
\xa0\xc2p\xeb\xb0\x10\xde\xfc\x08\xf3\x12(;^]\xc3\
Q\xbb^Iwc\x89~\x90\x01\x1c\x1ckg\xc0\x85\
0+KFp\xfa\x80#S\x14\x8a\x02\xc0b\xa7\xb5\
\xa83(3\x1c\x7f\x18l}8@j\xa8\xf5\xafJ\
\x8ag\xe1\xb7\x93r8a\x94\xb8k:\x1a9ZY\
]\x8b\x81V/&\xec\xc4\x86\xcfD|M\x8b\xd9:\
\x01rh\x17\x07-\xb9\xa0s\x12\x88\xbd\xf5\x8c\xcc^\
t\xb1\x09\x8fP\xc6z\x5c\xc9\xc7\xff\xed\xaed\xdb\x8b\
\xf2\x1c+<\x10:}\x03ZV_\xe75\xc9\xd8l\
\x13\xe3W\x97\x8b\xf9m\x85\x1bA\xb6\xd7_q\xfde\
Y~Z\xb3\x96_\xfa\x8d\xb2p\xc8\xe1SR\x17\x9d\
\x89\xc3\x08\xf6A\x98\x11*@\x89k\x94x6W,\
\x00_Y\xbb\x1dL\xba\xc0\xfc\x95{d\xa2\xe8\x91\x0d\
Y\xd1\x83\xa4b\xa7\x0cX\x18\xe9\x0f\xe47\xbd\xdah\
\xd6\xfe\x0fbD2\xf6\xa1\xee\x9e\x0b\x96\x95\xb3\xf4\xc2\
\x8c\xeax\xe17W\xf5u,\xea\xd0^OGF(\
\x07\xcf\xd6:K\xbe\xdc|V\xe5\xe4\xc4\xa8F\xfaW\
\x13T\x81q\xd2A\x88\x07\xc8\xea\xa6<\xbf\xf3\x15\xe1\
\x81XI|\xc0\xdd\xc20\xb0\x5c.\xdaj\xf3y9\
\xc4\xea\xbbVl\xb1X,\x97\xcb\x9d\x81e\xfeum\
pC\xec\xf5\xb4\xbf/e\xaf\xdd#\xb3\x93\x88\x12f\
'SM\xe1\xd1\xc7\x89t\xae\x9c\xc9uXQw\x0d\
\xd2AH\xde\xd9/\x09j\x5c\xb1\xbeEI\xe0\xe3\x04\
`\xb7~)S}\xd0[\xbe\x00.Q\x93/vZ\
\x9d\xd7\xa0\xafk\xdb\x0bJ\xfe1\x19l\xcd\xd8\xa5\xf2\
\xec\xabWr\xf3\xf7Nx\x853\xe9\xb43\xc8J\x9a\
#\xc1\x83\xb0v\x18V\xb8\xc1\xa7g\x22\xa5r\x89\xbb\
\xa2\x91\x83\x8e\xb8\xee\x16\xf4W>\x1c\xe9\x94:<\x08\
+\xbd\x91g\xa2\x15,q \x8bG\x8d\x8a\x0e%]\
y\xb4\x1f\xe6K\xad\xf9\xee\x16\x8bv\xae\xd6\xd2\x16\xe5\
\x15l.\xaf\xfa_\x96\x07\xa4|^?1j\x93_\
\xf7aW`r\xbbW\x98\xacX\xeb\xea\x00\xc5\xba\x8b\
$u\xe5\x03\xbe\xe1\x9f\x80\xf4\x94\xc3\xf6l\x12\xb88\
X\x928\x12f&\xb6l\x14{Fa\x5c\xc8\xf7Z\
JH\xafoL\x91\x18P\x8e\xd0RXN\x1d\xc8S\
\x82y\xc4\x7f`\x8c\x04S\xec\x22\x14\xaf\x8c\x9c\x9e`\
\x84\x5c\x14&\xee\x1c\xd9\x8d\xe0\xc8u\xb4\xb0V\x9a\x96\
\xebg\xe5\xfa\xa4\xb8xx\x840K\x0daA5M\
\xd2\x09\x11\xe0\xa33\xa3\x1e\xe2,}\x9a\x02\xdf\x04<\
^A\x87z\x10\x89\xb0\xb6\xdb\xe9\xfa\xc9\xf0\xa1Py\
lw\x08\x9dZ \xe3?\xb5\xfa\x7f\xa9[\xd9\x15\x07\
\xa5@9\xc0d\xb1\xdd\xf4o\xcb\xdb\x02\x13\xa0\xe4\x91\
\x95.\xdf\x83w\xca]\xa9\x98\x1dc.\x83H\xc8N\
\xcaa\xeb\xb0`~\xc3\x8f\x1e0u\xe7h\xb9g;\
\x18`H\xdf\xa31\x7f\xcf\x8d\xac\xc6\xe8N\x08\x93K\
1\x08\x9b\xc2\x91\xfcC\xa2Z\x8a\x11j\xf9\xc2_\x10\
\x1eG\xba 0\xc5F\xd2]O9\xf0\xec\x16VK\
\xc6\x0d\xaf.M@+\x11`\xbc\xee\x1a\xd7\xdef9\
z\xdc\x983a\x945\x0d\xa5,\xe6\xe8\xd2\xe4[O\
w\xe7\xbb\xcf\xfb\x8a\x0a\xe6\x0dw\xbb\xed\xe6mt\xcc\
yG\xc8\xa5?\xc2M\x0e\xda\xbc\x18|\xca\xbc$:\
\x88\xbb\x9e\x8a\xad\xda\xedf\xf7Y\x83.y1\xe8\x0a\
$\xe1\x0e;\x98\x16\xf4\xeb\x92\x80\xcb\x5c\x89Q\xe7\xe5\
\xee\xc8\xd3\x91\x10\x0c\x03F\xd8v\x87\xf7'@\x88\x11\
\x02\x85;\xfd\xf2\x9eI\x1c \xe1\xbb@\xda\x12\x076\
\xe8U\x85l\x0c$\xbe|\xfc\xe0\x88\xb0\xe25\xd4\xf2\
\xea\xa5\xaf-\xffj\xca\xec%>\x22D\xac\xfeA\x07\
\xd2%\xf8\xaa#\xa71\xc8\xca\xc5{;L$k\x89\
xFV\x12c\xc5B\xd6T\xcb\xaa\x00\x08\xaaX\xfb\
\xcf;\x89y4\x10\x12\x80\x08>\xee\x97\xd5{\xb4@\
G\x1eJ\xe1\x983+1l\xcc\x01\x97\x08\x14\xf5(\
\xedc\xf1\x22\x84\xc9b\xb3\x19H\x0a_i\x92\xce\x9b\
\xc0\x92~\x09\x802\x8e(\x91[\x9cz\xc7L\xa6\xed\
\xa0\x87\xec<#\xaf\x00\x12\xba\x93\xd8.\xa13\xf1\x0c\
\xae\x5cO\xa8\xde\x8f\x1b\x22\x92\x04'\xd6k\xbf:\x15\
\xcdF\xcc\x91|\xbc\x1f\x91\xe6\x08\x18\xbf\xeaE\x18X\
\xa5v\x92@$\xd5>\xe1+\xd9\x02\x9a\xaa0\xfa\x91\
u\x5cX\xe8\xed\xa8g\x05\x84pGt\xda'\x94\xd3\
\xfb\x10\xd2\x169V\xc8B\xd6c\x8d\xb1V\xa3\xcd\xf6\
^\x00\x82\x04\xa4\xbc[\xb5;I=\x0e)x\xc4\x86\
\xbe\xa3\x01!\xfa\x1f\x9d\xe9\xcf\xa7c\x91\x038\x11\xf8\
\xdd\x97\xb8\xce\xaa\x02\x92\x9b\x8c\xcb}M\x98T3\x94\
\xa8!y\x17\x8b\xbb\x1c\x12ATJk\xf3\xdfM\x0c\
\xb2u^\x10\xc0%&\x98\xc0\x82\x12\x04\xd3w\x18Q\
\xd2?\x9c\xc7\xe3-t\x17\xb1e4\xd7\x15\x22NH\
\x92\xbf\x18`f\x97\x18\xf9\xf0t\xa4.\xd1\xad\x9f\x06\
t#\xec r\xb4\x0a\xc7\xf1\xbd\xeb\x01+H\xd4\x13\
G\xa2\xc6\xfaa(\xf6\xfa\xbdm\xc3H\xcd\xea\x0e\x1b\
Z\xf38[\xac\x13\xf7\x84\x18\xb77\x84Y\xb7\xa0d\
\x01!\xebYo\xb3\xe8\x02\xe4Q\x0a\xb3\xe2?\xa2\xe7\
 <Zu\x17|\x01)r\xc5\xcb\xf0\xa2\x18\xc1\x85\
\x0e\xa5\xadi\xce|\xfd\xc4\xe2\xd9\x97\xcd\xd9\xa7\x15\x9d\
\x89X\x80\xc9\x94d\xae\xd0Z\xc4'B\xc8\xdfm%\
)\x0c\x11\x17Vo\x8b)=\xb4\x8b\x91+r\xe6\x13\
\x84\xb0\xf3\x9ej\xcb\xe7\x1b\x18\xd8Z\xec\x7f\x0a\xa3\x89\
@\xc7\xc9\xeb\xbd$=\xdd\xd4yv\xfe\xef\x97?\x1f\
]\xff}A:\xa2<\x94b}d#q\x09h\xbe\
\xd9\x90\xcd\x1f\xce\xe5\x86\xbf<y;AG\xeb`(\
\x1f\x9a\xbf>\xd4\x15\xafB5+\xc6X\xec\x87`J\
\x04\xdf\xee\xcc\x85x'r\x18\xe1\xd3\x14\x97i\x88\xeb\
\x85<\x96 ku\xb5\xe9?\xd6\xdc\x00\x00\xd9\xdf\xd6\
OxT\xa4\x02B\xe8E\x88\x09Z\xfc\x0a\xf1\xd2\x9a\
\xb3\x91\xb7\x064\xb8\x93;\x85\xc9j-\x89\xfbr\xb3\
\x19\xedc\xc8\xf5\xaa\xf9>\x05VBn\xc2\xf5Y\x91\
\xcb\x05\x98@J\xfb\xda\x5c\x89\x1fV\xf4\x8a\x8eiS\
\xd17L\xf4\xca\xdd\xa2\xb8\x87\xb8\xcb\x85[\x80K\xf5\
%\x9f^\x81\x04\x97sA\x8a-\xff\xd7\xac}\xf0\xf1\
\xc1\x16C\xad?R\xd5\xd2O\xf0\x1e\xb9Xr\xff{\
\xf2\x0e==s\xd6\x09\x0eo\xa8\x11\x22\x15\xd1+;\
\x86\xb6\xf9\x13\xf5x\x82$\x88\xf7\x92w\xc2\x96!\x1d\
\x08\x11b^D\xb1\xf1\x8a\xd8\x0b\x1fB\x88\xac\xf7\x8f\
\xeaB\x98\x83|\x96Z\xec\x82\xf1U\xe6G\x00\x8f\x18\
c\xf1\x8b\xf6\x836\xfe\xc8\xdc\x8f\xa58\x0a\x93\xdd\x97\
\xca\xe2Z\xad\xab3\xd9\x9e\xed\xd6\x12r\x09Jb\xc8\
5\x8b#Yb\x99.\x17e\x1ea\x5c^\xa2\xce\x18\
D\x05Na\xc5J0Rw\xc6\xc2\xce\x93\x98\x86#\
`\xe22\xf7|8\xb1_\xd1\x91\xf7M\x00\x90\x93\xa8\
\xfc\x00\xf1\x87A\x0d\xb6\xfep\x1e\xf1\xc3C\xad\xf2\x97\
U\xc5\xa0\x139\xea=\xa3\xcd\xe4\xfdB\xbd\xc6 \x8b\
\xbaJ\xc1^u\x0b}[=\x84Y\xc5\x18a\xc5L\
\xa4^\x8a\xd9w\xd8v\x9b'\xacw\xea\xbdG^\x16\
\xdb!\x95\xd1~\xdb\xdb~)\xc0\xa8\xe4+\x0d\xb1\xa4\
\xb7>\x9f\xbf\x8d\x0f\xa4\xe7\xe1\xa9O\xac\x8d\xce\x84H\
1\xa8\x98;\x99\x08L\x96\x15&p&%\xd4[\x05\
\x94\x18;\x98(\xf1 \x91\xd3\x11\x83a\x9e\xed\xa8\xa9\
;\x1c\x89\x1c$\xbd\xa1\xc6%G\x18P\x8c~\x04\xd5\
z\x8a\xa6\x88/\x09S\xbcY\x02O\xb0\x9c\xf4\xbd\xda\
\x16q\x92d\xed\x05$\xbd\x9a\x90\x94\xcaV\xc1\xc8\x9f\
\x8a\x91\x97\x0fm\xb1\xd7\x06\xe2\xb9P~+F\xd8\x1c\
\x892\xbf\x04J\x9e\xb1g\xe9\x08E\x96\x829\x02#\
\xd2v\x14H\x8e(\x95\x12)\x1e&:KEY\xeb\
\xd7\xaa\x8bQ\xc7\xc1\x8b\x00\x19\xaf\x17\x08Y5\xdb\xdd\
\xca\xb2\x90R\xc5j\x85\xda;G\x93\x9ca\x16\x83,\
B\x82\xef\xa3\xe5h\x89\xceD_\x1d[\xec\xaa7A\
\xdb\xe4\xdb\xbe\x94\xb9n\xcb\x0f\x1e}-\xb8\xcb\x0a\x8e\
=\xc5HNa\xb0\x15V\xc0\xdb\xde\x12V\x81\xd9*\
\xf1\x16+[\xecgar\x14\x96\xab\x0a1\xb8\xb0\x84\
\x15\x07)L.\xcc*\x16\x1e\xbd\xaa\x8c\xa8\x0f\x8a\xac\
\xb5\xfa\xe8\x84\xa4\xc0O\xdc\xc8\xbfN\xcf.d\xe5\xc8\
U\xff\xf4\xc8\xf8a\x06\x12\x1fg\xa5\x1aA\xc1\xe8s\
-YO\xc4\xb3Ha\x1c`\xdd\x12\xf9\x8br\x10\x1f\
,\xf9\xaa\x8d\x8e\xc2\xc3\xb3NX\xcebK}U*\
Y\xe7\xcb}q!\xc54\xc6B\x0e\x22\x00\xc9\x1a\xe6\
\x04\x85z\x92\xc4\x8b\x1c\xc7I\x1a\x9aygRn\xe2\
M\x1e\xd5\x99\x94\xeb\xddf3\xd5\x22\x17}I\x17%\
Ae;\xc6[@\x0a\xb9\xc0&\xac$w\x0a\x04\xcb\
-\x85I\x14\x95\xf7\x9b\xe1\x00\x11\x1fo\xa5\x0au\x06\
\x13-j\x9d\x100\xde\x90\xed\x9e\xe4\xda\xbf\x83\xa1\xb4\
\x11\xff\x88\x1f\xf9'd\xb5\xce4\xedR|\xc4-\xd9\
\xc7\x5c\x087)\xc0X\xca\x8aF\x87K\x17\xa2/3\
v\xa6\xe0\xc8\xf1\xfd\xf0N$\xf6E\xf0\x1d\x1e\x81\x97\
\xe5Q\xc2\xc5S\x93z0\xcc2\xa1E\xe4!@\xc8\
\xf0|\xb1\x97\xa2\xab\x22d_8X\xbb\x9a\xa4\x03\x1e\
\x0b\x9ct#D\x05OZ\xfb\x9f\xe0\xc4`\x02\xdc9\
\xabD\xc9{8\x93Z\xe5\x9aJ\x96\x22\xc6\x0a\x17\xa6\
\xb1l\xac\x97\xa3\xef\xd3\xae3\xb1u\xa4\xdd\x88\xab\x18\
\x80\x02\x94\x98\x9b\x1e\xfaF\x89\xd7\x04\x1eP~\x8bR\
\x10\xf8~\x12!.\x13\x89\x92[a\xffBHM\xfc\
\xde\x85^\xa0\x01\xf7\x07&\xb4%\x18\xf9\xd0H\xab\xfe\
\x16R\xf9\x1d \x1d!W\xeb\xa8\x13\x09\xb4\xe6\x08\x11\
\x5c=\xf3\xd3\x0c\xfe\xd7\x12v\x18\xa4O\xc2~\xc3\xa0\
\xc0\xc8\xba\x96~\xd4\x15C\x94`\xa2\x8b\xec\xa9\x13 \
r\xa6Jr\x18/\xac\x1d\xf5\x82\x90foA\x96\xa4\
\xe9[\x82\xc2\xbfa\x8a\xce|\x22\xb5;\xbe\x93C^\
\xfcj\x8e\x951\xdb'zU\xab\x19\xfc\xa2\xf6\x12\x81\
\x92\x99\xe6%\x8f+KK\xc2\x00<\xe4\xb5\xc3\x8c\x09\
\x99\x8eq\x0dV\xf5)h\xc2\x9a\xa8\x8cw$\x06\x93\
l\xf4\xea2X\x88\xb7\xfao\x18\x1f\x17q%y+\
\xd1!\xe4\x04'\xb4\x1f\x86\x17g'\x92\x8f\xa8#y\
\xf9\xc0\xaa\x96J\xcf\xd5Iz\x8e\x18\x86>\xc8Iy\
e\x86\xb0\x910\xa1\xfaq\xeeF^\x97}1j\x08\
\x90d\xebw^\xefm\x03F`\xbe\x9e5J\xd9\xef\
\xd4ZT\xf6;\xd6\x19\xb8\xf9\xa9u\xe9\x17\xb6O\x15\
!k\xe9sO\x0b\x0b\xc4a#R\x13\xc7-]H\
\xa8g\xd1&r\x016\xe4\xfdD\xd0\xa1\xe7\xdd\xa4|\
E\x8e`\xfcE\xf1\xa6\xa5\x15\xaf\xb6\x5c\xd5bpA\
\xc9\xfdf\xf3\xa8(\x09]\xc5\x99\xf3&\xd9P/j\
{\x0dq2B\x15x\xe40\x02c\xbc\xa5A.\xed\
\xca\xba$\xa4n\x85\xc1+\xdaq\x15G\xa4\xec\xe5\x0c\
\xa1\x16\xd3\xf6\x93\x9e=\x7f(\xb9\x22\xd8\x92\xea\xef\x9f\
\x0fu$l\xb2k\xe7\xae\x07\x80\xa4*\xf1)J\x0c\
\x1f\xdc\xc6]\xfe\xbao\x22\xa4#\xe6\xcbjV\xe0\xf7\
*<\x1cE+J:0bv\x04\xadQl\x1bb\
\xbb\xa7\xb7\xe8D\xc4*B\xd6\x93\xf3\x1bA\x88\x98\x04\
Y\xa5U(1\x16\xa1\xd1\xd8ulaV\xe6E\xa2\
\xe3\x10\x5c\x00)\x8a\x129'\xf8\xf1\x1daB\x1f\xc2\
x+\xf8\x92\xf2f\xb7\xad\x9c\xf9\x95\xa0\xe4\xeet\xb3\
\xfe\xf6D\x90x5\x15K\xdf\x19reI\x09\x0d\xd5\
\xadrC\xe0jr\xf3\x5c;*\xd6!\xa6\x0c\xe8H\
.\x13\x8ac\x9e\xbbsF\x91\x09<3\x93D\xe7\x94\
\xe1\x16\x1fB\xad\xfe\x0e\x06\xd7\xb5\xfa\xfb\xb1\x8eD;\
\x88\xa2\xf2[\xcdJ\xbe<st\xd0\x05\x06\xfd,\x94\
\xb0\x8eB\x04\x16EO\xde\xd4\x83\x87\xf1\x1b\x85}\xea\
\xe6E\x10)\xa4\xb9zWMN\x13\x918\x85\xbb*\
-\xf5%\xa3\xac\xfdR*\xbd\x8c\xadn^\xa5\xeac\
\xefD\xf0d{\xf7\xa1H\x90\x1b\xb0\x82\xb7|\x119\
\x86\x92I\x07(\xd6\xae\x17L\x8e\x81\xcf\xa6\x86\x5c_\
\x80\x92\xfd\xf2t\xbb\xff\xb6\x0f\xae\xe4\xb3G\x89\xd7\xe4\
bV\xc2\xc4$\xae\xc1j(f9\xb2\xe6,\xd71\
\xa4\xd3\xee\xa9`J\xbd\xa4\xbe$8\x14\xf0\xe5\xf5v\
\xa8\x01\x9f0\x1b\xa9g\x04\x88\xbcz\xf2\xd0H\xf5W\
\xb2\x85\x0f\x22\xff\xbe\xb8\xee\x88T~/\x81\x11N\xab\
\xd3\xf8>\x02\xa6\x17\xb3u\x1c\xfd\xd4<K\xabO\x92\
\x16\x13\x11\xba\x91\xb7\xc4\xaeGC\x15\x19\xa4to\x06\
\x90&\xf0\x16A\x1c\x8f\x1d\x11\x84Y\x8f\xdb\x1dkY\
\xeb\x8a\x90\x80\x8c\x86\xf8`\xb97/a\xdd\x01\x16\x05\
%\xe5Z\xdf\xcb\x05C\xbbr\x05J\x14\x1fr\xa5M\
\x02i\x85\x04\xc91\xfc\x89C\x89\xf4K\xce\xae\xcb\xd5\
\x08*@IF\x9d\xe7\xaaEz\x93(\x11\x5c}\xb1\
_:*w\xe6$\xa9/A3\x91\x16\xf8\x8d^\xec\
\xd4\x88zy\x85\x8b\xbc\xa5T\xcb1&\xc6\x15#\x17\
e;\xa2`\xe4\x03\xab\xbf\xf5\xd7~\xe9\x15\x22Jy\
\x5c\x07\xfd\xd37\x15\x83\xc8\x90\xc7\xd8d\xb4\xb7+\xc0\
\xa6\x8f\x11\xca\x1bo\xcd\x8d\x04}\xa0A\x98\x18\xe9\xa6\
$\xc0H\xa0\xc3{-\x07z\x12j\x01q\x0aWR\
\xf5\xdd\xf9C\x17!\xb0V\xcfVNos\x9cy\x12\
\x92\x87]\xb8\x13E\xa9\x11y\xbe\xfc\x1bG\xb6\xe6\x82\
\x12\xb4\x15\x1f6g\xb7\x12p\xd1\x99\xdc\x96\x83\xd4y\
p\xb8r-\xae\xa82\x7fC\xab\x8a\x00\x8e\xbae\xe8\
P\xcb\xd4R\xd0@\xccR\x91\x88\x88\x0c\x0a\xf6\xfcX\
s$\xca4\xe2n\x0b{.\xeb\xa0\x95$$p#\
\x1f\xd2\x1bQ\xd1 Y6-#\xc2\x83O\xa7\xe9\x80\
.\xca\xc18\xf4v$5\x89\x96\x90~c\xea~A\
\xc6/\x8d\xf3\x22)YK%\x07=@\xc0\xf6\x1eC\
\xf4$\x0e\xe2F59\xf5!\xeb\xf1\xe6\xae$\x22\x88\
\xb2j)k\xe1\xad\xcd\xda\x22\xec\x85\xe4\x88H/\xfc\
O\x0c\xbfr#{K\x8e\x0eB\x00\xd8\x82\x92\xaf\xe8\
\x97\xcc\xcf6%\xe0zd\xeb\x9d\xae\x84\x0c.\xb6J\
8\xa2\x18\x83-`\x846\x0aj\x10rKP\x02c\
\xc6\x1e6\xee\xd2.\x92\x9dV\x19R\x00\x92\xcc\xf0@\
\x82\xd7h\x1bD?\xd2\x91\x1c\xba#\xc3:!|\x1e\
\x8d\xca_\xf5H\x11\xd2\xe3\xbb\xd7\xd6\x19\x18\x88\x99;\
\x9b\x880\xcc\xec$\xebw\xd4\xb5\x9b\x803\x9cHw\
\xb5:-\xd9\xd4\x16\xd4\x1c>\xab\xad\xf6\x9f\xcfwD\
\xc8\xd2!\xa4\x85\x1b\x89\xf8\xc05\xf0\xb2\x08\x10\xbe\xb5\
\x13W`\xc5\xbd\xc7U\xee\xd1\x9d0a\xb7\x18\x8b0\
\x01J\xd6Z\xe2\xdao\xcf\x86\x82\x17\x16\x82\x81\x12\x86\
[b\xb6\x99a\x0c\x98\xbc\xea\x92\xbcv%\xa3\x9b0\
\xe7\x9eT\x7f\xe9F\xdc\x84{H\xd7\xfb)\x9d1\x1f\
\xb3\x22O6 \x05\x19\x00\x95\x15\xe4\xf7)\x83V\x03\
\x15t\xff\xc0HKG\x10\x87\x97bG\xbcH\x00\xc7\
y\xdeN\x8c\x00\xa1\xb8C\xd2\x1d\x81\x0f\xf1\xe6Z\xec\
\x83\xb0q=\xdb\x9a\x90m\xa3\xc2Z\xa7\x88\x10B\x84\
\xfc\xde\xc7\xfdj\xb7-\xb4\x13\xf4C\xda\xe0C\xda\xdc\
\xe6\x81\xbe\x18\x8c\x08\xe0\xfd\x0e\xd80'\x82;\x7f@\
c\xe3\xbeCw\x89\xce\xa4\x92T\xda\xbd4\x15\x9f$\
\xe0z\x94\x80k\x1d\xb9\x8e\xc0H\x14\xd3\x06Y\x9e\x9e\
\x84f>\xa4^\x80\x12\x9a\x17\x83`\xe5q@c\xce\
N\x01\xe0|\x80$G\x88\x13\x15z{\xaa\x1dV\x9b\
\x06\xd2!\xf9Hul\x0d\xb5^d\xbf\x9b`\xb2\x7f\
\x1a\x90\x11\xb4\x1a\xf5\x8b\xd98\x22\xb9h\xfeo\xee:\
\x898\x15\x1d~\x02\x910\x01\xf1\xc7d\xaf\xe55\x0c\
\x1b\xd7\xbdy\xe1\x93\xa6\x93\x8b\x04\xe1E\xa4\xeaD\x08\
&\xd5\xd7\xfb\x12f!\x11\xf9\xf6\xf4U\x06C\x80\x0e\
8\x90c^D.\x11\x1c8j\x89w\xf2\xda\x81\xd8\
5\xc4c\xd1\xfc\xb4\x89\x1d\x80\x07\x00b(\xb9\x07J\
\xee\xcf6\xc5\x0f2-\x01H\x08\x13\xa4%\xa1\x97\x18\
f\x13\xc1w\xc3\xbf\xab\xc9\xc1^\x07\x89\xf9\xb0\xeb\x8a\
\xec_|\x0bA\xd9\xba\xec\xa3\xe4\x9bP~\xcb\xc5\xd3\
\xb52\xbd\x94c\xe2\xd8LH\x06\xb2e\xa1&$\x1f\
\xa8\x87R\xa4\xb0\xcf\xcf.\xab\xd0D\xef\x14\x80p7\
d\x22\xb8\xe7\xb9:nI\xae\x9e\xaf\xcf%H\x5c\xff\
0\xd7w0\xaaiD\x08\x8aZT\xcf\x8a\x08I\x19\
\xbe~\x88j\xffx\xbe\xb50\xab\x10j\x97s\x83\x87\
\xf7\x22y&\xa2\x16\xa2\xac\xf0\xf4\xdbWX\xce\xba\x8b\
\x9e&\xfc\x80\xc6\x84\xc4\xcd\xc2\xc3@\xaf\xd4\xae\xe2\xc3\
\xd3\x13\x02\xae\xf17IP|Z\xc2*0A\xc2\xf4\
=\xdd;\x1a\x15\xb80Ub\x10!H\x1cLH\x92\
gM\xcbg%6\x0f\x91\x8c\xebf\x8b\x12#\xcf\xc9\
I\xe6z\xa1\xad\xfe\x85$$\x95\xb2\x05G\xf2!\x18\
\x81\x22\xca\xb0\xfe\xa5\x00\x8a`!\x179\xc2\xdb\xf2\xe8\
\xe8'\xab\xaa(Z\x1az$p\x22@\x88\x9c\xb0\xcc\
\x85\x8c\xea\xe9e\xae3\xf1^\xd6\xb2\x1c}\xf1\x96\x10\
Y\xaf\x87\x9b\xcf\x16f-7\xbb\x16\xd0\x80\x07y\xdb\
\x22\xb7\x97i\x05\xdb\xea\x110\xac\xf6\x021(\x0ew\
\xe2\xaeh\x00#\xf1\x11\x0ci\xc9r\xa5\xfc\x94\xaf\x9b\
\xb3\xb5\xb8\x12\xa2\x84\xae$\x13?M\xd6)\x92\x08\x0c\
\x9c\xa0\xfaK\xa3\x96#J\xbfy\xb4\x15{\xed\xf4$\
t%\xc7D\x1c)#\x14\x9d\x88K\xdcu\xcb\xc2\xd0\
\x92\xf6\x0fKGtO\xe8\xb0R\xa7r|\x00\xb5\xe6\
\xe6\x8e\xecP\x80\xc50+\xce\xe7\xca;\x85\x87O\xd7\
3:|\xa8\xf7\x9aB\xd0(\xa6\x22\xc4G\xf4\x22\xb1\
\xad\x8er\xd6\xe7\xcd\xee\xe9P\xef\xbd\xaf\xbc,\xf5\x1f\
\x91\x98\x15C\xadci\x08\xc1R\x11\xc0ld\x027\
C\x9c\x109\xcc\xe4\x93p\x8b I`RKn\xf3\
\xb6\xa6%\xeb\x87\x92\xc0\xef\xce\x86\xe6J\xa8\xa9\x1d\x86\
y\xd1'\x89\xba)\x1d\x0b\xe5-#7rSI\xe0\
\xc8\xeb\x0b\x06|\x04\xf5F\x8eZ9\xcbAB\xb0\xbc\
%\x8c\x82\xc2\x96\xfc.W\xfd\xb3\x13\x9d\xef\xf80\x88\
\x14\x93\xb2\xd6\x80);\x9b \xcc\xccS#\xbf?\xee\
r\xa3\x11\x1bq^\xe4\xadE\xd2\x03_\xc9\xaa\xe0\xa0\
\x90o9\xb9\x18\x17\xc1\xb33\xf6D\x82\xec\xe2\x94\x83\
\x86\x18\x12i6\x8f\xa0fI\xbd\x97\x89\x08<I$\
0v\xb0\x81\xf7d\x91\x14\x0c \x01\x99\xc8K\xee\x02\
\x13\xb9\xc2C\xa0\xa1\x080M\xf0?\xc1\x97\xd8\xff\xec\
\x03\xae\x9c\xc6\x95\x98\x06\x5c\xeaJ\x1eN\xcf\xa4\xef~\
 q\xb9\xae{\xd8\xf1\xc3^bR\x06Nk\xc1#\
9t\xdf(\xech\x91KK\x94\x17!}\xe7d\x22\
\x8d^%\xb5\x5c$\x1bOg-\xfeVZ#\x06v\
?\x00!\x1akiY\x8b\xa4_\xe4DG\xd1\xc1K\
\xc7\xfa\xf9\x16P\xbd$\x11\x16\x18(\x02\x8c\xa8\xc4\x08\
\x8b;\xdc0\xe1\x90\x8c\xae;I\x87|\xd1'\x9d\xc8\
\xea\x93\x15|\x9fn7\xdb\x16\x10\x01?\xcb\xac\x01@\
\x18_\x19\xf3d\x82\xab B\xae\x95\x84\x05\xd7\x01\xb7\
!_\xd1\xab`\xc8\x12\x13E\x03\x18\x8d\xf8:\xbc\x0e\
\xee\x01'm\xac\x05\xbf\xb6eq%\xda,\xd9\x9d\xdd\
\x14W\x82:\xb0CI\x87\xc0\x151\x12d\xb8\x08\x10\
?|e\xf4\x94\xb8\xb5$GI\xdeo\xcf!rL\
L(\xdf\xd9\xee\x87\xda/\xcf\xcee5\xe2;\x82\xe4\
\x85w\x81\x89\x92~\xcf\x87\x97A\x0b\x9b\xb4\xc6\xa3{\
s_\x87W\x01%\x9d\x15`Y-+\x15*%D\
\x98+b\xbf\xb8Q$t`\xe4u\x1e\xe2'\xa9\xe8\
E\x5c\xdbP\xba\x86\x9f\xcd\x89l\xd5\x89\xa0\x1fbQ\
\x0cm\x5c?\xbf+2\xc6\xf5(\xef\xc7.\xfb\xc0\x83\
\x0e\xa7\x81\x1b0\x030T\x9b*\x0c\xd4\xbf\x00;\x80\
\x94\x06^p#\xa49\xca\x0d\xbf/\x80\x12 \x92\xba\
\x923s%,\x02\x83\x09\x9c\xaa\xcd\xfb\xb6{\xa8q\
\xe1\x1c\xc9A\x84\x94\x13\xbb\x18\xb8\x82\xc1W\x83\x89\x91\
\x94\xde\x18\xf5\x84<\xbb1\xd2~yOK\xc1R\xd8\
R\xe1\x07R\x7f_\xde\x9f\x17_0R\xf4\xe2\xfb\x95\
\x18\xdf\xa7\x07\x91[j=\x7f\xcf7\xef\xc8\x1d\xa1\xa7\
s\xafb\xe0\xc1'JZ\x1a\xd2B\x9a&v\xd5\x87\
n\xabH\xb1@\xd2:\xbef\x87\x00qN\xa4\xfft\
(\xf8\xdey'\xa2@\xb9\xa9\xfeCo\x05\x0fzV\
\x93\xb7\x8eW\xa5\x08\xc0\xe3>\x99\xbb\x97\x5cp\xd5\x8b\
\x19\xbeR\xee8\x05\x19p3\x02# G.fc\
=]n2\x9eg\xaed^]\x89\x14\xb8f\x02\x12\
C\x89\xfa\x92\x99E\x5c\xd0\xe1\x0a\xbbG\xdfR\xd0\x1e\
A\x11\x82\xf3\x89Bp\xa07\x89\x04G*oq\xb5\
(\x15\x85h\x19\xbb\xd1\x97z\xecB\x02pHOl\
\xceJ\x0a[\xa05\xbe|\xcc\xf0\x88\xae\xe6\x91'V\
\x10\xc2T\x9diz\x9e\x88\xbc%\x85\xe2\x97\x812\x00\
\xa5\x07\x09S\x87a\xbba\xdc\xb5\x8e\x96:\xa8\xbe\x00\
G\x88\xb40\x0a\x01\x03B\xc2,n1T|g\x9b\
[W\xf0E\xa2^\x0f6\x1e\x14&\xf3.\xcd\x17O\
+\x9e{\xb8\x08x\x0c\xbc\x00\x03<\xff0|U_\
v\xc3\xd7\x15I\xc8I\x0a`\xcc\x03\xe1\x84\x11&\x99\
\xc4\xe3B]\xc9n\xad\xae\xe4\xfe\xacW\xea\xc1\x00\x09\
\xb9)\x9e\xe5\x18)\x5c\xc9.EN_\xc9\x95j\x8e\
\xf5\x04>4\x89wR\x10\x80\x08%\xb3a\x00\x86\xe7\
8&\xbe\xe4\xed\xa5\xa2\xa4\x99{;\xed\xb1\xb0\x05u\
\x94\x8f\x80\x08\x98(\x15#.\xd0\xe2\x8e\x91\x94tb\
\x9c\xb3\xa3T\xdf\xb8t\x87\x9e$\x22\xc4q\xb3\xa2\xb0\
\x83\x9c\x07\x89\xcdj\xdc\x1f\x9d\xf8\x90\x1a_\x93\xe4\xcb\
\x8a\xaf\xcd\x1a\x0ez\xca\x81/\xd7\xf9fk\x08\xb1\xa2\
o\xe3fE\x80\x8dq\xf5!cEI;i}D\
U/r\x10\x07\x88\xf1\xcb\x1do\xf0\x16\x06\xf8\x00Q\
xg\x10\xb1\xd8\xcd`\xa2\xe8\xd4Xk\xcc\xb1\xab\xb4\
\x0c\xfc\xe5i_]\xc9\xa6\xc4[\x00I\xd0\xaa\xbbe\
N\x925K\x22\x17\x180\xe1\x08\xafJpq\xbf\xbb\
~\x8e\x19H\xe0H\xd0Q\x04H`\xd1\x91\xe43\xee\
y\xa5\xcb\xc2\xfbP\xde\x1a\xa8\x12\x1d0\xf2\x11nD\
\xf3\x91\xffg{G\x88\x10\x02$3\x84\x87\xb9\x9cV\
\xc7\x89v\x98\xd1\x97$0\xca\xe9\xc9\xf0p#zd\
\xf3\x22f\x88\xb2F\x1d\xf2\x89\x1c\xcc\xd7\x15#\xcc\xd5\
I>Y?\x9e/\x9e\xcc\x89\x08\xf3dTN\xeb\xab\
\xeb1\xf2\xf9z\x85\x09\xc7h[\x22\x83\x15^>\xef\
\xe3\xf1\x5c\x0eWR\xd3\x97\x19\x1e\xc9\xf2K\x11'p\
H\xe6\x8c2\x8a\x0ag\xdd\xe9\xd8\x1cVn\x04\xe0\xb5\
W\x82\xd4}Y\xc8\xc0\xfb\xb5\xcd\xbb\x07\x908\xba|\
\xa2\x9b\x12;\xefH\xde)vjt`\xab\xc8\xc7-\
%q~\x17\x0b\x92\xcd\xb8\x0d\xeeh\x85\x8b\x02\xa7H\
}#wK\x96\xf5H\xd2~\xf2\xa2\x18\xf9\x18\xae\x96\
\x0e\x8fT?\xc2\xbd#\x5c0\x92\xc2\xe4\x04d\x81D\
\xfb\xda\xf7B\xf8\x0f\x92l\x161\xdaI1tB\xf4\
\x8a\x08K.^?\xeb\xfa\x06\xf0h\xf4\x00D\xc6)\
\xbfWlF'B\x8e\xefl\xb3\xfa\xf6\xa4\x8b\xa7\xe6\
\xb5khm\x06\x1a\x87E\xc65\xf0\xaf9:r\x91\
\xb1\x82\xc3\x82%\x86L|\x83\x87o\xde\xb6\xdf\xdb\xef\
\xafL\xfeg\xf9cM\xd4\x18\xa0M+H\x14/\x8a\
\xbdz\x00\x9b\xf5]K\xb1:\xbd\x8c\xdbh\x9a\xba?\
\x96\x86\xe2Y\xcf\xb7J\x02J\x08\x93\xc8t\xb4\x9cd\
l\x81\xec\xc8\xef\xafFR\xe2\x05\xe6\xc9\x07\xa6\xcc\xe9\
\xf00\x9c\xe8\xdcH\xa0\xcd\xe7\x1d\x13 \x84c\xee\xf9\
\xca\x85\x9e<\x9f\xa6\xd6X\x96\xbe\xfd\x1b\xb3\x88\x1f\xd0\
d\x87\xb4\xd6u-gs\xba\x0a\xf7c\xbb\xa4\x8fo\
\x03%\xf3$\x86Z\x81\xbc\xd8\xd1\x08\x8a\x91\x16P\x22\
V?\xbe\xb8\x00\xb4\xc9d\xe6\x1c}1\xab\xf9\xae\xd6\
\xd7\xe7kM\xd6Q\xce\x82\xb5|\x11\x1fdK\x91\x04\
\x0f\x94\x98+\xd1\x04E\xbeZ\xac\x99L\x9a\xf1\xb4<\
\xfd\xf3\x85!bY~\xf5f:\x1d\xcf~\xfc\x98\x8e\
\xdb\xc5\xd2\xfeC[\xfe\x97\xe9\xb4F8\xad\xba\x95\x02\
Dd\xea(\x22O\xc2\xd8Uy\xd3\xb2\xbeU\x0f=\
\xd9QD\xea\xbe_\x95\x86\xe2\xba\xc4[\x0a\x924%\
\x01B\xd4\xe7\x86]\xa3\x86\x8f\x8c\x12<:\x08B\x90\
\x0c|\xcd\xba\x96w$\xc1\x95D\xcb\xf7\xf0\x86\xac\x9d\
\x96\x17\x7f\xe5q\xba\x1aPd\xeb\xe5\x9d!B\xbd\x87\
O\xd7\xb5\xf4{jC,<\xbdA\x9f\xd8oA\xa5\
Y\xda\xe51\x12\xdd\x08\x85\x82\xf2\xb1\x5cjh\x05\x85\
 \x9ajh\x85y*E\x88X,j\xd1\x8d\xacV\
\xfd\xdd\x93V|\x85\xbf\xd8:\x88 \x13\x91+\x10b\
\xe7|\x8c,y\x5c\xcb[c\xc5\x09>\xe4\xe5\x87b\
\xad\xdc\xcbo7\x19\x03\x1e\xcd\xaf\xdf\xbf\x7f>\xffO\
b\xcf?\x7f\xff\x1a\x9bS\x11\x872\xd6\x00\xad\x82\x04\
\x9eD\xed\x0e\xe1\x17\xd0\x09\xa8r\x0e\xb2\xc1\x9f\xd4\xab\
R u/\xc8\x90\xfa\xd6\xea\xdb\xde\x83\x84sW\xf5\
\x85\x88\x94\xcc\x14\x82\xc4m\xf4\x81\x1b\x91\x03]\x12-\
kYF\x82\xc5\xf8]\x8c\xf8\xd1\xab\x98\x8d\xe4\x8cy\
\x8e#\xe6F\x9a#\x95Q\xa8h\xfa\xbf/,\xfe\xbe\
\xb3\x1f\x11+\x8c\xc6\xfe\xf0r\x80!\xc4#y\x88\x0d\
\xe0\x93\xe1\x0fx\xe0\x0c\x10IV\x1c^\x1cYq\xa8\
\xd1\x96\x18;\xebC\x81\x07\x12v\xbf!\x97\xf8\xc8\xa6\
\xd6\x81\x0fjg!\x15\x99>!\xceZn\x96\x01!\
\x92\x85\xa85D\x88\x84X\xf5\xd0\x17b\x9ezh\x88\
4\x06N\xdaI\xf9\xed\xe0>~\xfc\xfaix8\xd8\
\xcf\xe7\x9f?\x7f\xd6w\xc4\xca\xef\x1f\xa3\xefb\xd5\x9d\
T\xdc\x09\xc0\xcdK\xe9\x0b\x86\xb6%gU\xfc\xe8.\
A\x82\xf9\xab\xdd\xf6\xa1\x80\xe4a\xff\xd4\x9eM\x0d$\
t%TL!1\x05\xc69\xf7P\x05\xbe\x01R\xac\
\xe1\xde\xd5\x15\xf22\xa7\xb6\xe8\xaa\xa3\x94\xed$Ns\
7\x12\x81\x82\xa3w\xe2\x17\x8bF\xa5\xads0\xb6\xc0\
j\x04H\xde\xbf\xac\xf5R\x86\x10/\xaf\xe4\x99=\xae\
7\x17\xb5\x82b\xd2N}\x0b\xa2$\xb8\x11\x12\xb4\xa8\
\x10t\x15\x85\xe1\xe9IB\xd5W^f\x8a\x0f=\xd0\
9L\xba\xeb~d\xfd\xf6|U\xb2\xd8\xf2\xd2d\x9d\
\xf5,\x96\xb3\x1a\x22eL]\x87q\xbd\xd67x\xe9\
\xf3;\x96S\xcc\xf0\xd1\xfe\xfam\xe0\xf8y\xc4\x0c*\
?\x7f\xb5\x1ax\x15w\x02o\xa25.v!\x01\x95\
\x9a\x12\xc9-li\x00\xac\x01\x13\x1c\xcb\xed\xfdS\x8d\
\xb7\xbeHR\x82\xc4\xddI\x0b\x91\x98\x12\xf60\x04A\
\xe00\xea\xee\x99\x8e&u:Be%\x919\xa5\xa6\
\x10a\x92m\x17\x0d\xbc\xf9\x9e^HnrA\x0b\xe5\
\xb1O\x0e\x0d\x92\x8bZ\xfc%\xf3\xf7\xe5\xddG\x10\xc1\
\xfa\xbd\x12>\xc8\xa7S\xd7\x5c\xcf\xcd\xa4Prx\xa4\
\x0aAYw=\xf4\xd7\x01\x91\x18h\xb9\xc6!{\x87\
\xc8 #?+[J\xe5S\x91q\x11\x10\xd1\xce\xfa\
mI\xd6\x17Z\xcf\x1aE\xf2\x22\x1dI\xb9\xf0c[\
\xabU\x9a\x81(:\x14\x96\x82\x97\xe9l\xde\xd6\xe8\xaa\
>\xf8\x1e\x1cp\x1f\xbc\xa7Hy\xfe%\xf8ZL\xa4\
\xe6\x05w\xa8\x05\x01\xe3{\xb9\xb6;\x8a\xc0\x0a`u\
wA\x93\x02\xf1\xd6b_\x8b\xc0\xeb\xb3S\x08\xd5Y\
\xe2>\x83L]\xbe\xd3\x87\x18a\xc8\x15\x85\xea\x90\xb9\
sy\xa2\x9b*\xb9\x0a\x9a\xf2V\x01f\xb3\x9d8\xe1\
R\xe5h\xc8l\xe3\xee\x1e\xf3%\xe6G\xb4A\xd2\x93\
\xe2\xef\x87\xf9\x91?\xca\xfaE{\x04\x8d\x91\xb7\xf7\xf0\
@zU_\x81\xc8x\x92,\xe0\xa1\xc5\xe6a9\xa8\
\xc5\x88\xee!\xe6q\xa3\xaa\x03!\x12\xf5|M\x85\x91\
\x1c_c1\x92\xc4(\x10\xb9\x92Td\xed\xe3,E\
H\xbd\xc9\xbdz\x92z\xa0\xe0\xab \x91w\xa4\xa1\x8c\
\xc5sT7\x22\x97b%\x05\x91'|\xa6\xfe\x83\x00\
\xe1\x1b\x05\x07P\xc2\xafu\x81\xf2\xbb\xa9Q\xd7l\x06\
uw\x85DE\x08Q\x02\x80\xa8G\xa3VJ9\xcd\
\x9bp*\xac$%\xdat??S\x90\x90\xe2\xa80\
a+\xd1\xf6V\xb3\x04\xcch\xab\x9c\xc9nw\xd3\xa8\
;|\x93\x86\xc3H\x97\xa7\x17\x91\x8b\xd9E\x87\xde\x18\
\x9c\x08\xac\x17\xe7JN\xfa\x9a\x8b\x94K0\x8c\xb4_\
\xaa\xa0\xe9\xbb\x83\xe4\x05\xf9Hm\x8f\xd4\xbf\x0cy\x8c\
\xb8\xa5f\x91\xa1KEl\xb0,Y\xe4\x166\x1e\x12\
\x1e\xac\xfc\xa2\xb5N\x1b\x99H\x90 \xc4v'\x90\xe7\
\x9b\x8e\x8ad\x8d\x114\x0ew-R\x91\xfd\xa7\xad\xcf\
C\x84y\x02\xfa\x89w$\x8d\x22D\x91\x81H\x07w\
m\x12V\xb0Lf\xb3V\x12\x90\x0a\x10\xf7\xd4;p\
\xf0\xee\xddK0\x85\xc9\x0f\xa0\x04.\xd1\x92\x1e\x17m\
\x01&\xe3\x83\xe0\x04\x0e\x1a84\xf2\xb7\xdbm?\xeb\
\xb0\xbbf\xeep%\xd9\x82\xb8Y\xa2QgII \
\x03\x13%\xec\xb9\x9b\x19'%Q\xddr\xe5-=\x98\
\xb5\x13\x194\xf5 \xe5\xc0\xe3E\xf9 d$l\x22\
V\xb1Fk\x90 \xd6zW?\x02\xd6o\xc5;\xb5\
OR\x0aJE2n4@D/0N\x88\x845\
#0\x8eSQ\x16\xbe3+R\xc11T|\x98\x18\
\xa3q\xb4\x5c2\x82\xae!\xf1\xc1@\xcb\x17\xb4z\xf7\
\xe8\x8a<l\xb65\xceB\xf3\xb0)\xa7\xe7\x9f\xe0\xa2\
\x08\x19#!\x11\xb0\xc0\x8b\xc8\x0d\xb9z\xc9B\xee$\
F\xaa\x00\x89\xf8(\xaf\xd4\xcc\x9f \x04\x0b0\x11\xc4\
Mf$\xe42q\x9f\xb0\x87\xa9\xe6Q\x12\xda$\x0b\
\xe3oi\xe6\xbe<\xfb|\x00\x89\xd7\xa8\x8b<`7\
{\xe5\x9d\x09\xf3>\xfdw\xaf%E\xf5\xeb\xa1\xdfn\
\xe9dR\xff-G\xe06\xf6SR\x0a\x8cB\x08p\
\x22'\x1ag\xb1\xfd@\x8d\xadbE\xac\xf1TB\xa2\
\xf7\x17k\xa4\xfe\x9c\x82\xb1\x9f)k\x1d\xc9\xdd-k\
'f\x88\x13\xb2\x1ai)N\xc8\x83\x03X\xbc\xbe\x03\
\x93\x12S!H((\x8c\xb5<\xfdD\xbdHy.\
\xd6\xab\xedD \xb2\x96\xbe\xe1\xd2\x8f\x89\xc8A%\xc6\
\x91\x22d\xce\xb2\xaf`\xa3Qg\xa2}D.\xdc\x9c\
L%\xc6\xaa9Hp\x12>_\x7f\xd6Z\x16^\xd5\
\xf8_\xca\x05\xef\x89\x13q&\xdfkN\xd0\xc89Q\
l\xc2y\x94C\xfd\x89\xc85\xe2\xcf)\x87\x0b\xb4F\
\x15\xf3\xe0\xf8o\xdb\x92\x94<\xac\xb5\xbc\xb5fy\x8b\
\xda[H\xdb)/\x9fl\xe2\xa5t6\x93v\xedT\
!\xccb\xc6\xee\x9cH\x12iE\xc2VD\x05\x09\xb1\
]\xd1\xf8c*Bh\x90\x14\x8d\xad?/\x80\xc8\x87\
\xece/\x8b\x10\x07\x03b\x84\xebG\xfe\x22\xf4J\xb4\
\xe6\x02H\x98\x96\x10\x1f\xd1\x93\xe4\xa2\xa5\x9d\xb2\x16F\
F\xc4\xba\x8a\xbe\xb0n\xe7\x10\x1f\x8e\xc6a\x5c?\x96\
i\xaa}\x85\xc8\xd2\xc4\xe5F\x84\x09\xdd\x08\x1dI;\
\xd6\x97>\x88\x82\x14yD\x8bi\xcfrR\xfb \xcb\
\xdf\x0a\x10\xa2\xa3\x18\xd3\x8c\xd4X\x14fj\xd2\xf5&\
\xbf\x97\xc59\x95\xae\xa3\xb6M\x10\xdd\xc9U\x0f(q\
;5\xe0\xc4\x80\x13\xe9\x94\xd4\xcc\xfd\xfe\xec\xd2\xd8\xf2\
\xf4$q\x9f\x8f_w\xe5\xa8\xf2\xd1P\x00&H\xea\
\xd5\x0b7\xb2\xaeE\x15`l\xee!P@\x0a\xa7\xf5\
xK\x06ws\x8cH\x83\xe4\xa2\xc6Zgh\x22\xbe\
\xaf\x1byA]\xab\xb4\xd9k\xb4x\xd5\xf5#$\xc8\
#\xf4J\x1d\x89o\x89\x86\xc2/.\xfe\xc3\xa3\xab\xee\
\xeb\xdb#qf\xa4\x9c\xb0\xfa\x995z\xcd\x86GR\
9\x9e\x04\x88\xd8\xc8!0\xb2\xbf\xdd\xac\x05\x22\x22\x8a\
\xb0]\xd0\xda\x91\x16~\x1b\xf2\x18\x81\x0e\xbd\x8c\x11o\
i\x13]\xceq\x8b\xdd\xa3S\xf1!?\xe4\x81N\xb3\
\x0c+\xec\xfe\xfe\xf5c\xd2.\xbe\xd3\x16\x8b\xe9\x8f_\
\xd6[t.\x85q\x9a|}*\xbed\xaa\x8f\xe8\xdc\
\x90\x02G\x82(\x8b\xee\x0e\xe1a\xf3ZZ\xa82S\
*H\x1e\xce\xce\xbf=y^\x8a'8\x06\xb1S\x93\
\x16\x22J|\xde.\x173 \x04\x0e\xbf\xcbk\x1c8\
\x83\x1f\xa9\xa7'\x82GW\x82\x946\xdf\xaf\x90c\xa4\
\xee\xf3\xbf6\x8c\xbc\xb7#A\x9b\xbdh4\xeaj\xb9\
@\xf8\x05N\x12\x848\xd9\xc9\xdc\x8d\x98\xf8qZ\xf9\
E\x83D\xf1\x91l\x18\xf1E-Y\xf0J\x84x'\
\x12\xdd\x08\x0bZ~\xe2p?\xde>\xa9\xae\xc3ZJ\
\xbe\xc5\x96\xf0\x22\x12\x99\xe0\x89\x82\xf3\xa0\x0f\x91K\x89\
\xb2*>j_\x04|\x13\xb1\xe9\x14A\x16Q\xc1\x8a\
\x15\xda\x83\xbf&K\x22c\xf9}Q^m\xb9\xf0K\
\xb3_\xbf;\xa5b\xbbY\xc8\xb5\x18O\x05\x94ZI\
C\xc8U\xaf\x80\x08[\xed\xde\x994@\x07\x06\xc6$\
sW\x90l\xa4\x06\x0cO\xe2Z%\x8a\x129\xf3\x09\
^\xa0$\xcc'\x9a'\xa9\xad\xab8\xb8\x0b\xbd'[\
\xb2\x94\xd6\xb5\xe0D\xfeV\xa3\x9d\xfd\xb8\x04&\xf2X\
\x09F\xfe\x17k\x11\xdf]\xa2\xf1O\xc1\xc8\x1f\x99\x1e\
\x01F\x82\xd6\x03\xb0\x91U\x81\x8f\xcc\x8e\x84\xe2\x16=\
I\x90w\xa8\x18\xc9\xbc\xc8\xd0c\x84\xcd\xc3\xa8\x10\xd4\
p\xee\x90^\x84\x10\xb9\xad\x10\xb9\xd9>=\xd5\xc6\xe1\
\x0a\xa9\x08\xac\xc5\xfd\xc6P2\xf2}\x86\x82\x8f\xeaC\
\xf0j\xed\x81\x99N\x16\x8a\x90\x9f\xaf\x0c\xdd\x8e\x068\
h']\xc2\xefT\xafBM\x04\xd5\xf1\x07p\xf23\
\x9a\xa2d9\xc5s\xaa\xe5\x02$\xedp$\x8dQ\x7f\
\x05\xd0\xc6\xe5\x87\xa1\xaa\xad\xed\xc4\xbdd\xee\xebM\xa9\
\x01\xaf\x08\x92\x8e\xd6\xe9,[\xc0\x00s\x10\xb9!J\
0s\xe5\xfb#4f\xecQ\x04\xa2\x1a \x92L#\
\xa6\x22\x10N\xf77NX)aK\xfc\x88L\x22\xd2\
\x8f\xbco\x0fQ12\xbc\x12\x8c|\xea\x0ak1\xc6\
\xca-\xdd\x0d\xea\xcd\x9c\xaa\xf5\x8e\x22\x9b1\xac\x03U\
\xe3l\xae\x1c\x9d\x82\x96\x95\xb4\x12\x86\x96\x11\xd1]s\
}\xb5\xbf\x96\xb6\x88@\xe4\xb6@D^\xc5Fz\xb6\
m=\xb9<\xa1\xb1g\xad\xd2}YmU:\x8a\x1c\
\xb3\x99\xf8\x10\x0b\xb2h\xcf\xda5\x9f\xd4\x88j^\xb1\
:\x9e\x22\xf5\x16#\xed\xb2V\x15J\xf1\xaam\x1dN\
b\xdfD\xbc\xd4\x8f\x0a\xb3\x896e\xec\xa5\xde\x8dR\
\xf2^\xe44.\x82\xd0\xcc]8\x8e\x0f\x0f\xfb=A\
\xa2(\x09\x15`\xa2D^\x9cs\xcf\xc5 (,\xdf\
\xd1\x800\xcb\xe4\x84\x80\x14\x04[\xf5\xcc\xf6,$\x0a\
\x8e\x5c\xb2\x1b\xec\x5c\xc9(\x83\xd1)\xfc\xc8\xc7\xf4G\
dRW\xd6*(F\xe0@\x98\x92\x1c\xb1\xd4\x89x\
\xcb\x9a#a\xb5tNf\xf4\xc9\xbagi\xc1\x83\x04\
=\xdf\xc8\xf4U\x88\xa0s\xf8\xed\xa9\xf6\xd6\xef\xa4q\
\x08\x80\xc0n4\x22\xb9a\xb0EB\xbc\x5c\x9aF\x0b\
\xbfLF&\xb3V|\x08\x13\x09\xefA~IIJ\
\x22$1\x94L\xa9Z\x8f\x17\xb1R\xbb+\x93\x8a\x93\
\xc5/\x85\x09\x81\x02\x944R\x09v\xbeD\xe3>\x22\
\x04-\xce\x0c \xf8k-*H\x16\x11$LJ\xa2\
\x22\xb0b\x84\xae\x84\x16\xe7I\xa8*\xc4\x94\xa43k\
5\x88c$\x175s\x0f\x8d\xf6DL\x08@\xa1Q\
K>z\x91\x03a\xeb\xba\x10\xb6^\xfe|\xc0\xea\xd0\
\x03]\x0b\xb1\xd6\xd0\x05Z!\xda\xca-\x99e\x8f\x0b\
\xdd`\xc8\xd6\x8e\xf1}a\xa6\x11\x84\x93\xca\xb3QD\
\xab\x09>\x84E_\xd79\x5cj\xcd\xf7[\xbbA&\
\x02s\xda@\x8b\x90\x8b\x18L\xd4\x85\xb8\x07tZ\xbc\
\xc4\x0f\xff4w\x8aQ\xc5n\xcac\xef]\x06\x9a\x9b\
,M\xd3\xef\x1d~\xc6L\x93\xfae\xe5A\xbe\xfau\
\x7f\x8e\x85\xf2\x88\xdf_\xeb[\xc8I\x94kiC`\
5{*\xa7!\x859\x89d\xee\xcbu\x01\xc9:x\
\x12\x93\xcd\xa6\x19L\xd0)\x19w\xea\xc0\xb9\x92\xe35\
\x8d\xb5\xad\xc4\x910'!B\xe4\x8c\xd6\xd3#1`\
$\xc0\x84\x18\xc1\x00\xc9\xfb\xfa\x11L\xb3k\x9b\xfdJ\
0\xf2\x97^\x03\xf7(TJKgE<2\x0e\xb3\
\x9cC\xc7\xf2\x15\xa3D\xe9\xa1g\x88+\xa0\x013p\
D|\xc4\xddm%\xd0\xea\xb5\x0a\x11\xd4|a\xe41\
\xde\xb4\xcd\xa2\x05\x01\xa5Q\x82o\x03j\x96\xa1C\xdf\
7M;\x91T\xbd<\xc9\xcc\xad\x9f\x0f\x00\x19k\x87\
|\xa6\xdd\x05\xda\x14\x97h@\x0cB\x1a\x99894\
#\xf5\xd7t\x01\xdc\xefC\xbb\x04\xf0R\xd5\x17\x94\x81\
\x8d#\x83\xc0\x0b\x14~\x8fy\x10S\x96\xfb5<\x09\
\xc6\xdc\xa3 pX\xe73\xa1\x11\xd1\x5c\xc7K\x9fr\
\xf8>\xa52\x10Wr\x12,W\xd5\x9fdZ\xa7\x07\
\x91\xf4X\x08v\xcb\xfd\xab1\xe2\x92+\x06H\x04\x7f\
\xd7\x9fD\xf5\xe1#\xfa\xec%g\x07F\xa4\xcct\x05\
\xe7qd\xc94\x8bZ1\xc4\xa2\xcb<\x84\x99\x9c9\
Lb\xac\x8a\x13\xc1H\x94*\x1d\xe1\x80\xbc\x83\xbcF\
\x18^H\x04\xaf\x81\x11\xd2|;\x8b\xd6?\xcd\x0f\x10\
\xd9t\xa2\xacV:\xec\x8e\x0bo\xc5\xde1\xee\xf3z\
\xd1\xb6\x88Z3\xa9\xa9z\xcc\xaf\xe5\xa9\x96\x10\xab\x9d\
J\xee\xc1\xa0\x8a0\x88\xc6\xb5\x06\x9e\x1b5\x05\xa9E\
\x13x\xc0\x0f(\xf9%\xbf<\x0a\x14-\xba$x\xf9\
Q\x12\xbc\x05<:\xec-\xf5$\x19H8\x99\xd8\x1d\
Mt\xc8\x1e\xe7\x83\xee&w:B\xea\x0e\x84`\xaa\
!\xe9\x95\x5c\xcaI\x02\xb0\xe5%8\xd2\x02\x17\x13\x93\
HF\xe9u\x94Q\x06\xc3O\xb2\x14\x11MD\xe0\xe4\
} B?R\x9f\xdc,\xb6\x22\x0f\x1e\x7f\xc2\xb0<\
\xd7CD\x0e\xf6C8\xc6\x1cvS\x91\xe5\xcb\xe0J\
\xae\xa4\xc1\xebh.\xd7\xe5\xfa\x5c\xbd\xc1\xb7\xecHW\
\xe4\x16^d\x8a\xce\xe1n\xdb.\x96q\xe5\xce\xc2\xa2\
wE\x07\x0aD\x18\xc8\x05{\xb1\xdcZ\xf0\xa7\xe4\x09\
\x0e\x08\xd1\x18\x0b\xec\x91q\xea2\xf8\xc5h\x8cf\xf4\
&\xce\x04\xf5\x00\x90\x84\xed7Y\x14R\xb0V\xd6t\
T\x1e\x95h\xd0\xe5q3&\xa6\xfc\x10h\x91\x13 \
\xd9\xd5pk/\x0cG\xd5\x82\x88\xbb|\xe4\xc5m\xd5\
8R*0\x80B^\xca\xcd\x0d|\xbfs$\x91\x05\
\x1cX)dm\xf5\x0f\x89\xc9%u\xb7\x80\x11s!\
r\xfb\xd4\x0f\x1dE\xfa\x11Y\x1c\xda\x03F\x98\xb4\xbf\
\x17F$\xcd\x11\x8c\x5c_*F\xce\xc3\x00b\xd6W\
\xc75W.}\x83\xa05`\xb5\xd73}\x0d&\x96\
\xaa\x0b2\xc8b\xac&nd\x14B-\x8b\xeb)~\
\xc28\x0b\xe9\xfa\xa7\xa9R\xe1\x9f|\xe7\x104-\xa4\
#7n\xa2\x0a\x08\xa1\xf3hA\x80\x97\xa7s\xda\x22\
\xccr\x06\x172\x07@hGa\x92{\x18\xc5\xe1l\
Z\x9d\x89\xaf+\x0bP\xaa+\x99O\x88\x10\x9d]\x01\
\x1c0\xda.\xf7q}\xaf\xa0g\x15b\x04\x8a#<\
\xc9\xb6\x82$\xdb\xc4k;\xdd\xb9\x82\x81\x04\xae8\x9f\
\xc8v\x22\xdc=\xe6Ib\x1d\xf8\x8a\x1d\xc58\xde\x1e\
\xf4\xb6\xa2\xf4-\x13\x93\xfe\xdb\x0a\xc0\xc8G<F\xfe\
\x0b\xbd\xf6\xf7\x8f\xb5\xae\x14#@G\x02\x13\x0e\x1f\xfa\
\xd1\xc3\xf8\x17#:\xf4E'\xe2\xc4\xe6:\x8e\xe4\xba\
C;\x01\x09\x1e7\xf0\xe0\xf3\xb5\x09\x9e\x0b\xaf\x10Q\
\x90@\xce\xb7G\x88\xb0\xa0\x85\x92\xaf\xc0\xa3\xbc\x90\x8a\
X[}\xaePa0\xa3iI\xf9\x0d\xc4\x89D\x84\
\xfc\x94\xda\xec\xb4\xe4 \x96\x99\x13\x02G-\xc7\xca\x14\
L{\x86\x5c.y\x7f^Tz\x8a\xd8\x04\xb9\xbb\xbc\
E\xe6N}<\xf8\x13\xc2\xa4\xbd\xa1'\x11\x90\xac\xc4\
\x93H\xe2\x1e[\xee\x097%\x84\x87\x99\xfe\xd6\x0de\
\x85\xc4\xc8Ka\xb4\xe5\x08\x8e\x9e\xbc5\x88\xf4-\xee\
\x13\x0d%.\xa5\xfe\x069y\xc4\x5c\x8c\xb5\xfa\xba\x80\
\xfa]\x87\xac\x04m\xeaG^\xaa\x1f\x11\x9c\xdb\xf2\x1d\
\x02\x15\xd6;a\xb4%h\x01\xbae\xfc%x\x91\xac\
c\xc8\xbd\x09Wq\x7f\x1b|2!R/\x84Iu\
\xe5\xf8v0_g\xa1\xc8\xa7\x22>\x17Y\xf7#D\
\xfc\xf6\xb6\x91\xa3\xc7\xa2\xc3\x00v\x96\xa6\xed\x8d\xc2\xa3\
\x1c\x92\x1f\xcf\xe8D\x9c\x0fi*B0ju\x04\x04\
\xb8\xce]\xfe\x9bBE\x8b`\xa0\xdb\xd3\x97<3+\
\xa9\xbef^^\x8a^\xbdTg\xa2)\x14*\xc1M\
}\xa7\xa87GR\x0e\x80\x04%\xe0\x10n}F\xb8\
\x15\x96\x94\xc85\xc9\xdb9\xe8\xae\x92B\x5cR\xad\x0c\
`\xdfsOx\xf2\xccH\xba\x08\xf1\xde\xc4x\xe4x\
\xd0^/l\x17;1\x8c\x5c0\xd6\xfa\x00\xc9\x87:\
bu\x89\xd5\xec.]?\xa9\xef0\x1a\x89q\x11\xba\
\x11\x05\x88\xc7\x87\x1en\x9a\x0a0A\xfb(L\xe5j\
\xa0\x85\x04\xcf<\xc9\x90\xc2\x0er\x06\x15-9\xd5\xf8\
\xc1\xed0\xe2\xd5Jw\x13\x0f\x91%\xda\x86\x8a\x0f\xc8\
\xa04\xe5-PB/\x22\xb0\xd0\xbb\xb5\xb7g\xccD\
\x82\x0fa\xe2\xdd\xb1\x044),\xf8\xf3<\x1f\xbd\x11\
\x94\xb0<@Pj\xbcU~\xa6\x8e\x08c0\x12\x00\
\xd1\xec=c\xca\x83\x9c\xc2\x12\xf0~}zj\xa2\xd9\
\x04I\xa7\xbe\xe5Z%Y\xb7DQ\xc2}\xeej\xf8\
|\x03DTqK.Q\x02\x22\x19%Qx\x04\x9a\
\xa3\xe2#.\xe0=\xb1\xacX\xf5G\xa0fz\x81\x15\
$\x12k\xbdo\x9b\xfd\x80\x91\xeb\x81\xd6\xb5N\xce\x93\
P\xab\x87\xe3D\xef\x0a\x15\x01Hh\x89\xe0\xaf('\
\xf0q\xa1q\x96\x95\xb4.\xeb\xbf\xd4\xb0\xabXz=\
2\xc1\xeb!Ru\x80\xa4@\x04\xdf\x05KE\xacv\
\x14t\xb4f\x1e!\x8f\xebaS\xd2u@\x84\xec,\
\xb7\x7f\x87\xf8\xc0U\xdc\x870{A>\xaf\x0f\xa2\xb4\
\xfc\xa4'\xf2\xbb\xf3\xb8>k\x07|6\x91'%@\
\x00\xcf\xd3\xbc\xdei\xf3.T\xe6LP|\xd6\x8e\xb3\
\x5cf\x13\xcd\xde\xbb}\xfc\x1fBt\xb4\xf67|\x89\
\xc2D\x0e\x1b\x9c4\x8db\xaf\x992r\x89\xfbz\x03\
\x82#\xb9[\xccJn\x05!~\xf0\xca\xe8\xc0\xe49\
*7\xc5\xbe9\xa3Q9\xd4\xe0H\x90`\x1e\xb4\x9b\
\x09\x12\x07\x91r\x07\x15\x98\x10\x01\x83\xabw\xc1tD\
^\xb8|\xa2/\xf1\xb1\xd6\xd5\xc1\x8f\xfc\xfb@Fy\
yWj<1R\xb8(\x5c\xe6\xe6u\x1a\xe5NB\
Y\x5c7\x22\x06\x88\xf0\xf09I(\xfd\xb2\xb7N\x8a\
\x16r<r\xe11t\x18\xc9\xf0\xd4w\xf0k\x0eg\
\x81\xe8[\x98\xbe7;\x15wxZl\xc5\x89\xd0\x0c\
%\x8e\xca8\x06\xd3\xb7\xbem\x05\x87\x02\x184\xf3\x8b\
\x94\xc3\xce>\xd1\x19\xf6,fS\x025\xf3\x17\xb9\xcd\
s\x97BC\x0dMj\xc1h\xc6\xb0\xc0U{%\x93\
C\x03\xbf\xd5\xd2V\x0bM!\xa0D\xfe\x16\x9a\x914\
\xafI\xc0\x0b\xf4I\x04$}\x99'Y[\x05\xb8\x1c\
\x02\x12f$\xa8j\xd5\x0b#\xc1D\x0e\xd8\x86\x12Q\
\xb2\x7fc\x22\x91\xf8@c\xc4q\xe4S\x82\xa3}\x04\
\xa7\xe2A=\xa6\xec\x1ak]_j>\xf2\xceu\xad\
\x17u#U\xc9\xf4Z\x1e\xe1+p\xb4\xd8#\xc9\xd4\
~\xa3\x1c\x8aw$=+\xe4Y\xfd\x97\xa5-9\xc8\
c\x8ce\xadk\xa8\xf5\xdb\xc8ad\xa0\x10\x22Ze\
\x09c\xb9\xde\x8bL\xfaOO\x06\x91\x08\x10d\xed\xae\
\xbd\xcei\x11\x14\xb6\x8a\xa1\x1b1\xf5\x1f\xe7\xcfh\xea\
I\xfa\xec\x03\xac\x102%\x96\xa5\x229T(\x12|\
k\xd5f\xa3\x06\xd7xk\x0aaJ\xa6L\x90\xff\xc2\
T\x89b\x9e\x11W\xe3TS\x00\x92\xd5\xfe\xe1\xecJ\
@\x12W\xc2\xb1\x02\xec\x8d\xe8%D<\x09\xd8H)\
4&\xed0\xb7\xb7\x07 \x91K\x22\x91ra\x10\xf1\
\xabE\x99\xaf\x13\x1f\xack\x19F\xd8D|_\xc5\x07\
\xc6Z\x83\xa3TF\x80C\x0f\xe7F2\x09\xec\x98\xb5\
\x0f\x92q\x11\x80\x049\xbbM\xafk\xd1\x97\xcb\x0e\x09\
\x11\xf2\x9f,\xac\x01B\x9c\xb6\xc3c\x81\xc8l\x0b\x88\
\xb4\x80\xc8H\x0eNT)HX\xd7b\xf9w\x8e\x84\
\x04EN\xe9\xac\xff\xf4N\xe4\x7fP`\xf2H\xc8a\
A\x99\xecy\xa8\xff\x1eMVX\x8b\x10\xb9\x95V\xc2\
\xbc\xee\xef?+4\xc7f\xac\xd6\x22#i\xca\xa9\x10\
A\xc4\xd5\xaa31x,\xdc\xb9]\x00$S\x80d\
\xc5pK,\xae\xbb\x82?\x890\x89<y\xe8\xd2\x91\
\x98\xc2\x9d\xa2\xaa#\x1fu\x1b\xf3\x15\xeeq\x0b\x1cN\
\xb6F\x82\xa6i\xc0\xc8\x1f\xc8\x07}\x5c\xac5\xb0\x0d\
\xd3\xb4\xe0C\x02F(\xf0\xcb\x99*\xbfG\xc1\x8c\x10\
\xf1\xf3\x22\xc5:c\xb9#\x08\xfb\x82vm\xed\xc3\x84\
\x832vk\x0e\xa7\x08\xb4\xe0E>\x9f+\xd3\xf7i\
\x9e\x10PF`\xfb\xc2\x1a\xce\x1c\xd6zV\xb9\xb5\x84\
\xc8\xfc\xfb\x18N\xc4\xa5\x04c\xade\x85b/oD\
En\x012\xa9\xc1\x97\xcc\x5c\xb9\x00s\xf2\x12\xe8a\
\xf8\x0a.\xaf\x5c\x10v\x81L\x03\xaac\x97\x0e<2\
\x92\xf3v^@\x22\x93\x89\x8f\xa6+o\xb4\x14]\xe5\
\xf3\x8a\xbb\x85)^\x10\xd0\xbc\x12\xc4\x8d\x9cX,\x0a\
\xa3XvJ\x01\xf62B\x80I_\x0e* $\x19\
\xbb\xef\xb33\xda\x22F\x06\x97\xd7\x03\xfa\x91w\x85\x08\
12\xaaq\x10;\x88o\x8e\xb0\x07qF9<\x0f\
\xc5{\x11\xeer\x93\x0bM\xc1\x81|.\xf0|m$\
W\xee\x0d\x07F\xd4\xbf\xc7\x82\x16\xbb\xeb\x06\x11\x11c\
\xdc\xeb\xbc\xc8\xdd\xc6jY\xf5DAK.\xda?l\
\x10f\xc9\x1d\xef@\xae-\xd7F\xfa\x86?\xbaq\xd6\
s%\x9d4\x1a\xea\x11&Gm\xfa7Q\x93\xc7m\
\xb3\xb9\xb8\x12\x8fSMJ\x1aE\x06Z\xef\xd8!\x04\
T8F\x0d<\xc9B\xd5R0W\xb2\xbd\xc3\x8c\xfb\
>\x82\xc4\xf7I\xe8Ef\xe6I\x5c'\x91\xd5_E\
\x89*;\x99\x0c\xb0q'\xd8 \x81\x1fq\x8c\x14d\
\xac@\x08\x87\xbbiNc\xcb`B\x89P\xcfEQ\
\x8c\xd0\x8d\xbc/5\xbe\xe6##\xf3#\xe6E\xe2\x9d\
\xfa\x0e4\x05;\x11bv\x19\xd4\x1d\xa8\xef@\x1f\x12\
w\xae\xd3\x89`\xa8\xaa\xb9I\x88\x8c\xe4|\xd4o_\
\x18:,\x0a(E\xf4\xba\x0a\xa0|\xd9(BhQ\
\xff\x04\x8f\x90:\x0e\xb9\xc2\x8b@{\x91\xf5,v\xbb\
g\xb3\xa6\x01N\x09\x93\xa3\x08\x99\xeb\xed?\xb2\x9ak\
\xc1U\xd2\x95\xb8\xa4\x04\xe40q\x1c\xc6J\x81\x5c\x9e\
q\xe6\x81\x12\x1a\xe7I\xbe\x88\x84\xe3~\x87\x86{\xb2\
\xc6\x87(1oB\xef\x06\x90\xc0 \xe2\x8f\xd5$A\
L\x1eb\xd9\xc9.Q\xb3\xd0\x1d\xd1\x97\xcfHp\x8b\
\xceD r\x22\x97S`\xe4\x03\xfb#\xc0\x08\xf2\x91\
\xb7((\x996#\x10\x0e#\x91Q\xc0\x91\xb0P\xea\
\x95 I\xf6T\xb1-b\xc2\xd7\xcd(6F\x82\x5c\
)9Z\x0a\x91u\xefQ\x07s\x1f\xbb\xaa\xf0#\x14\
}Y\xf8\x1d\xc1w\xc0\xe6\x0d\xf0\x01\x9b!\x15\xe1\xa3\
\xb9\x94\x8eH\xa38\xfd\x0f\xb8'\xc7!r<;\x99\
\x0a\xdbq\xfe*)*X\xad\xfa^pzJV\x16\
s\xcb \x80\x12\x0c\xbb\x93\x96\xd2.\xda\xe5\xf6\xeb~\
]\x99\xf2R\x01N\xd7T[\xbcE\xd9\x14\x96\x7f\x03\
\xbf\x91\x93\xbbl\x92\xb8\xac=\xf0\xe4\x89\x13V\xb8\x88\
\x12S\x9d\x0aY\x09O\x0b\xf7\xf1X\xa2?\x22\x18\xc1\
\x12\x84w\x07\x89\xcc\xea\x22\x1f\x19H\x7f$gj\xf5\
\x82P\x10%\x1e\xca\xa9\x1e\xe4\x04i\x08@\xa2\xc7\xc0\
\xdc\x08\x9a\x88\x9a\xb1\x0f\xf5\x85\x0e\x22\x11\xe2\xf4\x18\xb3\
U\x87\xf4\x22\x98\x98\xf3{\xdc\x00\x91Ki\xaf\xafe\
|{\xd9:\xfaI\xb9\x01\x22\xb0\xc6\x92\x91Vs_\
\xdc\x10\xc3\x08\x85\xf1\xd9\x858\xda\xe7\x9e\x02\x1e\xb9\xef\
8\x8e\x96\xbb\xf0E\xde\xd3\x1e\x0a\x0ba\xcdx\x16z\
%\xe2I\x10\xee\x913\x03=ItB\xe3\x0e\x9f\xc6\
\xe6\x91\x17\x0b\x01\xc9\xc3\xbeN\xef\x9erK5P\x02\
\x8c@[>\xcf\xdb\x89\x901\xd5\xb2G\xbeC\xe23\
\x92\xabL\x06\xa2RQ\x98\xb9\x87l$\x92\xe4{'\
\xeaH\xca\xbd\xcbj<\x81\x1f\x19H\xce\xfe1b\xa6\
\xccGn\xd0\x1f\xf1\x93\xec\x09\x5c(L\x0c\x8b\x02\xbf\
q\xac\x8a\xaa\x8c\xcc\xd8}\xa0u\xa5\x81\xab dX\
N\xae^W\xbe\x1cA\xe2a\xa2\xdf\xb1j\x86\x10l\
:\x1c.\xb4w\xb8\xde\xee\xd8\x17qf\xfbsa\xc4\
I\x83\x5c]\xecf\x5c>\xbb\xf5\xa9d\xb2\xde\xce\x10\
_\xe1\xa0e\x90a&?G;R\xf9\xba\xe5d\xf1\
\x8a\xf8\x88\xd4y\xdf\x88\xaf\x8c\xca\x16\xf1\x16\x10+>\
\xad\xfe\xfbh\xf6\xd4@\x98\x98rG\xf3\xaet#w\
\x11\xb5\x00\x89\xb4I\xa4\x02\xbc.F\x8c\xdcZ\xbcE\
7\x02\xa0$\x10Q3\x01`\x8a@\x10!\xc0\x07,\
\x11m\x0c\x22\x10\xacmQ:^^\xd9\xa4\x15\xf9Z\
\x83\xcb\xe1\x00=\xc4\x0f\xc4\xc8%1\x82\xa4\x04u\xe0\
\xac\xb8E{-\x14OmF\x9d\xcd\x8c\x85_\x84Z\
\xe5\xce\xb1\x11\xe7I \x91i\x18!B\x1a0\xa3X\
\xf7\x85\x8a\x02KZ\xfbf'\xd1\x83\xb4\xd7wm\xda\
\x1990\x1aIEiZ\xc4#\x946(g\x80\xc8\
Oq\x22(\xaa!c\xcf\x09'p4\xa1s\x0ep\
\xeb\x95o\x80\x06\x80&\xe2\x0d\x1e\x0b?C\xe3-\x82\
\xa4)5\xe0I\xd3(\xb1\xacQ\xe2\xbc\x15!\xf8\xf7\
\xea(A\xdc(FT\xe7\xb4R\xb7\xbe\x14\x01\xc7u\
\x96\x930%\x91\x83\xb4-\x8f\x12Gl\xb4\xf5\xed\x1d\
iS\x8e$F\x8c\xc0\x08\x8f\x18b)0p\xe0B\
\x81\x14\xd7\xbc\xc3\xd6\xd0\xc1\xd5\x07\xf8\x11&\xed\xa8k\
I0d\x00a\x83\xbd\x83\x12\xf2\xc9\x5c\x80\x08\x88\x5c\
\x04\xce/\xdb\x87Z\xca\xb0\xd6\x88\xa2\xc3U}aP\
,=(\xa04\xc7\x16\x8cL\x89\x90\x99+i\xcdz\
\x95\xac\xb7\x97\x81\x91e\xeaD\xa2ric\x9dv\xb9\
\x08Fj\xc2\xf1}\xa9\x10a\x9c5\x9d\x1aDqK\
z\x1b\xb8\x04#\x0c\x00\xae\xff\xac\xbc\xa5\xae\xb363\
=H~\xc8L\xc9\xa1\xe3n\xba\xdd\x1c\x84\xd1\xe4\xe4\
`\xd4\xb6\x80'\xd9*\xbfq\x81\xe2V\x06\x12\xa2\xc4\
\xa4N\xc1\x84a\xa8E\xb3\x8c\xa4\xdcP\xfd\x95\x0b\xbe\
\xd1\x1ai\x89Y\xa8E\x8c8\xa0\xf4\xa9\x96BAS\
y\x13W\x87\xc6\x1e\xe2\xf0\x80\x91w\xe6k\xe9\xc2P\
\xc5H\xfdC3\xd4\x22\x1d%\xa9l\x85\xcdU\xf9\x98\
.\xd7\x8c\x14\x8b\xedC\xfc\xcbA\xb7\xcc0r\x03\x90\
t\x86\x0e\x19i\xd1\x89\x04\x22\xa3\x95\xb4\xf6\xdf*D\
\x16\x1by\x0e\xae\x01\x93Q\x00H\xb9kA\x94\x95\xdf\
\xda\x17\xa9`T\x88,\x14\x22|\x1cu\xe9\x81\x07H\
\xc4\x091B\x9a,\xeeX\x97@%\x97\x88\x86\x9c\x10\
i>G.\xb5\xbe\x15\xfeT\xedD??\x90H\xb5\
\x8d\xf6\x11\xe9C<L\xc8GQO\xb2]\xacW\x05\
$[\xe5\x00\x93\xbb\x15\xc7w\xc1\xdeJ\x09\xc0\xe05\
jm\x8bc\xa3\xe6F\xd8G4!\xf9@I\x09k\
D\x99\x91\x90\x0d(4\xad~\xa2\xd7\x180\xc2X\xeb\
\xbf>*\xd6b\x0f\x11\x94\xad \x8bb\x9b\x7f\x8f\xea\
<\x84\xac}\x00\xa59gXV\xc5H\x0b\xc6\xbe\x88\
\x02d\x14R\x11>[\xach9\x8c<\x0a\x1d\xbe\xac\
\xe0Y\x0bD\xee7\x0bX\x90y\xf0\xb4\xf8\x86\xa9\xbb\
\x12\xb5\xa8\xf1\xf3}\xd2y\x18'e\x8c\xaa\x81\x0b\x90\
Wj\xf9\xe0\x94\x9e\xd4\xa3`q\xe8o;\x12\xc4g\
\x8dt\xddo\x22H\xa6\xf2\x87\xd6\xbaV\xab]\xc5\xc6\
\x9a\xed6\xb8\xdb\xd8\x89^\xbb\xae\x93\xd8\xceE\x06\xa2\
\xe6\xedkY\x9a\xf8\x08O\xe2\x5c\x09\xccI8\x1at\
\xc3\x82j\xf5\xfe\xdc\xde\x13Y[h\xb8\xdbz\xab\xcb\
\x8e\x85pK/\x91\xb8\xe5\x8c\xf8@>B\x8c \xd4\
z\xf7\xba\x16z\x88\x17\x03\x9f\x8e$\xfdvN\xebF\
\x84\x5ct\xfd\x88\x9f\xd1\x1d\xe0@6\x02\x0b2A\x18\
=\xac\x08\xb9\xe1x\xae\xef\x1d\xca\x05^\x84Zs\x9e\
\xeb\xbb\xdf\xdd\x15\x88hIK\xb1\x81Kg]\x95\xdc\
-\xd2\xc2Q\xe5\xdc\xc6\x0d>\x8f\xa7\xdf\x9b\xce\xa3\xb8\
\xf8._&K\xcc\x85N\xc7\xd1\x02\x18\xcfj\xf1I\
\x9f\xce\xf9|\x82\xc7\xeeX\xa6O\x09\x15\xffH\x0a\x19\
\xb8\x8d 1]\xa1b\xe2\x15Q\xce\xaaulf\xee\
\x81\xdc\x88\x7f\x92\xed\xbd\x80\x04\xcc\xadu\x1em\xdd\xa2\
\x05\xa5\xab|\x98'\x19F|\xfdw\xa4\x87&\xed0\
B\x04AD\xae\x92\x02\xf7a\xf7\x038RYSo\
\xc8G\x80\x11\xb1\x8f\xcbG\xb0\xa2\xc7\xa2\xad e\x9a\
\xf7\x10\xe1\x0e#Y\x8b\xd9\x08\xd3u.\xe3\x89\xfb\xaa\
F\x1ca\x87/9\xa2\xef\xa0\xc4\x88\x99\xd1\xe1g\x9c\
\x18\x19/Q\xd2\x12\x88\x00%\xb4\x16GKst\xc6\
F\xfc\x08\xaa\x02\xe1\xd3\xbaR?\xc6\x8d\xd5\xb3\x228\
r\x88\xccf\xd0\xceJm\xd1N\x80\x93\x04\x1a!`\
\x9b\x1b$\xabt\xd1\xb3\xff\xb3M\xb5\x92\xd0\xca\xd1\x08\
\x12U\x81\x15<\x94\xb9y\x11\xdc\x99\x96\xa8\x87\xdd~\
\x95\xe2\xd6\xd7JJ\xe18\x89\x9aU\x80o\xb9\xc9\x87\
4`:\x12\xda\x8d\xe7\xa4\xc4\xddV\xd50a\x17v\
$\x12&\xa9\xf4\x03\xa9\xf1@\x88m\xe3\x84#\xd1E\
VW\x03,\xe9y\x7f]\x14\xe6\xec\xc6\x8d7\x88\x04\
\x17\xc2\x9d\xd34 \x84\xed\x1fB\xc4\xb1}i\x84\x88\
\x1cqg.8ZA\xd37\xd9\x9d@\x9d \xb2\xb4\
\x1e\x95\xc8\x08\xdd\xebk\xdfc\x07:p\xd3\xa3Q\xde\
\xefX\xb6\xf1\xa0w\xd8\xd4\xbe\x08r\x11v\x22\xea3\
\xc8\xc0\xe7\xafi\xbeB\x1f\x9b+>\xda\x1f\xa2\x80\xcd\
E\xa1\xcf\xcfU&[\x912F\xf0\x95\x99\x14\x8c\x13\
\xf72\x0b \xb9\xf9\xae\x0e\x16\xd5-\x88\xe7\xe9\xd0.\
v:2\xe9\xf23\x89\x0b\xad\x00\xaf\x04$\x0b\x95J\
\xf1$\xe0[9\x14%L\xdc\xb9\x9f$\xd3\xdc:\x04\
[*\x1ah\x12\xa74N\xec\xca\x01\x80\xe0\xca\xe2\x96\
U\x7f\x83\x80\xd0[\xaeD0\xe2b\xadw\xa7\xc6+\
D\x14#\xd0E\x01>\xb2\x0do\x1e\x18\xde\x7f\x10\x1e\
\x91\x0c?H\x96\xb9\x91\x80\xa2\x07K\xbe^\xd2wD\
*<\x8c\xf3\x22\x9e\xa7\xc5\xfe\xfa\xea|\xa5\x5c\xdf]\
\x9c\x18\x19\xd9\xa6\x01f\x22 2\x82\xdb$wT\x07\
\xe62-\xd2\xa9\xf9\xce\xfe\x8e\xef0\x11\x8a\xe9\x14:\
\xf1\x0b\x95(\xa5=w\xd7OC\x14\xb8\x15m-\x07\
\xc1\xbc\xe9\xcei^!\x22{\x90\xec\x04$M\xd3\xb4\
\x18(i9o\x05\x80\xb0_b@\xe1\xfa\xdd\xa5\xe6\
\xed\xa7\x87a\x12\xf6I\xe8H\x1c\x05\x98 q\x8a_\
\xe8#\xd2\x95\xe8\xf7\xd3\xfa$\x87V\x22y[\xaf\x09\
\xc0FoT#LB\xa7\xc4\xcc\xd1\x1aO]>\x22\
\x09\xc9\x07\xcc\x8f\x10#\xf0#\xc1\x85\xa4\xb9z\x92\xa8\
c\xea\x12\xf0\x88\x11V5\xeb\xad\x13\x1e\xde\x87\xdcp\
\x17(\x89\x8c\x19\x03\x05N\x84\xfd\xf5G\x9d\xcd\x95|\
}\xb21&\xfc\xa8\xad):u\xd4o\xe4\x0ek\x94\
\xb6Q\x11B\xd5g-\xfa\x92>\xa8\x109f\xfcd\
\xad\x83Q\xbaw\x1d\xbb\xa7\xb9\x1d\xf1w\xba*Tq\
\xd2\x96\xbf\xc9d\xca\xbf\xe3q\x9b\x05\x90,j\xc7\xbd\
\x81\xe2\xaa\x8d\xc0h\xdf\xa4\xb5\xf8+\xec\x16Er\x86\
\xbc\xfd\xe1t\xc4\x94$\xe6\xed\x98'1M!\xc2\xc4\
\x89e\x8f\xb9\xc1\xc7\x8bv\x5c\x93\xde\x98\xad\xefAZ\
\x02\xa8\xf8N\xa2\x97\xddrF%\x1e\x12\x80\xc5\x8fH\
\x9f\x9d~\xe4\x1d\xc5\xb5r?\x92\xc1\xe3ug\x9d \
\x89\xaduX\xe8\x1a\xd2\x8dP\xe5A\x8d\x82\x8cZb\
\x8f\x00at\xa3\xdf\x1fd\x90\x1dAF\x9d\xaa\xaa\xc9\
\xc8\xa3\x95\xb4\xac\xa7\x0c?\x02'\x02t \x1e\xc1\xc7\
ny\xa9Y\xeb\x90\x10I\xe8\xef\xa9L\x96,2\xcc\
\xa5\xe0sS\x18\xfd\xfe\x81U\xa1I\x15y\x9a:\xac\
\x08\x92e\x09\x06m\xe6\x0a\x93\xc6\x95&\x8f\xbf \xf4\
\x1f\x8c/\xef\xac\xd2\x1b\x05$_\xa4K\xa2\xd3$\x01\
%\xb3\xee\x8a\x12\xf5\xe3\xf4o\xb0\xeeXbS\xd3v\
\x12\x1c9K\x92\x0d%vy[\xaa\xb1\x95\x08\xa4\xe8\
\x8b\x8c-:\x13\xf0\xb5\x80\x11\x05\xc9{oC\xf4\x18\
\xa1D\xe3\x89aD\xd8\x95\xb6\xdbT\xa6\xd8\xf5\xec\xf7\
+E+\x87\x08:\x86\x97h\x1b\x1d\xb2t\xb9\xab\xfb\
\xd5y\xaar x\x15\x90\xe8?0\x08\x8cr\xc2\xd8\
\x16\xa1\x17A\xc2\xfe\x19\xbb\xdc\x1e{\x87dd\xd9\xc2\
\x8f\x8cZ9Y\xc5\x1aQ\xd9\x17\x1c-\x94\x81\xc8\xd0\
\x0b)\xf1\xef2\x91\xeb\xb2\xe9i\x8a\x8d)\x0am\xd0\
Y\xfc\xf9\xd7\xf8\x88\x0e\xe5\xe7/\x81\xc9\xac\xf8\xa0H\
\xe6\xe2\xafO\x8c\xbc\x06\x89P\xe5\xe7\xa8\x01\xeb6!\
[-\xd4\xaah\x0a\x220\xd2\xe6\x95cp\xd3\x1eH\
)\xeb\xdd\xd97KI\xacOB\xa6<P\x12\xb5\x80\
M\xa5\xa2\x01Y\x1e\xce\xa4#\x01\x11V\xee\xb2\x04\x1c\
\xe6\x12\xc9\xdc\xa2CQ\xa8\x9c\xb8~by\xaf\x9c\xad\
\x13@D4\x1f\x82\x1fy_\x90D?\x12y\xf1'\
\x05\x14\x92\xa3\xcb\x1d\xa9\xc8I\xbd\xd4?\xf3\x85\xc2\x84\
\x22\x0f\x04I'\xd4\xc2\xae\xc3\x81\xa5\x22\xba6\xb7\x93\
\xae\xc3Q\xc3B*\x92\x80$H_\x7fB2\xe2)\
(#\xe1\xf7\x02!\xd5\x9b4^\xf5\x1a\x8b\x14\xb4\xb9\
\xde\xa2x\xea\x1f\xbe<\xd0\xcamZ\xc5\xe3\x1a\xe8\xf5\
\xa6v\x1c&\xe2M\x90\xc1\x13$\xa9\xa1\xba\x15+o\
b\xda#\xa1\xae|\xb97\x9d\x99\x929\x18\xce\xbe\x12\
\xbc\xdcIJ\xb2\xde\x5c \xda\x0a\x8eD=\x09\xcc\xb2\
\xc1\xc0od\xb05\x82\x020\xe9\x8d#_\xdd\x1a\x86\
\xcd\xed(|\x02#\x01 r\xc0\xa3\xa0\x06\x5coa\
n\x17\xbc\xdf.F\xde=g\xff\xd7\x8b\xcbGN\xd0\
d\x87\x1f\x09\xd3\xeb\x15\xd1QP\x0b\xca\xbe\xe5\x8a\xb0\
\xd2\xe9i]Y\x9c\x15\x86\x0e\xa1\x81\xc2\xe0U\xea\x22\
\x04HH\xd7\x81\x0fh\x96\x12 \x88\xb4\xf6Wsm\
\x1e\xb6\xdb\x82\x8c%\x95}\x91\x89\xd0\x91\xc0\x90\x89\xe0\
S\xb6\xc6)MSJ\xb5\xbf\x13\x88d\xe4\x91i\xf7\
\xedl\x0aE\xac\xbf\xebA\xb8\x99\x9a\x8b\x19\x18r\xe5\
F\x82\xd78T\xb7~\x12$XL\xdd\xd4\xb6\xfb\x1c\
\x8c\x14y\xcb\xf4\x9dTNH\xa5\xb4\xda%a\x01\x98\
m\x12\xb6\x12\xbd\x140<\x09\xba$`\xd2\x01%\x5c\
\xbak\xda\xa6\xa1\xeb\x8e\x0fM\xa7k\x0aC\xbd\x07\x9f\
\xb5\xe6D\x10q\xa1\x8f\x08'\xd2?A6r\xd2\x9d\
\xb1z?n\xfc\x8b\x81D\xf7X\x11#Y\xc1WC\
-u$\xfdz'B^O\x1e\x06a\xdf\xd7\x9d\xf5\
\x91\x9cUHk\xe8\xb3\xf5\x82\x12+h\xa17\x05\x12\
\xc6\x7fO\xc4\xe2h\xae\xa7i\xdd\x96dD\x9a\x87_\
76\xbb\xce\x81\x11\x89\xb6\xf0<\xa0\xed\x8c6\x1bP\
\xa2\x95\xdd\x9a\x8c\xfc\xe03\xce\x8aV\x9a\x88Ly\x97\
(\x8b*\xbdq\xf1\xf4q\xeb,\x18\xfd\xbd\xb4\xb5\xd3\
\xe5\xa2\xf7\x04(\xd85\xf7\xdc\xc9\x9b\xda\xa9\xcd$\x9a\
\x0a\xb0\x18\xa4\x84\xc6d\xca\x8f\xb1\x88\x88\x1d\xf7\xed\x17\
\x89\xb6\x96gO\x96\x92\xc4\x99+\xce\xb8s\x03/\xbb\
E\xc5\x92>\x09m\xe8\x11b\xbb\x93\xa1\xfc\xc1\x8cD\
t\xa6\x0eu\x1f\xdbG\xed\x85 \xe0F\x0a<\xe4-\
\x1eK\x9d\x1f)&\x18\x11b\xd5G\xc4Z\x7f\xbau\
-`\xe3D\x0e\xb9C\xf1\x0b\xf8\x95<$\xc8i\x9d\
\xd8\xa2Ts!\x94?\x81\x98\xd6\xeb\xcd\xebC|\xce\
0\xd2\xca\xb6'0\xcc\xfao-\xcf\x93\x82\xe2:#\
\xa5\xec[\xeb\xfbO{NU\xb5\xe0\xf9\xb6\xc1\x98\x8e\
\xe8c\xc3\x85\x9c\xed\xd4\xf2uB\xe4\x88\x03!p\x15\
!\x04\x08\xae\xf9r\xdd\x18\x8d\xf1\xbd\x84\x5c5\xe2\x9a\
\x86,$mQv\x8b\x0b?\xbe\xcf\x01\x8f\x16\xbat\
\xaa\x16\xd6\xfa\xed\x89\xe3\xee\x90\xfb\x08\x17MIVe\
]bMIV \xca\xb3\x02\xac0\xf1s\x89\x87\xf2\
\x89+\x01svW\x8e8L\x12\x96S'\xab\xdb\xe9\
N\x18r\xb9p\xeb\x84\x1d\x93\xb8i\xa1\xeak\xc9c\
f\xbc\xdf\xf7\xdfb\xf5\xa7\xd3C\xfc\x94\xabb\x83\x92\
\xecz\x9d\x15\xd0@8W)\xc8\x91\xa8<\xc8\xa9\x06\
\xc2\xef5\xf9\x8cPA\xa9P)\xa7q\xb5<N\xf0\
\xa9\x8a%ij\x16j\x95\xc9\xc3'\x89\xb4D\xfaz\
\xf9\xd6\xb4\x88/n5\xb8\xa9n\x88\xbc\x8aM\xf0\xd4\
1\xc6w4\xf7\x84\xec\xab_\x98\x15dy\x84<\xd7\
\x17\xd0\x01D\xfc\xfe\xf5\xeb\x87\x9a4\x14\x7f\xdb\xd7\xb1\
P\x97NG|\xc9B\xb2\xf7I\x9d\x98O\x9a\x95\xe4\
\xa6\x00$,n\x09O\x1e\xc43p\xb5(f\x8a;\
\x8d\x04`\x88e?|}x8\x1bY\x97$H\xa5\
\x18B\xf0I\x95\xc966\xe3\x91 D\x8aZ\xd0I\
\xb1f{\xd2E\x042h\x87\x00\xcbh[AC\xc8\
\x15|\x0d\x1c\xec!^\x80\xf7\xfb\xce}\xf6\x17l\x9e\
\x86\x1f\xb9V\xcd\x07\xd2O\xc0\x8fg\x87\x9di\x09\xe4\
*\xf2\xea\xaf\xb8\xcc\x00\x91a9X\xfe\xa5L\xbc\x96\
=\x14\x1f\x81\x81\x121\x12\xa4}\xbd\xb2\xef\xfef\xa1\
4\xad\xc5VJZ\xd8\x99k\x82\xa5`\xba\x86\x95U\
\xe0\xc6\x82\x87\x22\xc9H7z)O*&>\x98\x07\
\x84v^\xb1)\xa2,\xec\xeb\xe1z\x1dT\x7fe9\
bf\xa3\x1f\xbf\x15'LL\x88\x12i\x98L\x85B\
\x99\xe7B\xa6\xbe\x87N\x0e\x8b[\xba<\x07\x8a\xdeX\
\xb2`\xa3\xed\x86\x9d\x86-\x92Fa\x22\xc4\xad\xf5\xd7\
\x87\xf5\xdd\xd9\xfa\x9b\xabm\xf9\xd2VgyOJ\x00\
f\xa4\x05\xa3\xfa\x03\x84M\x89\x92!\xeaZ\xf2\xf1\xef\
\xe5\x1ai\x02\x92d\x01\x5c\xba\xf8\x0d{\xac<7^\
@\xf2\x8e\xb2\xf1\xc4H1\xee\x1f\x093U\xfa&\xf6\
\xd9s\xb1xJ\xa1D\x09\xec!\x15~\xe5\xe5\xd6\xe6\
\xca\x09\x80\xe4\xca\xbe\xb1\x81H\x9e\xd6\xfas\x8f\xc9\x08\
\xdd\x88e$r\xd8\xfa3\x0e!Q\xc0TyZ\x9a\
\xaf\xb317\x0b\xcfg&`=\xc3\xe6\xb7\xb08\xba\
\xe6\xee\xb2\x1b\x91\xdbCi\x93\xe9\x1c,\xae\xc9/$\
\xf9t?\x14\xbf\x9e5cP\x19\xdf$L\xceB\xfa\
\xb4\x80\x5c\x89-\xb6\xb2\xf9vj@\xcc\x9d\x13\xd1+\
@\xf2\xf0P@\xb2u\x05\xe0\xb8\x9fz\x8a\xc9\xdd\xb0\
\x9e:\x91\x917\xbd\xad\xae@\x0a,\xf4\x10\xe9M\x22\
L*HB\x87$\xdf\xb5\x0b\xbd\xdf\xcb\x0f\xe8\x8f\x10\
#\x98\xb1R\xddx\x90\x193\xf3\x0bt\xfd\x1a\xf6\x08\
\x12\xb2\xb4.\xd1d\x87\x01!r\xba\xe1Cb\x84\x9e\
\xc4\xe9\xc3\x13 \x93\xc4\x8b\x14B\xfcZ\x94k%\x19\
Y\x5cSq\xae5\xa5\x870bD\x22\x8a\xea\xad\xab\
\xc3\x9a\xe8\x03\x87\xc7t\xa2\x81\x16\xfdH\xaa\xa7X\x12\
\x91\xc53\xb5\x854xb\xc3\xa3pr\xb5^j\xbb\
R\xe4@]n\xaa@\x09\xb5\xb0g\xc8\xdcMt\xa4\
\x8b\x08\x99'\x5c\xc7\xe9\xbc\xb80f3?\xa4\x95\xa8\
s0\xda9T\xf5\xc6\xa6\xc2\x83y\x08\x0b[\x90\xc9\
\xf6\xd1\xd6i\xcf\x15\x80W>\xd6bqk\xc2\xd2o\
H\xd9\xa9I\x87\xa1].\x13u\xf2\xbfr\x90\x8e\x12\
\xe6v\xcd(\x90\x02\x0b\x0dv\xd3\x10\xa2v\x90\xc3\xc8\
;\x02\x04u-\xcc\xeaB\x17%\xc7\x07uQ8b\
L\x98\xa4\xbbs\x99\xb6\x13!j\x98`\xe7B\xb7\xa8\
\xc7\x88\xcf%\x0e\x8d@\xb5T,t\xd8\xd7(\xfb\x0a\
M\x8bF\xff\xc1\x06{4\xd4\xb5\xea\xef\x86|\xddT\
\xde\xa6S7O\x9b\xdbl\x820+l\xd7}\xae\x00\
\x99+\xadw\x8c\x973\xe0\xa5\xae\xa6\xee\xc2D.\xd4\
\xf5\xb5\xc7\x90\x00\x89\x0dw\xf8>\xd7%Q\x978g\
\xa6^a\xd2\x919\xf5Fz\xe3\xf6^@\xf2\xe5L\
\x06pb\x97$n&\xf1\xfb\xad\xa2\x8e\xbc\x98\x9bn\
\xef\x96~\xaf\x92U\x0bq\xfd[w 1(?D\
\x98\x10#\x96\x8f|D\x83\x04z\xbf\xc2\x8d?\xd4\xb5\
\xb8\xa6\xc7\x13\x1a\x01\x11hw3\x9b\x22\xdd\xb7\xdc}\
{\xe4\x12\xf0H\xf5\x82\xe2\xe4\xe1\xa8\xe9\xb2}a\xec\
OL1\x9e\xdbe\xfbZ\xa4\x05I\xc6k9\x10h\
q\xea\x90\xe3\x22\x14\xd4\x9a+\x85\x5c\xc9\xb2\xd3\x05 \
\x82\xc6H;\x99'y\x80\x7f#\x99H\xfb\xfc?L\
\xd0\x9f\xb9]\x17\x00\xe9`\xcc\xed\xa5S\xe4\xc8\x15\xbd\
\xf9\xe5oC\x09\xd3\x92F\xeaj\x1e]s\xf7g\x1a\
G\xea\x16\xa2\xad\x9a\x92\x1ct\xb2\x9b\x03#\xc5\xeb\x09\
\x99,\x9dXC\x11\x08\xa9m}\xfd\xfa\xb0D\xb4\xe5\
\xea\xbf\xb6.\x91\x02\xa7\xea\xd3\xad\x84\x90x\x12\xb1Q\
\x90\x00\xceE\x1b\xe3p\xbb\x5c\xa1\x88\xa0\xa6\xf7\x84\xfd\
\xeby\xbf\xc0\x88\x0cC\xbdc\x7f$\xf6\xd9\xaf1?\
B/\x12\xf2\x12\x9f\xaf\xc7\x8c\xbd\x8f\xc1Cy%d\
\xadD\xb94\xe8<\x88\x05\x89\x87\xc0e\xc4\x00;K\
Z\xd8\xe7\xb6Y\x97o\xea\xc3\xd3\xaaDZK\xe5\xc3\
3\x15a\x84\x15]\x09\x9a$Ue]rv\xff\x81\
,\x0ao\x11\x22\x11-S\xaa\xf9p\xd5\x14\x96\x87N\
\x8a\x83@\xc2\x9dJ/2\xe3\xad4aPX\x18r\
\xd1\x95\xb0\xf8<O\x1d\x09\x8a[,\x00\xa3\xd9\xae;\
\xad\xd4w\xd8\x1bEI\x8b\x0be\xb29\xb9+\xd1\xd6\
\xe6\xfc\xff\xef!\x94\xc2Y\x92\xc3\xe0\xae\xf8>Z`\
\xff\x9a\xf7o\xa8n\xaa,\xa3\x8e\x8eP\x96\x92\xc0\x91\
\xc0\x8fxj#\x0ez\x92\x98\x92\x90\xaf5D\x7f\xe4\
=I\x8d\x84H\xd8\xad@\x98\xd0\x8d\xc8\x91\xb1~a\
\x91\xaeEN<\x1a\xed\xb0\xe0Flun\xf3\xf6\xd0\
\x88\x9b\x19\xa1\x1b\xa1\x0e\xca\xf0\x06e\xdf$\xd2R\x07\
\xc2\xdd\xa0\xf4$\xa8\xf1\xd4\xa7\xa9`d\xfa\xfd\x9a\xc9\
\x08\xf4\xdd\xa6G\xa9'\x90\xcaF\x12\xa2>\xe4\xe7M\
\xdd\xb8 \x0e\xe48\xc2B}J\xa9\x90c\xa0\xc4\xb9\
\x12qH\xa9\xca6\xbd\xd9m\x19vy\xf6\xb5\xad\xb6\
\xe5\xfevl\xee!6\xc0n\x84\xa1\xc8\x97G[\x94\
\xdc\xe2P\x22\xda\x88@\x08\xcd\xa1\x04\x00\xe9\x80\x04\xd2\
\x0f1m\xc7\xf3\x81!\xd5\xc0\xfd\xe5\x1cI\x88\xb5`\
d\xfd\x06?R0R!\xf2\xde\xc2\xf1\xd8c\xe5\xe7\
\xd9\xa9\xf6\x90h\x061#\x81\xc5td0\xc8\xfcH\
\x87\xf2ke-\xceA\x1b>27R\x0e\x0f\x91\xcf\
\xa6~\xbdW\xe9Z\xa9i\xc9\xb1D\xd2\xee\x1b$\xd1\
\x87@\xd8\x17#\xe0\xcdb\x12>\x8d\xa79\xdfv\xcc\
\x14eQ\x1eM\xaa\x9c*Bf\xe59\x8f;I\xfe\
\x1e\xa9\x1eK\x10\x17\xaa\x10\x0f\x8e\x8a\x82\xa4\x9d\xa3x\
\xf4\xe6\x5c\xaf\x88\xa5\xe8\xff\x22\xd1\x96* \x81#/\
P\xe1\xa2G=\xbd\xdd,\xbc\xed\xb6\x85\xfe\xfb\xf5A\
j[l\xb7s*Q\xec\xb5J\x0a\x17%\x9a\x17\xb9\
\xf1\xdb\x16(\xff@\x0b\x84-\x18\x0b\xc0\x9a\x87\x04\x88\
\xc4!+<\x93\xc4\xc8\xe5\xd5\x85`\xe4\xbd\xcbZ1\
\xd6*/\xe4#t'A\xa8\x11\x08I!\xe2\x15L\
\x81\x10\x9f\x8d\x0c\xcd\xe0z\x91\x8f\x14\x900\xd6bI\
\x8b}\x91\x9c\xa8U\x1b\xec\xfb\xf3\xbb\xfd\xaaFZ;\
\xc1\xc7\x12\x18\x19\x02\x1ff\x1e&\x82\x0e4\x0a*H\
\x9an\xd9\xf77\x92egs\xdcL\xa6\x1aq\x16\xf0\
Q\xa3\xac\x9b\xda\xd5\xf8\x8f\xa5\xe1a@\xc9\xd2E\x5c\
\xe5^E\xea\xf51\x0cC\x89\x1c\xc7\x22)\xe5\xb9\xe2\
[j\xbf\xc8>,11\xf1_\x18\xd2\x10\xa2D?\
\x5c\xce\x17\xfb\x87/\x0f_e\xba}\xef\xbb$\x84H\
\xd6'\x89M\x12\xa0\xa4\x1a7-\x8c\xb0\xd0\xcfk\xa4\
0c\xa7\x8e\x10\x8d\xf8\xa0#\x09;\xac\x88\x11\xa1@\
]\xe9>\xc4?\x1f\x22\xf7\xfbo\xf6G\xe0G\x80\x8f\
l\x8a\xc4\x83\x04-v\xcbG\xac\xcb.p\x83p)\
\xa7G \xca8\xa4Z\x90\x8a\x03\xc0\x89\xc8\xc1\xa2\x96\
\xedt\xa3t)\x1b#\xa42\xce\xb6\x92\xb0\xef\xf7\xdb\
m\xc1\x87\xfa\x11s%\xd4y03yx[\xa6\xa0\
\x12\x0fc}2\x91\x8c\xc4\xf8&\xf6\xefL*\x9b\xeb\
\xd3\x7f\x04\x84\xe4P9\xfe\x9f\xaa\xaco\xf3l+y\
L\x84;\xf6I\xe68\xc5\x90\x92\x08@\x8c&\xaf\x1a\
\xc0mSc.\x15G\x11\xc8\xe8+\xe8\x08\x99-\x97\
\xcb\xddyM\xdb\xe7\x18%q\xc5-f\xee\xb0\x10o\
\x85\xa5$D\x09V\x01 \xd6\x92\x0b02\xe8pQ\
\xae\xb0\xbf\x89(\xe1~D\xc0C-\xee\xb32\x8c\x5c\
\x5c\xb0?\xf2\xbel\xad\x8e\x1f1\x0d\xba\xbc?\x12\xe7\
\x10a\x1c \xd1|K\x11Bc\xc2\xce\x06;\x15\xe7\
$aO\xb2\x91bA\xa7'\xcc\x1e\x22\xd2\xdaoV\
O\xa2~}\xbf-q\x85\xc8i\x15S\x94\x5c\x1b\x0f\
%\xa4\xeb2\xbd.7\x8d\xcc\x05'V\xd3zF\xf3\
0\x05\x08\xed\x96j\xf2p\x22\xbfk%\xeb8$\xe6\
\x7f\x09\x1da*\xce\xc3\xd2\xac|V8B\x16\x9d\x9d\
g\x94\xe4\x1aE\x89\xfa\x11\x8b\xb6\xe4b:Bu/\
=\xd1\xb1\xd4^\x92,\xefY=<l\xcb\xaaDx\
\x92\xb4\x00l\x89{\x92\x900#QG\x920\x7f\x05\
\x22I\xd6\x9e4\x12\xd9 \xe9Q\x1e\x057\xc8O#\
g\x97\xff\xaf\xbb\x0f\xf1\xbd\x87\xacB]\x0b\xf8\x88f\
>\x04w\xa2\x84\xe9H\xa2\x842\xf4\x1a\x0f\x0a\x13\x9a\
\xa92\x82\xa3\xe5\xf7\x82\xea\x85t\xdfn\xbe\xfeX\xc7\
s7w\xdb\xe2B\xb6\x9b\xcdV\xee\x8b\xea\x22\xc4\x85\
\xc0\x99\xd0\x8d\xd0\x90\xab\x97Sc\x92\xb2\x86\xe7\x07#\
\xad_\xdf\xf9T\xc7T\x19\x99\x83\x047\xcf\xbe\x9a5\
\xfa\xbe(\x08\x99\xe7\x08\xc8\xd5\xaf\xa7\x19\x83\xb8\xae\x9d\
\x96\xb6$\x9c\x14A\x12\xff\xd7\xb9\xef)N5TD\
\x0e\xb3\x90y+l\xec\xd1t}\xce\xe6!k\xbfR\
\x1a\xaf&U\x8b\xc9|\xbeX\xee\xea?\xe3\xb2\x9c\x9b\
\x1am\xed\xe1H\xc0\xdc\x8a\x82[\xb0\xff\xa3\xedK\xb7\
\xdaH\x97-{\xad\x03\x9e\xcava\x03\x1a35 \
2\x05.\xa3\x81\xc1\x80\xcf\xe9\xee\xbbV\xf7\xad\xf7\x7f\
\xa4\x8ea+\xf6\x97\xe1t\xf5\x1f\x88\x9c\xc4,\x89o\
g\xc4\x8e\xd1\x9f=\x13\xe4\x03$\xec\x92\x82r]?\
\xab0\xf1\xb7\x1b \x81\xa9\x9eJ\xac(\xef\xba\x02B\
\x12\xb6\x96`\x04}Q^A\x91\xa0\x0e\x91|DO\
\xb8R\x80\xddh.\xd9\xd7U\x8b!v\xce<\xec\x8f\
\x8c \x97\xa7\x1baw6\x12\x18\x01@\x02%@\x08\
\xcbs/\xde>\xdc?\xff|z\x1e}Z\xcb?\xb6\
9\x16i\x9av\xbd\x9c\xe8\xbf\x1d\xa9[\x89\x98\xa0-\
\x9b\x86F\xe4\x10\x98\x9c\x9a\xadBKkr\x9e\x0c\x9a\
\xaa\xab\x0b\x00\x11\xd9h\x0d\xa9\xb3\xb7Wu\xf4\xcb\xf9\
\xb8\x17;\xc0\xa0Yr\xb6\xe69ldx\x9e\xa7d\
\x95\xd8M\xaf`\x1a\xa5$\xe6\xd6\xa22\x81\x1e\xc5;\
\xf2U'\xff\x8e\x85\xa97\xf2\xc6\xe1\xad{\xffuu\
\xf9\xf3\xf9\xdb\xcf\xa3\xeb\xa0\xedy\xe6B.%9#\
o\x07\x8d\x8c`{t\xdb\x8abDx\xb7|5 \
\xbc\x1c\x09)$\xb3\xef\x09\x91\xbe\x06\xd9\xbe\x16\xa9F\
\xcc\xd6B\xbf\xdfW\xd4#\xcc\xd7b\xa0\x1d\x17J\x1a\
<B\x94\x84\x1a\xe9\x1d\xe9FM\xd27l\x04l\x84\
d\xa44\xb5\xca\xd2\xc3sfi9D$\x09\xe5i\
\xb3\xddl6\xdfm\xdb\xee\xf6\xf7\x8f?G\x9f\x01\x15\
Q+\x93SE\xca\x14\xa6\x04\xfb\x96\x8eA\xdb\xadZ\
\x17uU\xff+B\xd5i\x9d\xe3\x04\xe1z\xa4\x12Y\
\x1a\x11\xc90 \x10(c|I\x0e\xdd\xc7\xfa0\x89\
+\xaa\xd3CH\x11$\xa3\xe3i\x1b'\x10[\xcf<\
\x87-\xdcr\x06\x10\xdfab\xd9\x01|L\x94\xfeO\
$h\xd8\xfa[\xd5./~>\xde\xef\xb7\xf2F\xde\
|\xbf\xb9\xb9\xd9n7\xcfo\x94\xb6'J2L\xf1\
\xf6\x9c\xdd\x98Y;\x04t\x84\xe9(\xd4%\xddi$\
e\x14\xd1\x05q\xf6\x92\x94\xfc&\xa7\xf1\xa3\xfc\x90`\
\x84z\xe4\xb50\x12\xf1\x11\xd9\x12:\xec\xe8C\x08b\
<,\xb1*\xebG\x88\x91\x1eS\x0b\xb5Uz\x10!\
\x1dE\xc2~Z\xba\x93\x8b\x0c\x1d\x22W\xa7\x7flo\
\x1f\xee\xef\xef\xeeno\xf7\xfb\xddv\xb7\xdd|\xff~\
\xa3`\xb9}\x5c}:\x02T\x96\xea\xb9\xf2vt\xd4\
#\x22Ji\x8d\x8d \xc0\x80\x94'\x0cf\xe3\x0a\xd4\
\x0b\x0f\xa4\xac\xe8bDm\x93*\x9e\xcc\x15\x08\x0f\x01\
\x81\xe1\xa0r\xb0\xcb\xb5\xca*%$b\xf0\x87\x91<\
\x8c\xbc(H\x18\xb1!h\x99\xb8%8\x0f\xb53U\
k\x0b\xfd\x1f\x04.\xecc\xaam\x22\xe5\xbd\x9c\xaeM\
u4\xeb\x8b\xeb\x1f\xfb\xedw\x97\xcdv\xbb\xdb\xedo\
\xef\xee\xef\xef\x1f\xf6\xdb\xa3+\x01\x09JI\x22M>\
\x15\xb7{\xc0\x9d|$G\xdb\xa3h\x97m\x1f\xe4\xa4\
\xe8\xa0kK\xb6\xd2\xdc\xa2\xa1E\x07p\xa8\x11\xec\xd9\
\xd8\x82\xef\x17\x18A\x08\xf1\xe5!r\xc0\x88\x88`\x84\
\x1d\x7f\xffI\x8dP\xba\x83\xd8\xe5\x9c\xe9\xba\xe1\x03\xc2\
\xd6\xa5\x22\xa6\x8b\xf3\x5cP9HG\x02$\xc5L7\
@D\x22\xecO[\xfd\x97\xde\xb9\xc8U\x1f\xde\xee\x05\
*7\x0a\x95\xbb\xc7\xab\x13Y\x0bGM\xb3<\x95\xa5\
\x8a\xb6\x8d_\xa6\x87|\x14\xcf!\x9f.\xe1:\xf5\xf0\
\x82\xae\xd11l~\x8ei\xb3\xf5}\xaa\xf4\xb8\xd5\xef\
\x06Up\xafSI=\xf0\xe0<\x1e\xc8\xae(\x01\x1a\
\xf0\xd9*\x00\xe1;n\x03x\xa0gz\xce\x18\x1c\x1c\
\x9f\xf6\xe1W\xf7\xd3\x80\xaeg\x8bM\x84_\xb8*a\
\xee\xa2\xbc\xf4\xb1\xaa\x8fu\xabo\xc9\xfa\xe2\xf9a\xa7\
\xef\x93`C\x91q+\xef\xdb\x1dDA\xb2y:\xb6\
\x8e\x97\xa4\xed\x16IDu{'\xe0~\xd6\x07\x12\x8e\
IT1\xffe\x9a\xb5\xcbN[\x88\xa5\xe1\xe6\xca\x9e\
\x0f\xb9qP\xc9D\x12k\x17\xce\x8e\xf8\x08\xe6\xb3\xbf\
df|\xce\x8d\x0f\x8c v\x18&\x1f\xaa\x22\xdfw\
\x93~#{\xf9\x8f\x8e\x1a\xa1S\xef\xe0\xc18\xc4\x8e\
\x5c\xe5z\xa6\xafs\x924\x8d\x87\xed\x82|;\xb7\xad\
[|\x88\xd2\xc3\xab\xf6d{{o\xb8PM\x22\xbb\
\xca\x1dD\xf4\x8a(\x95\xcd\xf7\xed\xed\xf5is|t\
\xac\x0aE~\x138|d\xfe\x0aF\x86\xa8\xe3(,\
-G\xc9X\x17\xb7\x1cc\xd7 \xd4\x22l\x95mS\
{:\xa5\xb5\xba\xe1\xaa?\xeb\xbf\x8b_\xc8$\x04`\
\xe4\xcf\x97\x11\x18\xa0\x11\xd1D\xf94\xc1hH\x1b\xe3\
G\x0c$\x83\xff\x1cj\xe2\xf5U\x09\xa2\xcc\xa2\x8c\xe4\
^a\xf6\xc2\xc9\xf5}\x18>\xeeU\xdf\xdel6\x06\
\x0e\xdb!w\xb6\x09Ln7G\x17\xb4\xb6\x0c\x22&\
T$%mw\x81\xea7\x8c\xe8\x09\x84\x04u$\xae\
IRjc\x94\xb5\x7frB\x02\xea\xce\xc4F-\xb9\
J\x05$9\xcc\xce\xdcx\xc6G^\xb1~\x04\xfd\xb5\
D\xfa\x1ba\x03 \xd4!\xccd\xb4\xdd\xd9\xban\xf0\
}\x83\x8b\x14V\x96\xec\x8e\x11d3Z\xe6\x1b\x00\x92\
jt\x91\xee\x1b\x96V\x80\x04ddu|\xbf\x05@\
t;\xc8^\xec\xae=\xd0r\xbb\xdfmnt9\xdc\
_\xfd\xd9\x98\xe9\xad\xb6\x0f\xe6\xbdyt\xc4:\xf2J\
\x1d\x87\xa0\x04\x01v\xd5#n\x13\x9d+w\xa0\x1e\xc1\
\xf07\xa8\x11\x83\xd4)\xcajy\xd2\x9f\xa1\x8a\x80~\
 p\xf8}\xf8:\x13\xcd\xf9u\xc4J\x94\x94@\x91\
\x10\xbfv\xaad\xb7o\xd5\xeb\xd8`h\x0d]4[\
\x0c\xe862\x02\xabR\x1eO\x05\x1fM3z\xba\x95\
\xf7\xc3\xa8\x9bCc\xefr\xebo\x18`\x22\xf2\xb0y\
D\xb4=\xf57\xe5<Q&\x01\xb3\x91\x10\xdb\x08\xd1\
.0\xd6\xee\xf7D9\xa7\xcc\xc6<\x91\xba\xcf\x05\xcc\
N[\xec\x90\xad\x07\xa8;\xf4\xc8+\xd6\x8f07\x9e\
3zz\xabt\x99\xf5\xab[IG\x18a\xff\x98\x92\
\xe2\x89\x109\x10C:\x04F(\x9d\xc0Hg\xd0H\
\x80$\x18;!\x22\x11\xf6\xc1\xe6\xee^\x84(\xa1\xec\
!\x8a\x14\x05\x8a\xe2d\xf7c\xd56j\x85O\xce\x8c\
\xca\x1f\xba\x05Y\x1d\x87\x96\x05\xd2\xa7\xe5\x971>:\
\xe0$z\x910\xd88\xa0\xc9\xd4Q\x0e\xe7\x95\x9c\xaa\
\xf2\x93\xc4\x12\xae]\xedC\x0c\x11^Zf\x88\xb4\x94\
Nl\xb3\xd2\xaf\x02)|\xba\xd2e[\xe3\x98\x03\x03\
\x08\xa2\x88\xa6?\xce\xa6\xa6?\x86\x8f\xc6<\x14\x1e\xb8\
\x93@\xf0\xb1\xee\xb0\xb5T9o\x8e\xd6\x88\xb6\xab\x14\
\x0d \x98\x93\xc2\xeav\xd6[A\xd8\x01\xf8\xc4A\xa2\
\xe6\x96\xda\x0d\xcc\xdbb\x90\x04\xf6\x96\xee\x84Gj\x00\
\x9c2\xb6\xde\xfb\x92L\xb6\xd6\x1f\xd4#/:z\xfa\
\xbf\x89\x11\xd7#o9X\xa178\x922~Sl\
$\xe7\xfb\x82\x9e1M\x8bIZ\x18\xa4\x80\xb2\x91\x13\
 \x84J\xa4\x08\xb0'52\x12\x1ay\xb5jv[\
\xfbw*\x0f\x09\xacP\x97\xc8\xb9\x5c\x04;_!\xf7\
\x97\xadyr\xe4_\xeb~-/\x04Q\x9c\xc8M\x18\
\x0b\x0e\x8aD\xaf\x95\xae\xf6\xca\xd6\xe5@9\x02\x92\x18\
\x11\xb6\xd0\xa9N\x83B\x05\xd8\x15:\x83\xda\x82_\x84\
\x9e\xd1\xcf\xfbB'\xc4*\xf9\xd6\xf8&00e\xee\
Q\xa2h\x7f0~\x15\xc8\xbf\x81\x11\xd4I\xe2\x98\xf2\
\xaa`*z\x87-\xf9[\xcbF\xe4\xecZ\xcd+\xb5\
\xadT\xf6Y`\xa4\xde\x9b\xdc9T6\xfb\xe6w\x8a\
\xa4\xd3\xba1\xfb\xb6r\xcf\xc6\xc3(Qr\x12 \x84\
\x93\xad\xa8Fhm1\xe0N\x8c\xf4\xf0\x12\xddak\
\xc1\xf7\xcb\xb4\xdf\x17\xceE\xf9?\x86\x11{\x86\xccD\
\x01J\x00\xd5\x92\xad\xfb\x19\xe2`g\xe1\xc8a\xc64\
n\x12\xe8\xcd\x88D\x84\xdc(\xde[\x97\xcaA\xe9/\
>d\x8c\xdd\xa3\x87\xab\xeb\xb7\xc3\xef[c\x9d\x22\x1b\
w\xcb\xec\xfd\x1f\xedP1\x13\x82\xa2\x9f\xd9\xed6\x8a\
\x93\x87Ucf\x97\xe6\x1fNL\x9b\xc8\xe2\xaa\x04&\
e\xd4\x01$\x9b\x9ad0F\xf2 \xbb\xa6\x18\x118\
\x07\x91\xd6kU\xd0\xf6X\xbb\xbe\xa2\xb1\x92x\x05B\
\x1c3\xf6\x10D<x?\xa3\x95\xd1\x1fh\xe0\xbfp\
l8\x0b\x94\xe0\xef\x0f\xce\xf1\xd4\xede\x9d\x0f\xcf\x97\
\x1a4Z\xfe\xdco\xdc\xd9\xb7W\xd9ex\xc0(\xdd\
\xef\xcc\x8b\xee\xa2\x8fnN\xbf\x96\x8c\x84\x9a\xa4CH\
\xe4\x04ps\xe8c7?^\xce\xe8U\x8b\x04`\x8e\
\xdaM\xd6\x161\x82*\x92\x98\xac\x09\xe1=\x9a\xa9\xf1\
\xc0H\xccC|\x05SK\xa5\xf4\xfd~\xec%#\xbe\
\x13$\x14b\x9d^\xdf\xd0#\x89\x8cD*\xa3\x19\xa7\
\xf6\xceyk\xd8\x8e\x99\x95g\x8dh\x9ei2\xb5\x5c\
\x8d\x5c_\x9c\x9f\x9e\x9c\xbc\xf9C\x0a\xda\x7f>=\xdc\
\xed\xb6\xf8\x17\xc3\xdavs\x1b\xb2\xe3\xe2\x90o\x13\xbb\
\xeb\xdbIst\xd4N\x86C\xa1\xf1\xfao\x1d\x9f\x0d\
}\xd0\x1f\xee\xd3\x95j\x0e9\x85\xdd?\x88\x8c\x0f\xf6\
\x01\x86\x1e\xb0\x0d&\x90\x9d\xa8\x0a\xecZ\x92\x0f\xa2\xc5\
\xeb\x94\xaa\xa4\x84*\x5c=2g\x09\xf8P$V\x1d\
96\x84\xe0\xcf\x05a:w\x18\x02\xac\x1a7\x94\xda\
\xf3\xa9\x18X\xed\xe5\x9d\xe0C\xc9y\xe0#i\x0f\x85\
\x86R6\xb9\xcdl\xf7w?\x9e~\xae\x06\xcb\x8f\xef\
?\xae\xdb\xe6|~|\x0d\xffo\xa7\xdfV\xa8\x12R\
\x12\xbc\xce\x9c%\xcf\x19\x89\xacHdu;}[y\
B\xa2\x5c\x15$\xc9\xbb\xf5\xa1\xaf'v\xc4\x10cF\
\x8f\xa6\xc6\xbf\x18H\xfe\xee\xe9\xf7\x0b\x8c\xe8Q(\x12\
\xd9\xba\xa1\x91\xfe\x8c_h\x11X[\xf6\xca\xe1\xc0\x90\
]\x11\xc2\xf0aP\x12\xb7\xb3\xc2\xd2\x22g?\x83\xa4\
1\x0a\xe1\xd4\xba~wz%\xe6\xc4l\xda4\xb2\xd8\
-\xc4~\xd4\xbc=Y=#\x18\xf6\xfdF\xa0\xe2\xda\
\x83(\xd1\xcd\x1e\xebmrs\xab\xf4\xa4\x99\x9e\x0f\x10\
'\x84\x9bw\xac\x0bU\x1f#\xdc7\xf6u=P\x0a\
]Bdh\xd5R\xb0mb\x89\xea99s}\xf9\
\xc7\x15\x08(\xa9{\xd6.\xc0\x99\xe2\x15U*\xf05\
\x0f\xc4\xa90v\x0c\xfb\x01\xda3\xc6\xef\xf1\xd71P\
\x804\xcd\xc9\xf3\x1ew\x0cy\xc5\x22v\x95\x0dJU\
\xd0\xe1\xb7\x94\xdd\xdd\xe3\xcf\xe1\x877\x02)\x09)\xe9\
\xdb\xd9\xb4\x96!:{\xf3\xce2R\xd8\x02\xf8w\x09\
\xc0\xf1j\xcdB\xcec\xa9\xbf\xb2\x8b<@\xc2\xfc_\
\xdd\xc1I\x88\x11\xa8\x11H \x04\x92G\xf50>\xf2\
\xb9\xb4\xb5^\xd2\xd8B|\x84\xb6\x96\xcb\xaf\xf3y(\
\x09\x229\xc8\xce2v\xa8\x92\xcfi\xae\xdb\x09\x95\x88\
\x09\x09{\x8f\x1ea\xb7\xa02~xu\xd1H\xd5\xc8\
bq=]#[Q\xc3\xc6\xad\xe3\xa5i\xd6\xa3\xe7\
{\xd3+P*\xb7\xbe<dwQu\xa2Jg\xf7\
\xbc>:Vrb\xd6\xc9\x99z\x83\x22\x15\xaa\xaa@\
\x8a\xc7\x1e\xb0XF\xbc\xe2?0\xb4\x0a\x92\x91(y\
_\xf7Q#\x09\xe1\xbf\x8d/\xd1\x5c\xaaB\xeb\xd0b\
\xf32{\xfe\xe1\xe2\xefV\xc6a\xe4\x88\x04.\x0d\x89\
\x9e\x0d\x86cua\x0d\x1e\xb6N\xd0\x1d \x06\x0e\xb9\
:>v\x1eR\xdf\xec\x1e~\x9e\xb6Mc\xc8PX\
L'\xf2KT\x96\xe3\xc5|6\x9fY\xdfF`\x84\
-\xe9\xd8\x02\x98\xde_E4{d\x17ADvH\
!DN\xd2\x98\x85\xd4\xfb\xf7\x03\xcbH2\x1d\x81\x9d\
\x0f\x89\x86V\x1eg\x97|\xad\x17\xed\xf9@Q\x88\xb0\
\x07\x9d\xf1\x91,\x00-\x9e\x1d\x13\x95\x01r\x00\x04\x02\
.\xe2\xa6\x16\xe1\xc1>\x0f\x00\x88\x0a\x0aGr\x80\x9d\
y\xe0d\xec\xe7\xc5\xac\x11U#o\xaa\xeb\xb9\x0e)\
kb\xa0\xdbd\xe2\xff\xe1\xc9r\xadX\xb10\xf2\xd3\
\xbd\xb9\xb4\x0c({\xe0\x04\xa2K\xc7\x96\xd1\xf3\x1b5\
\xba\xb4\xff\xc2\xd8\x96\xb0\x0aP\x82\xbb\xf5\xb8\xc8@!\
]\xef\xd1\x11\x01\x90(\xf8\x8e\xbb+\xd1\x22@\xc9B\
\x9e\x0e\xd8\xb1\xcf\xdby\xa4\x87\x81\x05U\x03\xe8\x22\xdb\
\x15%0\x0a\xf5\xb5\x0b\x07Y\x8bn\x5c\xdd\x19\xef\x02\
>\x8a\x97l\xae\x8b\x1b\xf3]\x5c\x9f\x89\xe68\xd2\xec\
6A\x86\xc1s\xa2Nq\xc8\xba^\xd4\xf5\xa2}\xcb\
\xd4\xc6\xb2nw\x94M-\xc2>{\xb6`m\x91\x91\
\xd8\x22H\xfd\xb1\xd1\xce\x93\xf6V\x1e\xb5\x9b\xb5H\x0e\
\xb6\x83\x8f\xa0\xe7\xc3\xcbs\xf6.F>\xa5\x16t\x86\
\x91T\x7f\x98P\x82\xc0h\x9a\xeb\x96\xda\x97\xc2\xad\xc5\
V( \xec%BJ\xcf/1\xc2\x00b@$\xd4\
\xc8\xd5z\xad\x08\xf1BvG\x8b E\xad\xa5J#\
\x02\x16d?\xb9z\xd8}\xdf(P\x04'0:b\
\xd5\xd8\x92\xd9>\xae\x8d\x9b(\xe7\x1d\xbb\xdd4\x06@\
\xectZ\x0d\x90\xd3E\xba\x8e\xe8:\xac\x0c\xf0\x10\x5c\
\x82\xa4(:\x22\x87\x06^\x87\x91\x9c\xecG\xb2\xde\x09\
\xac\xf1b\x9f\x8c\xec\x17\xd4H\x0e\x04\x15x[*\xdd\
\xe1\x12\x1bk\xc9\xefR4\xc8\xd9\xbd\xaaO\x18XP\
!\xfa\x91\xb9\xc0E\xb6w\xd7\xc2\xc5<Kg\x5c\x0d\
\xeaj|\xc0FQ\x8a\xb6\x9c.f\xf5b\xd6[H\
\xc2\xb4\xadr&I\x87\x8f\xe0\xbfI\xe2.;\xac\xeb\
\xee\xac\xddN\x1c\xd1 \xd2Wo\x95K\xadJs+\
\xf7Ea|\xe4U\xe2\xec\x16\xfc;\xe4\xfd\x96\xde_\
N\xe8\xc9^\xad\x92\xb0\x93\xb3s&\x8f\xb3\x91\x94\x86\
\xc2.\xd8\xa6\x89\x8b\x10\xfb?\xf6\x9cc2\xa3\xa9\x91\
\xc5bt5{\x03d$1\xa8Tu=\x18/\x15\
)M3y\xb6\xe0\x19ls\x13\xc2\xe4F`\xf2\xd4\
\x1cC\x9bx\xa2G%'\xdc\xaa\xf5f-.\xad\x08\
\x1d*]\xc7\xaa\x08\x8e\x0e\x80\xf8\x95\xa6\x97\xf7\xd1\xca\
sC\xc7>N\xb4\xabu\xa0F\xa8\x9a\x02$\xd0a\
\xeat\x16kk2\xb1;\xb7\xf9\xa4al\xd9\xf3\x1d\
\xaa\x8du\xbc|T\xa6\xe57\x01M\xbf\xd2]\x0e\x90\
\x8f\xcd\xfei\xd8\x1c\xcb\xd6N\xc7uU\x19:\x10O\
\x85\xe0cS$Z\xb6+\x0d\x80S\xb0=z\xc9+\
\xf0S\x8a<@\x92\xdc\xbfl\x91\xc2f[\xb2\x10<\
$@\x90@\x80\x8fN\xc7\xdf4\xab\xa7#Q?\xf2\
\x81\xbd\x83^\xbe\x10\x91\x18Q\x1c\x97t\x9dB5\x92\
\xebFHF\x00\x91\xd4\x9a\x91\x00\x09\x01D0\xf1\x9e\
-\xe7\xcaL-,\x15&j\x95\x8c]\xd4\xc8\xb5\xa9\
\x91v\xfd\xcb\xe8\xdcT\x98+@\xa9\x01\x94\xcf\xcf\xfb\
\x8d\x91X\xc3\xc9Vw9\xfc\xac\xdc\xe4g+\x8eR\
\xc9D\xaa\x94\x98\x80\x12;\x15\x1f\xfeuFN \x91\
\xc6\x01\x16v\x8a}\xc4\x05z`\x18cu'\xe7\xff\
\xfe\xdf.\xff\x1eL\xa2;\x1dy\xbao\xf8\x98\xbf\x19\
_\x19j0\x11\xd5\x5c\xff\xf9\xf9\xd7Xqa\xf8\x84\
\x92\x15\xcc\x0dk\xad\xfdx6\xe3\xd1^\x12\xc5\xbd\xba\
\xf2\xfa\x9e\xce\xdf\x1c\xa9\xf6\xa8\xeaa]\xa1U\x8a\x88\
<Hb3I\x96\xc2HD\x91\x5cR\x91\xacrF\
J\xa2\xedh&FMr\x1a\xb5\xedpm\x89\x98\xbf\
&\xb2\x7f\x7fq\xfe\xa6\x04`\xaa\x91\xc4ILR\x0c\
\xb1\xc0\xc8\xcb\xb6E\x91\xbd\xb0\xb5\xd8\xa7\xb1\x14z~\
\xf3\x9cif\xc5\xd3\xd2r\x98$\x88\xe8\x95\x18\xf9\xe2\
\x9b\x88\x97 B\xc8\xd6!X\x03\xa9\x03\xb6\xaa\x91\xb3\
\xeb\xc5jqU\xb7na\x05>\xb0\xe34>,\x02\
\x07\x8a\xea\x93\x13\xd1'0\xd5\x09\x10;\xab\x8f\xf4v\
$\xe4u*\xff}5\xb9\xceA\xa2\xf5\x96\xfd\x97\xac\
NM\x9b\x02mf\x9e\x09\x5c\xbe\x15HD\xa1\x0d\xd0\
\x88\xf1\xe4\x7f{\x07\xec4-\xd4z\xcfA\x99dF\
s\xf8\x0d\x91\xe61\xf0\x9e\xa5\xc8\xa1\x1c\xfb\x92\xac\x0e\
\xdaD\x002\x9c\xcak\xbb\xd8\x19Iw\xe8C\xcc\x87\
\xa7\xd9\xee?F\x8dH;\xa9g\xb3\xbar\x80@\x8a\
\xf2]\x7f\xa0\x15\x8a\xcaH\xaa\x85\x94\xed\xaeU\x91\xb0\
\x90\xa4\xeb\xdb\x22H\xa8<\x81\x11j\x12vH\xd1#\
e6:@\x08\x92<C\x940)\x85=\xde\x8a^\
\xa6\xf4\xfd\xaa\xb1\xf5j\xf5#\x8e\x91\xde\x0e\x8d\xbd\x83\
\x10c\x96.!\x12\xc5U\x08\x1f\x16j\x84\xf9\xbeF\
\xe1\xa2\xa5\x96\x1c\xa1G\xd8x\x04\xf7\xd0djA\x8d\
\xac\x1a-)\xbdT5\xb2\xcc:\xa4\x94q\x88Z^\
\xb3z\xb2T\x1f\xce\xd7\x1ffw\x1cX\xc9V\xb7\xad\
\xaa\x15E\xcf\xdd\xe7\xa6Y\x9f\x8f\x86H\xf8\xc56\xf5\
\x5c\x15o\xcf>\xc2\x8a\x16t\xe0J\xde\x84\x85}\x18\
\xfb\x06|\xa0\xc9\xa9\x9d\xe41\xa7 \xaaqG\x86/\
\x87\x9d\xb0\x93\xb2X\xf8\x12\xcd\xb2\xabs\xddj\xc3\x87\
\xc5mF\x03\xb1\xb1\xce\xef\xbe\x8b\xd8\x0b\xa1\x1e\x81\x81\
%\xa9\x05\xcd\x91\xe2cX\xd7\x15\xc1Q\x00\x05\xe8\xa0\
X\x01\xef\xc2\xfa?0\xb5\xf1\x02\xe5VC\xdd\x0aJ\
\xd2\xa9\xb6\x8a\xb1=_S)\x89\x93\xf6\x94\xffk\x9c\
5a\x84(\x91=$C$\xd4\x88\xed\xcc\xd7\xfa\xfb\
\x95\xfa\xfd\x96su\xa1G\x88\x94\xa0\x22!\x85\xa5E\
\xd2\x0e\x8c\x14=\xb5r.c\x18\xa3\xe4\xeb\x22\x05a\
\x87$\xbe>( \x12!\xf6\xf1\xf5J,\xad\xaa\xa5\
\x16\x89\xc9\xb9\x10\xfb\xff\xfb\x99RU\xb3\xd9\xa4U\xab\
\xe4\xe7\xde\xfc\xc2@\x89\xaf-}\xa0\xd6\xfcu\xd34\
\xcb\xe1\xd0\x19q\xe5\xacxb\x8d}D\xfet\x88D\
\xe7\x1c\x5c*\xffL\xb4o\xd1)\x22\xf2\xfd\xb9\x93/\
?\x08\x98 \xdf\x09\x10\x03\x0f\xa9\xe2\xb7\xfbg\x86\x96\
\xb1(\xc4\xc4\x18@\xed*D\xa4\x1e\x8d&m\xb3~\
\xde\x8a\x12\x04<`C\xca\xd9\x0c\xc8\xa7\xaf\xaa?\xa6\
\xf5|&\xf8\x80T<\x80\x14\xd7!\xd0(\x98b\xbf\
\xaeV\xb3\xd9b\xd9\xfcV\x91\xe4\xfe\xa6ti\xa7\xe6\
\xa6\xf4\xff\x22\xdb\xbb\xe4\xed\xac$\xe9\x99G\x0d\xc9\x0d\
\xe4S\x13\xba\x98\xf5f\xbd\x83\x80\x91\x17\xb4\xb5\xfa\xe2\
#oKN\x92\xc7\xbd\x81\xb2\x13(Y\x95p\x02b\
\x06\x8a\x89c\x85\xb1\x91\x13\x8c\x1a\xc98a\xa8\x9a\xb1\
\x11\x0f\xb1_\xaf\xcc\xa9u\xb9j\x96d#t\xcbP\
J\x90TX\x16\xa2N\xe6\xf5D`\xd2\x0c\xee\x14\x10\
\x86\x8c\x10]X\x22\x0fcYW\xf5b\xe8aE\x03\
\x80\x96=M\xb5\xfdIUF\xd0\x8d\x1a\xc4\x10:v\
7\x11\x15\xe2\xd6\x19\xd0a#F \x9c\xdd\x83\xb6\x8e\
c\xfa\xb5\x18\x92\xaf\x10\x04qg\x80\xf0\xf6\xc9\xcf\xbf\
\xfe\xaa\x86z\xd7\x16t\x8c\xcd\xa50\x18\xd5\xad\xd8X\
w\x1a\xeaPd\xf0e\xec\x0c\xec\xfb\xabV\xe1^\xcf\
\xe7\xb5\x1aXU\x88\xbf\x1d\xd4%\xb9\xf7\xd6T\xc5\x19\
\xc9\xe2xTT$\xa6y\xbbz0\xd2\x1e\xe5\xc4\xa9\
\x91<][\xe8!\x04\xffo\xc9GdO\xfd\x1ae\
\xa7\xf4\x03\xc4\xe0\x81\x18b\xd4\x8f\xbcB=\xbb\xe54\
\x96\x18\x01D\xf4(%\x87\xd9\x89\x90\xfe*]\x13B\
$:\xf5\x01$\xa0#\xb9a\x10\xbdZ9\xc6\xce\x08\
\xfb\xe5\xf5\xdb\xe9\xb5\x12\xf6iK\x84p\xcc\x08\xf5\x88\
\x9cBt\x85\x8ccu\xcc\xe6\xf3Jy\xfc\xd9\x0f\x0d\
\xa5\x01'\x84\x89\xba\x83\xaf\x9a\xe3v2\x1a*\x0c*\
\xdd\xc4\xbc\xa9\x94CT\xceP\xe1P\xa2\x1f\x0b\xc4\xdd\
\xbad\xc5\xd87\xa2\x83\x93x\xfc\x82/\xa2\xe0\xe3\x90\
\x8ah\xbf\x16\x10\x04#\x07\xf1P\xe0\x8d\x0d!\xa2E\
<o\x7f8\x9a\x08B\xbe\xa9W\xce\xb4\x06D\x1f\xab\
\x8e\xbc\xbbP\x05R\xcdU\x81\x94\xe2\xd8\xc0\x89z\xa4\
l)\x84^\xf2m\xbd\x10E\xb2>\x86\x22\xb9\x04D\
\x98\x91R\xa8\x91\xc8\xdaJ\xb3\x16\xa8G\xcc\xbc\x86\x12\
\xa1\x16)\x8b\xadrwl\xdd\xdcXI\x13\xac(\xe4\
#\xb9~\xe4\xb5z\xd0E\x9c\xbd\x87\xb7\xe7\xd9<\xc0\
H2\xb6>\x94%\xbaH\xd7\xea\xd1\x22P\xbdrt\
\xc3#\xb2G\xab\x072v\x16\xb1_\x98\x1a\xb9t5\
r\xf9f9\x95-9\xb4\x5c\xd8M\x0a\xb7L\x85\x88\
n\xb1PjY<\x0a\x93\xe5\x13`\xb2\xdd\xba\xb5\xb2\
\xd1\x8b\xfa\x89\x7f\xbc7\x93\xab\x1eCY\x9c\x9f\x8f\xe4\
\xfe\xdd\x09J\xc8\xa6\x8f\xa9\xf1\xce\x8c\x87\xa0\xc1\xb5\xee\
v*\xf4\x89\x9e\xb8\x89(J\x8c\x97\x80\xab\x03\x1b\x15\
p\x22\x1b>g\x8b\xb1\xd6\xcd\xad\xaf\xf9\xb2i\xbe\xdc\
[\xce\x0d\xc4^\x80U\x96\xdd\xec/\xd4\x815S\x05\
\x12\x08\xa1\xe0\xbd\xa0L|\xa3\xd8;\xba\x5c/\xe6\xf5\
|a\x8c\xe4\xaa\xaf\x93|\x0a\xb73D\x92\xe3\x88\xe1\
\xfeM\xdd\xb1\x91\xceg\x00\x01FPh\x85\x16)\xef\
\xfb\xd4H\xea\xb1E\xbf\x161\x22\xf2J\xb5\xba\xa5\xad\
\x95\xc3\x88\x1d\x90\x90\x94\xa4v(I\x91\xa4\xd8H\x14\
\xb2#\x13\x05\x9c\x9d|\x84\x8a\x04\xd6LXZ,b\
_]\xaf\xd7\xa6F&P#\xcb^\xc6\x9e\xb5\x88\x81\
$\xa4\xb6\x93d[h\xa0q\xfdM\x0d,(\x13\xc0\
\xc4*\xe3w\xba\xd2\x06\xc3J\xb3\xa1jQ%X\x0b\
\xd0#A\xd4\x03\xcd\xa7\x02\x11\xd7!\xe4\x1f\x05\x1fQ\
\xe1G\x8e\x99@\xc9xh\xc9_\xc0\x04\xce\xfa\x9b\xa1\
Gj=l\x1f\x08R\x87\xb3\xe5\xd1\xd1p/H\xb6\
gK\x1d\xa8N\xac\xfd\xa5\x01\xc4\x15H-bW\xe2\
\x83\xca\x84\x00)\x88;\x88\x1d\x15I\xc3\x18\x09\x8d\xad\
.o\x07\xa7b\xcb/fl\x91\xb3\xcb\x8eP{4\
l\xec)\xb4\xea\xb1\xb5\xca)$\xb9\x101c\x04q\
\xf6\xff\xf1Z\xf1\x11}^\x16\x1f\x01N(\x9d\x0a+\
F\xd9)\xb9\xad\x96y\xb5z\x0a\xd9UT\xe7*H\
\xbc\x021\xd1v}\x8bI\xda\xfb*t\xaf\x9a\xcb+\
\xc1\xc8e\xebj\x04\x92(;\xac-r\x91\x0eD\xb0\
v\x0c&\xf3\xb1j\x93\x1f\xaa9\xa0L6\xd6k%\
\xf8{[\x8f\x06\xc8\x8d\xaa+[\xabU\xd0\xf93<\
>\xc3\x9d~,\x89#\x88\xf7\x95\xed\xe4\x93\x00*\xb0\
\xbc0\x92g:\x08\xfc\x91\xc3W\xf6Q\xe5\xe8\x18\x0c\
\xfc\xa8\x87\xb5\xe8\x90+1\x09\xf1d\x01\x10\x0b\xa3\xef\
\xae\xd4}]/\x04!\x90Jv\xdd(\xe3\xb0\xb9(\
x\xcbBll\xcfZ\xb3\xb6\xe6\xcd\xca\x15\x095\x09\
\x11\x92B$\xbfk\xdax\x10\xfb\xdfG\xf6o\x9aj\
\xf5)3\x92\xdf\xf0\x91\xf7\xfd\x18A\x0f:\x96\xb3\xbf\
\x1cD\x88\x91/\xa5\xadU\xc2#EHT\xb2\xa9\xe5\
u\xba\x01\x12\xd2u&j\x85\xb0aPAF\xc8\xd7\
IF\x12a\x87\x1a9iE\x8d\x5c\x5cM\xdeN\x8b\
\xe0H\xc7\xa5\x05\xba^@\xa4\x0b\x10\xac\x1b\x8888\
\x95\xc3\x7f}\xb0\x08\xb5\xe3d\xe3'mI\xf4C\xbe\
6\x1e\xcd\x82\x18\xc4\x19k\x18_P&2T%\xc2\
z\x8fb,\xe2\x7f\xd9\xd0\xd0\xd3S\x9d\x18\x8aO\x01\
!&h\x1e1\x80\xe9f\xfaD7\x00eP\xb9&\
\xa9\x07\xb5|p1\x92g\xf4\xac\x15\xb7*\x8e\x11\xa8\
\x90\xcd\xe3Z\xf0.D{\xc6\x97g\x0fJ=\xe2*\
\x95\xac\x9d\xc4\x9d\x9a\x04\x8adm\x8a\xa4}Cc\x8b\
\x8c\xc4(\xc9 \xf9\x7f{0\x92TI\xe1\xfc\x05F\
\x8a\xfe(\xb9b\xb7\x07#yJO\xf4iL\xb6\xd6\
\xeb\xf1\x91\x8f}}\x1a\xdf\xf5\xb5\x8b\xcfcBMX\
9B2\x12\xd5U=>-\xdf\xf2x\xd026\xc2\
\x96ZCT\xe8^7\x8bK\xa8\x11\x92\x11\xdd\x83\x8e\
\x04\x1f!9-\xf5H\xad[WdU\xa96\xb9\xda\
\x195\x11|@\x97x\xd1\xd1\xfd\xb2i&\x17\xc33\
\xb0\x81\xaab\xfc\xce\xce\xc0\xcc\xa0\x8a\x8a(\x16+\x0a\
\x18$^\x98d\xa9qE\x92zt\xfc\x81\x1b\xd8\xd1\
\x01j\x12\x1f\xd4\xb5\x1c\x82\x95\xd9h\xde6\xed\xa3=\
\xcf\x0dD\x11\xa26\xd6\xed\xb9y\xe3dY\xd7\xb5\x1d\
uG\x08\x13R\x92\x84\x90LI\xd6Ka$\x16l\
\xa7k\x0b\xc6V\xd6$&\xb9j7\xcd#a\x17y\
9S\x8d\x00%.\xec!\xc4j\xc4dm\xfd\x9a\xd2\
\x88^\xa6\xaf\xd5\x83.\xf1\x91\xb0\xb5~\xcf\xd9\x93\x22\
\xc1\xab\x90\x1fe\x9f_\xb4\xc0\xcen_\xf6gDl\
$\xf8H\xd9\x0b%P2(\xd9\x88\x8a1\xf6ac\
ldll$Qv\x00\xc4\x0e\x92\x91P$d\x22\
D\x89\xae&\x95\xf9b>m\x9a7\x8f\x9b\x9bX~\
r\x06L\xee\xce\x04%r\xd7t\x90\x0c\xce+B\xc3\
v\x8f\x85kg\x12\xe3\xe21\xfa\xd3\x9a0\xd8x\x04\
\x7f!#9\xce<?ejm&\x0cQ\x80\x93\xf8\
\x95'Cp\x7f\x87\x07v\x05\x87\x9ejI\x88\x9c\x09\
B\x9e5%\x80\xb2\xddXj\xf3\x93|e2_\xcc\
\xfc%\xe9fBe\xd2\x85\x87\xedDI1\x0b\x0e\x83\
\xbf\xc8H\xa8Hhl\x11%p\xff\xb2\xd2\xaa\x88\x90\
\xa4\x1cy\x13o\xd9\x98\x13\x1b\xf3X+T\xb5\xc2H\
9\xf4]\x87\xf4\xce\x1f\x81\x1ea\x7f\xad\xd7\x99\xcf\x8e\
\xdeA\xbf\xa6j\x15\x10!<\xec\xc8E\x884\xb5>\
\xfb\x9e\x0a\xd9\x83\x8a0\xcc\x9e\xbb3\xa6\xa4\xf8\xc8\xd4\
\x82\xe3Wf)\xd8\x00XO\xf8\xed\x09\x8e\x8cK\xcf\
\x16\x19;\x95H\x89\x10]L\xb3\x99]\xe6r\x07\x16\
e2\xd8C\x99\xc4\x0aT\xaar{~,(\xa9\x8d\
\xbd\x0f\xb0~m\x0b\x8b\x10\x0dHU\x0e*$\xc6\x22\
F\x1dR4.\x9e \x84bp\x02w\x87\xbd\xc5\x00\
\xe1\xc0x\x88n\xa6\xb4\xe4\x99\xb6G\xad\xba\xab\x0b\x80\
\x18m\xba\xd9\x9f\x99\x8d5\xd7\xd7\x82C\xc5^\x1fA\
\x92`B\x94d\xdf\xd64b$\xcaH\x16UYG\
\x92{dS\x8f\xf4\xd8Z]\xda\xce*\x92\xe8 /\
\x07B\xed%DJB\x92|\xbfAH(\xe4#\x1f\
_G\x8f\x08DR.\x8a\x02\xa4\x07&\x86\x8f\xde\xde\
s%\x13\xd13{=@\xcc\xf64\x0d\xc2\xa4\xdf\x13\
\x04GP\xa7{\x90b\xf2!F&\xb1\xb4\x0a\x8e_\
\xc9B\x99_\xd6-\x09;\xd9z\x8e\x1d\x12!\x8e\x92\
\x1a:\x84\xf8\xc0\x8e\x155w\x9b\xebzk\xe5\xf1\x86\
\x8f\xd0%\xfb\xa1\xf0\x92\x8b\xba\x0a\xedQ\xf3\x86\x8f\xf6\
\x0c\xff\x01<8\xf5M\xd2\x1a#\x99\x09\x12\xd8\xd7.\
&\xff\xe5\xf4\xa5l\xec\x0b\x02\x5c\xc9\xd9b\xea\xee\xf2\
\xad\xc6\xf5\xa8n\x8f\x9a{\xab\x86\xf1\xa7\x04\xc7\x82\xab\
\x90J\x10NQ\xd4\xbb>!J\x00\x92DK\xe8\xdd\
\x1a\x93\x93P\x91\xac+M\xffm\xfe0E\x92)I\
J\xda\xa2\xa9\x95\x19\x09:\x16\xb8\xad\xa5;\x0bv}\
\x91\x1c\x02\xced$\x88%\xa0\x97\x88gt$\x98\xa0\
\xf3o\xf0\x91\xa8\xd5}\x85\xfa\x11\x19\xfd\xc3Z\xddO\
\x89\x8e \x96\xc9\x9c\xdf\xdc\x5c\xcb\xe1\xdei`\x9a\xaa\
G\x0c!^\x80\xf69\x10b\xa726\x92\x1b3\xba\
$\xa7\xd6\xea\xfa\x8f\xb5\xa9\x11\xd4\x8d\x90\x8d04\x12\
\x8a\x84|]\xb6\x1e5\x82u\xe4\x96\x09D\x98\x89\x06\
\x1e\xcen5\xd1\xa9\x8b\x92\x9b\xfd\xe0\xb8\xa9L\x97T\
\xe6\x0c>\x93\xa5\xab7{4g\x08\x87/\xe7\x91\x0c\
\xc3\x02\x11\xc1\x09\xbb\xbe2\x0dJ*J\x04$\xac3\
\x1c\x0ea\xd0\xe9E\xaeN\x81\xc4Q%\x08\xf9\xa1\xcf\
\x0a\x22\x0f,\xc1LC!\xcb\xb9\xf9\xb1f\x94\xa4H\
HH\xea\x8c\x92B\x91\xe4\xf1$\x11l\x9f\x1c__\
\xb3\x8e\x04 \xc9\xe9\xbfebc\xae\xd85\x07&*\
\xeb8\x8c\x1a\xf0\xe8\x19\xd8\x0eJ\x92&Qg\xdeN\
sK1\x12\xb9\xf1/\x9d\x8ab\x94]0\xf278\
\xbb\xf5i\xfc\xa7\x91\xd3\xbdN-p\x11v\xd62-\
BC\xcb\xb4\x08v\xd9D\x90-\xdd[9rJ\x88\
D/\x14\xb0\x11c\xec\xf3\xd1\xe5B\x1d\xbf\xbdA\xf6\
\xfe$\x94\x0a\xe2\x10!@|\xa3\xc0\xe6\xaa\xdaFm\
\x9a\xe0\xc5\x06\x18\xd5%\x9f\x8e\xdb\xe1H\xc3\x16u\xb8\
\xb6t=WQ\xe1!\xc7!=\xd75\x88\x08[\x0a\
Q\x00\x93\xda,. \x04 q\xc3\xa5vck`\
h\xa9Fs\xb5\xb2\xc4\x084l\x00![\xe1\xe9\x0f\
kS!\xf3_\x01\x12Z\x92\x10\xb1\x0d\x12w\x0fj\
\x12\xec\xb4\xb6\xc0HT\x91\x9c&E\xd2Wl\x95\xaa\
H\xf2d\xab/ez|\xee \x14\xc5V\x8c\x22\x82\
\xb7\xff\xb3g\x8b9\x8d\xb4\xb5X\xac\xfb\xf7K\xc7G\
\x98\xd3\x98\xe50\xe0\xed_\xb9\xddC.\x1e\x81\xe0\x05\
\xf7W\x8e\xb0x\xa4\xacc\x07\x19aO-\xf6\x9d\xeb\
tz8o\xae\x22\x0d\x85\x18I\xa3\x13\xc8E&@\
\x88\xeeP#].\x22\xa7\x1eqf\xf2|@\x09V\
\xa6\x06\xe4\xef\x9b\xa3v>t=\x02\xa2 \xf1\xf7\xa2\
R\x10\xd5\xeeR\xd4\x08\x80\xb0t\x0a\xd8\xa0@\x97\xfc\
W\xe7\x87\x07\x9a2_w\xf8\xc8p$\xaa\xed\xe1W\
\xa6\xbe}6\x15\xb2P`\xcfD\xe4\xe42\x0c\xdd\x88\
W\xa9Re\x17\xb0\x1e%\x1d\xf1s\xa9EN$F\
b\x8ad\xeaM\x1b\x91\xfd\xbb\xfa\xfd\xd4\x9e\x5c\xb3[\
f\xa3\x98\xf5\x90\xc7\xec\xe2n\x0a-\xc21\x0b\xbd\xf3\
C{\xe6Y\x11#\x1f\x88\x11(\x92\x17$\xed\xa1G\
>F\x1d\x22\x07\xb3\xffK.\xe4\xeb\x82\x93H\xf9\xa5\
\x1e)\x11\x92g\xb1\xabJ=9\x91\xc3\x11\xe2(A\
m\x95\xb1\x119NCt,\xf3i\x1a~8(f\
)\x5c7\xf5\xd5|\x01\xc6\xbe,\xe8z\xceBI\x8e\
\xdf\x14\x18![\x07Jj]W*s\x1c\x02\xc4\xa5\
\xa3d\xab\xab\x91\xea\xe4\xfb\x939\x82\xab3\xf0\x11u\
r\x8d\xabb\x88\xa1\x99Y\x83\x11\x10\xd2\xc9\x99\xf7\x1d\
W\x1cC\x1d\xa4@U\x22\x8fT\x03Y0\x04\xfb\xfc\
b\xd24O\xdf\x15\xa8\xd0!\x06ZM)k&\x0b\
\xe3\xe98\xe6z\xa2\xd4\xbeA\x00\x12B\x84\xdc\x9d\x84\
$\xee0\x1c\x03\xd7\x8a+\xc02\x1b\x1d#\x86\x92<\
ka\x18)[]\xda~V\xf8~\x81\x11\x82\x84\xc6\
\x16\x0d.b\x04\xe9(\x09#zF\xca ;\xa3\xa0\
\xe7\x83\xe8\x91O\xafU\x87H\xce.\xcf\xcff+\x18\
0z\xa6\xe9\x0a@L\xe4\xfa\xe1_\x1f\x00\x91p\xfa\
\x12%\x89\x8a\xc8E\x99H\xa1E\xe4\xf0|\xdf\xe4\xd3\
Bw\x04\xa4\xc4C\x8bp\xf8\xa11ve#\xc2\xd8\
\x7f[8\x82\x14=\x97`#\xa4\xec\x84\x08`B\x99\
\xfb\x09\xd7\xc5b\xd26W\xb60\xb7@\x88^4\xf6\
~\xc4p\x89\xdd\xea\xff\x1a\x8a\x02\xc0\x1a7%\x12 \
\xc0\xba\xc1VE\x9eI\xc8\x19T\xc9\x01!\xe7\x7fU\
\xf2\xa2\x9d\x8f(\xfef\x17\x13\x8b\xa9\xc3\xc0B\x838\
A\xc8\xaai*C\x88a\x83\xcf\x1d\xf8\x883p2\
(x;\xa0\x92l-\x9aZ\x10\xc4\x11\xa7\xaaH\xd6\
G\xa1H\x02#\x0a\x92\x94\xda\x18\x84\x84\xb4\x9d=\xe4\
\xbf\xb0cc\xc7\xde\xfad\x9b\x0f\xce$\x1d\x81\x16!\
Nhk\xa5bD\xceg\xff\x84\xf9\xec/>\x7f\x84\
s\xacl\x85S\x8d\x88\x12)\x11\xc2$\x14\xf8\xe30\
M\x05J\x84\x08a\xfbR\xd7\xa7h\xf3\xc0.\xbfF\
\xe1\x1c\x22zJe\xec\xe7)\xdf\xb7\x8c\xb1\x7f\x5c^\
\xa1\xd3\x03\xf4H\xe2\x22\x8c\xaf\xdb\x09K \x04.P\
@\x84~R,/\x5c\xec\xa4\x1f\x18J.\xb7v\xdf\
\x86\x22qo\xd2\xeaX\x5c\x5cCY\xee\xbe\x94\xebs\
\xa97\x94\x22^\xf8o+\x98Yp\x80\xe9)\xb3\x91\
\xaa\x0c\xbai|\xfe\xdfbo\xe1\xa7\x87C\xe7!\xb5\
\x22\xe5B\xdc\xbd\xc3\xed\x8d\xe1\xc3N\x8e\x90\xdd\xaai\
\xc7\x8a\x10<Y\xdd\xa9P\x88\x139\x86\x00\x89\xbfv\
\xc4\x87B\x8f$E\x02UB\x8c\x9c\x88\x22\x11\x87\x00\
\x8avsf#y{\x99\xd8\xc8\x06\xd9%!9\xd1\
=T\x09R\xe4E\xf2\xc8\xf6D\xdc\xd9G\xc8Nr\
k\xc6]\xfa\x9d\x1e\xef\xfe\xa5\x18\x89\xfa\x91\x8f\x8a\x11\
\xaa\x91W\xac\x1f\xc9\xed\x1e\xec\xda;v\xe4}\xee\xcf\
\x88\xe1]1D\xd7\x95H\xaa@\xb4\xed\xabmyH\
(\x13Q\xd8\xbe\xb4\xe8\x86r\xa5\x8c]@\xd2,S\
d\xc4a2\x0e\xa0\x94\xae\xdf\xbe\x08\xfb\x0c\x17\xdd(\
s\xddDx\x15\xfa\xde4?\x11\x91\xf8.\x02Z\xb2\
==j\xea\xf9\xc0\x1c\xc1`\xed\xb2\xccE&\xce\xd5\
\xa9E(\x0a\x15\xc0&\xc9`(?\xee?=\x19\x0e\
\x95\xca\xd7\xa6\xa1\xce\xea\xd1\xfa\xa8\xd5x\x8d\x82S\x04\
\xd7\xed\xa0i5\x18\x82\xa7\x09|\xe0Z\xca\x10\xce_\
\x92vZ\x5c\xa5&\xa9\xfe)\xffw=^\xd43k\
#t\xc9zD\xf4\xda\xea\x19lU\x12\x12\xb4\xbaA\
\x10\x11\x9c\xfd\x8b\xfbm>\xcbN|\xb0\x15]\x9ai\
e\x009\x18\xf7e\xf3x\x9a[\x11C\xec\xf6\xa0{\
\x9d\xdeA\xc8E\xe9\x1f\xac\x90!\xd2\xd7W\x0b|\xe4\
sx~SoF\x00\x04e\xec\xc6Hhk\xa5\x00\
\x22\xf5\x08\xb3\xe2\x87\xed\xe5B\x82#\xe3\xb6\xcc\xf7\xb5\
#W\x1f\xa6\xe8\x08A\x92\x82#*5\x99\x88m\x5c\
xs8\xb9\xbe\xd1\x9bt\xb0un\xdb\xe3\xe5p\xa4\
\x9a\xc4\xe9\xf5\xd02QX_\x82ZZ\x1aW@\x06\
\xc0\xe3l\x9f\xdc}(?\xfd?\x8d\xc7\x0c\xcc,R\
=R\xcf\xc4\xcc\xfaA\x808\x0f\xb91\x84\xac4\x1a\
B8\xebQ\xdaZ|]\xb0)!\x15\x88{\xf2o\
Q\x91d\xd6>\xb18\xe2\x82q\xc4\x1cj\x0f\xe7o\
(\x11\x82\x04\xb5\x88'%#Q\x88\xa0\xf5/\xc7\xb5\
\xa7\xae\xa6al}dkl\x90\x91\x0f\x8a\x8c2\xd4\
\x8e\xf8\xc8\xbb\xa8\xd5\x15\x8c\xbcp\xcf\x87\xc0\x088;\
1\x92\xe9H\x86\x08\x94\x08\xf5\x08b#h\x19\x14\x18\
a\xa5n0\x12\x96\xb1\xa7\xa1#\xe1\xd8b\xe3\xb9\xa2\
c\x900\xf6\xf1\xe5\x1c1vfj\xe5\xea\xc3\x94\xcd\
\xc8\xd8\x88\xee\xf4ia#\x15\xe1r\xa3:Qq\xf6\
.7s\xc3\x87l\xa0\xcf?\x9a\xa6\x1d\x0dm\xb1\xd7\
\xaa\x0bjk\xe30\x84\x8d\x05\x5c\xd8A=\xc2\x00\xbd\
\x09\xbea\xe0 \xd1\xd8\x88\x07\x0d\x05'Z\xe0\xd26\
?\x03 \x1b\x9c\xb6#\xd7!T\x22\x05\xa0\x01tJ\
\xe4m\x85\xb5EB\xc28\x22v\x96[\xd1\xff\x1b\xee\
\xdfy\xf3\xe5[\xc7\xfb\x9b\xba\x08\xa5\x8a]\x82\xa4[\
\xaf{B\xf7\x16\xc3\xed\xbd9\xf2\xa4\xed\xb9\xe9/t\
\x08GPG\xcf\x07\xce\xb1z9\x90\xfc\x8d\xbc_p\
v\xe6\xa2\xe4({\x06\x09\xe6W\xa5\xd2\x11b\x84\xa4\
]\xf6\xa2\xb6\xea\xcfC\xd9H@\xe4\xa4\xac?\x84\x1a\
Q\xc9Y\xf1nj\xadD\x8d\xac\xe6\x85\x1a)\x93\x19\
Y\x95\xdd\x81\x08%\xa7\xa1t)\xbb\xa3\x03B\xa3\xcb\
P\xe2\x9e\xa5\x03g\xf6[\xbbd\xd9j\x16\xd7\x00\xe5\
O\xe7\xc3a5\x09\x93#p\xc0\xb4\xae$\x95\x91\x92\
\xda\x93\xea\x15c\xe3j\xa8<d80%2\x9b/\
\x8f>J\x99z\x88\xd3\xa1KE\xc8\xa2\x04\xc8,\xb4\
\x08\xce\xfd(\x81Td%\x09%.\x84\x08\x0b\xdb\x97\
\xeb\xcb\x83\xfb\xd7<[4\xb6r\x11\x89\x09\x9b\xb8\xba\
\x1eI\xbe-\x8c\xb5\xc2(\x924\xfa-jv\x0d\x22\
\xcc\xd8\xc2z3\x01F\xf4\x84\x92\x0d\xf6\xa0#F^\
\xc5\xd6b\x7f-\xd2\x91\x5c_\xc5\x02\xc4\xc2\xd8\x22i\
\x87\x90\xb4\x1b6\xfc\xcc<\x94?\xbd\xf7\x5c\x1e\xca\x93\
\xa7\x1f\x96m\xb0aj\x9d\xb4\xe6\xf8\x9d\xb4\x93\xae\xdf\
7\x04\x18!\x19I(\xf1e\x12Y\x7f\xb8\x98\xc4\x9d\
\x19\x97\x1213\xa0\xc48\xfbA\x0eKv0\xb4\xaa\
\x0e\xd9\x10V'2\xe2q\x1c\x87\x9e&vP\x06.\
\xb5\xfc.=k\x8a\xe5\xb8i\xee]wm\xc2\xcc\xda\
<7mu)J$=;H\xb8\xb7\xfc\x5c\xd3\x01\
L\x90dS\x8b\xac\x9d\x19\xc0\xc9\xde2\xd6.\xbf\xb2\
Y\xc1\xd8\x12\xe9\x92\xf6\x01\xcb\xda\xa3\x9dk\x1a\x8f\xc8\
(\xa2\xe1\xc4@B\x84\x14\xce_b\x04B\xbf\x16`\
\xc2\xae\xbf\xb4\xb5\x14#\x1f^k\xf64\xf4\x08\xe2#\
\xceG\x08\x0e\x1c\xa1Cd\xcf|\xe4 \x80\x07'*\
d-\x82\x9b\x07\x07 B\x92_+\xf7fd\xaa\x96\
\x06G\xd4\xd4\xd2\x18;$'3\xd2\xcebm\x15\x04\
\xa6xikQ@BpP\xb8\xf6\xdc\xe2zt\x05\
\x22g\xbb\xca\xbe[k=\xef\x00\x06\x92\xb3(\x04\xe1\
I:\x12j\xf0\x00\xa9\x8a\xea\xbd\xb2\xcd\x916T\x88\
\x5c\xcc\xdb\xe3K\xfc\x1d\x12\x11\x89\xcc\x88/+=\xd1\
\x1eS+\xa9\x11R\x12\xd6[\xc9^\xa6\x00'\xd6\x1e\
\x02\xb6\xb7\x9e\xc8\xfb\xee\xd9\xbf\xd9\xfb\xcb\xbav\xb3\x18\
\x09\x13\xfbo*Bl\xa3\x1e\x91\xc3h;\xac-_\
&d\xed\x84\x09\xa6\x06\x96\xce_\xc2\x04z$\x8c\xad\
\xd4_\x0b\x18y\xd5\xd9\xd3\xa4\x22\xac@|\x9f\x08I\
\x98Z\x90n>#&\x84\xca9t\x88\xb7\x8e1\x8c\
\x84&9\xe9DGl7\xde\x07\xc2\x8e\xb4x\xc4\xd8\
W\x1a\x1c\xb1tF\x12\xf6\x9e\xd2C\xec\xacc'J\
:\x9e_\xbd\xe4\xd8\x08\xe9z\x86\x89\xeb\x92\xa3{\xc9\
\xff\xd88)\xb9q\xf3\xe7\x87\xa6:\xc2\xe0B\xea\x08\
 P\x15y\xee\xd4(ad\x89\x0c\x00%,0\x01\
\x88\x9eG\x17\xd3\xe3\xf5.T\x96@E\x11r\xd76\
\xd3\xc5\xc2\xc1\x91\x10\xc2\xcf\x91\x910\xde\x9e3R\x1c\
!\x94\x1c$\xf1\x8de\xbb\xce\xda\x87\x8b\xaa\xe9d\xff\
\x8e\xf2\x14\xd1\x94 \x9f\xf3\x1a\xed?\x8e\x1b\xa4\xf6\xfc\
p=\x02\x9c\x14E$=\x0d\x84\x9c\xb9\x83\x8d\xe4\xe9\
\xa1\xa1G\xb4\x85\xee\xeb\xccg\xcf\xbe_\xc4\xd9\x93\xa1\
\xe5gr\x11\xdd\xf1\xdc\x89\x11\x13\xb6\xf9\x8d\xf2\x5c\xba\
\xb5\xe8\xd8Jy(\x04\x89Jb#\xaccWSk\
\xb1d\x001GGHE\x18`'D\xea\x9c\xcd\x98\
\xa2#\xba\xc4\xb0g!{?\x91:,,]\xdc\xde\
7+\xe5\xee\x83\xbavU2\xc0\xda\xaf\xa0G\x8a\xf2\
^ \x03\x97\x1a\xbb\xc1jP\xc3\xd6\xaa\x87\xa3J\x14\
\x96\x02\xd0\xff\x8c\xff\xb5\xed\x97\xa6],\x88\x05^;\
\xbc\x04\x9b\x9ez\x09I$\xe3P\x91\x10%~\xa2w\
\x8bMRZ\xeb\xd9\xd8\x9e\x92\xb5\xa7\xb2\xf6\xf0mA\
\x12m\xa7\xa8\xfb\xd7\x84\x89\x8d\x90<g\x01|\xe47\
\xdd\x1aim%>\xf27\xc3\xec/\xacHR\xadn\
N\xfd\x05F8\x0a\x91\xa1\xc4D\xdas\x1c1\xd7W\
\xe9[\x04\xca.[\x22$\xd6f\xbd\xb4\xb5hiY\
:\xe3\xfc`j\xd9V\xe6\xfcNs\x81U\xe6\xec\xb5\
\x9f\x02 9\x9d1Bq\xbf\xca\x82\x8fdS_\x93\
\xa8\x12\xac_{\xb4\xd9[\xd6\xbc\xa4\x95 K\xd7\x96\
>\xc0AL\xe0\xe3\x1a|\xc4\xaeH8\x11\x19\xd8V\
W\xb2\x14\x9b\xe1\x16 \x94\xdfo\x97\xcdU\xd3\xda_\
O\xb2\xc8\xee\x05\xa8\xc3\x9c\xdaH\x1dB\xc6NK\xab\
\x9b\xf9\x9bj\xda\xa7^\x8f\xa8\xac}\x22\xac\x9d I\
\xe9(\x80H\xf2l\xd1\xd2bs\xec\x93\x14f\x07e\
G\x13:9\xd3\xf7KK\x8b:$\x97\xea\xa2\xc6J\
{b\xa7\xfa\x91\xd7\xc0\xc8I\x9a\xf5\x96\x01Bx\xd0\
\xf9\xcbH;#\x88\x86\x0f\xe7\xec\xba\xa3\xf8\xd0N\x22\
\xac\xd3\xa5&\x01@\x0a:B-\x12\xc1\x91\x8bF\xb2\
\xe2\x11\x1c!#\xc9\x8e_\x0a\xd9Hrj\x81\xb3\xa7\
\xd0a0v\x0a\x96\xa5\x1ed\xefU\xd3\x8c6\xc1J\
@P.\x8f\xda\xd1l\xa0\x0b\xde\x13\x11\x07\xc0\x85\x7f\
D\x05\x02+\x8b\xead`,d\xe0\x18\x91\x07\x8b\xba\
i\xee\x02\x80\xfe`\xf3\xadmf\x97\x09\x1b\xa5d\xa0\
\xfcC\xdaV\x952\x80S\x1c\x11\x99<4\xb4 \x82\
PmG\xb72E\xd2_\x8d\x98\x8b\xda\x91\xfb\x8b(\
\x22\x04\xac\x9dI[9\xfb\x17\x18)F#\xb2~$\
\xf52\x0dq\x8c\xb8\xad\xc5\x9e\x0f\xaf\x92\x8b\xc28;\
\xb4H\x86\x09H{\xca\x8cg\xc6\x16\xb3~\x89\x11\xd9\
\x0eb\x8d,\xd1\x0d%|\xbf\xcc\x8cO=\xb5\xce\x8b\
\xaeZ\xe8<\xb7\xbcRR\xb0Fpd\x09\x84\x10&\
\xe3(c\x8f\xfa\xc3\xde\xe8\x08\xe8\x08q\xc2\xfc\x93\x04\
\x10\xbb\x00&\xa0\x02\xb3\xc5es\xfchkXv\xbd\
\xda\x83\xbb\xa6\x99-|\xc1\xc3\x80\xc29k\x0e(\x0f\
9\xf9\xa3s\xa0\xc3\xd0%\x0e\xdf\xe33\xd5 \xf8\xfd\
~z8n5d\xd8y^\x0bl\x10\xe2\x83FW\
\x02\x88\x9d*\xecD\x08ABeR\x96#B\x91L\
l\xd2\xc2\xdb\xbe.Bl\xb3\x05\xc6\x9e,-L#\
\xc1\xff\x1c|\xe4\x0b\x00\xc2\x94\xad\xe4\xfb\x85\x1aI\xd5\
\x88\x1c@\x9d\xfb\xc6\x13#\x02\x92W\xe4\xec\xccE\xe9\
\x0a\xd5\x88\xed\xc4H\x22\xed\x90N\xe39=N\xc0\xda\
\xcbf\x0f\x85\xb0\xbe\xea\x94j$\xd5\xb1\xaf\xcc\xd4\x9a\
\x99\xa9\x95\xd4\x88\xedD\x09\x08\xfb\xa4\x13c\xafS\xf8\
0\xe7j\xe5\x98\x1c\xe0\x11\x00\xe1\xe7\xd4\x16\xda\x99C\
\xd6\x00\x02Z-7\xfb\xf3\xe3\xe9\x85,\x94\xc3\xea\x0f\
m\x82\x22,\xaa\x8e\x1a\x9f7\x82od\x7fh \x11\
wVmq\xf5\xcd\x8d\x08\xf0g \xd9\xb5\xed\x22)\
6\xd9qM\x02nUJ\x9d+\xadR\x80d\xdc\x95\
R\x93\xc0\xd6B\xac\xbdf\xcd.1\xd2i\xfc\x9b\xcb\
\xda\x0b2\x02\x90\xc0\xf7+0\xc9\xb3\x11\xe9\xd6\xca\xbd\
Q\xf4\xe8 $\xb8\x081\x22X\x82\xad\xf5\x8a\x18!\
\x1f\xe9\x9b\x84\x98{\xfd~(M-9\xe0\xd6b\x9f\
\xdf\x02%\xa9\xd7\x03{\xcfA\x18b\xff\xa5S\xfc\x88\
\x05\x88#\xf7jU=\xbd\x1e\xa6\x89\x8b\xd0\xd4\x22H\
\x00\x93^\xafV\x82H\xc6\x89\x9c\x88\x94\xcb\xb6\xd9\xea\
\xfa\xd5\xddQ\xa2\x8f\x143\x8f\xc2\x19FB:\xdc\xbe\
\x82\x96\x18\x84\x93\x175\x8b8\xec\xf3\xaeu\x90{2\
\x98-\x96\xc7'\x9b\x1bP\x11\x87\x08\x1ch\xdbf\x89\
'\x03\x0dB\x90\x98\xd0\xa9\xc5\xadL\x01\xce\xd6VI\
I\xfc\xd4\x1b\x1f\x01B\x8aR\xab\x11\x06\xedb\x86(\
\x06$R\x8f\x1cX{\xd2#\xa9\xd1\x96\x1a\x14\x1a'\
C\x0d\x89\x09\xfb5\x02$XWe6J\xf0\x11F\
G\x82\x8f|\x94\xa5\xf8\xe9\xc51\xc2H;\xf3~\xbd\
/J\x12\x8cB\xf4\x13\xe7\x8e\x00\xe0\xa5\xeb\xf7\x13\xf8\
z\xce\xd5B\x8b_V\x8e\x88|\xe9\x1f\xc8\x9eR~\
ij\xbd__\xc92`\x91.\x19;\x85\xc3\x02z\
z\xa1\x04B\x02 u\x01\x91\xecS]\x1c6\xacH\
\xdc\xc2Wm\x8b\xb0\x1e\x9dN7`%\xdbVr\xe6\
\xe5\xa9c\xe1;6\x06\xb5\x22\xde\xb4\x07\x8c-\xc3\x86\
~<@X\xa5\x1e\xcaV\xcf\xe7\xcd\xf1\x0fXYr\
\xd0\xb9\xac\xb2i\xdbRy\xe0\xa9e\xeaN{\xab\x97\
\x8e\xe8\xb9:\x80\x840)\xe8HE[+\xa1\xc4K\
\xad\xd6ohl\x91\x91\xfc\xda\xfa\xe1\xf7\xcd\xe8\x22g\
\x0b\x0c\x15\xe6\xb8,\x18\xdb\x99\x8dR*\x12\x82\x04\xd2\
\x89\x8d _K{\x07}\xe2|\xf6\x97\xe7#\xb9\xdf\
o\x7f{-\xb2v*\x12X\x8d\x99\x8e@\x8f0\xd0\
\x8e\xc0\x91\x9c\x93\xa9\x95\xc6\xbb\x11\x22\x1d:re\x01\
\xc4Qx\xb5 0\x99\xfb\x9c\xbf\x8c\x8d\x90\xb1\x03!\
\x0c\xb3g\xd6\x9e\xd5\x08o\xdb8\xb7\x8d\x07Gx\x93\
\xbf\xd1\x07\xd0+\xcf\xc7\xa2JT+\xb0\x88p \x1b\
\x99\x88\xe2\x05\xd7\xda\x10\xa2\xd7\x81\x82D\x82/\x9f\xf0\
\xfb\x00\x10Q\x1f\x86\x11\xf7\x9d\xb5-\x91Au\x92\xac\
\xadY\xa9P(9\xd2\x0eNB5\xe20\x01B\x5c\
\x1bS\xa0H~1\xb6\xf2\x9c\x85\x1e\x8cd=\xc2Q\
$\x98\xd6\x8e\xf8H\xea\xb4EJ\x92\x02\xed\x89\x90\x10\
%\xc8i,r\xe3\xff~5\xbf\x16\xe3\xec9B\xc2\
\x08\xe2;\xba}\xed\x15p\x98. \xc2\x00\x22!\xe2\
.-\x22$\xa9\x11\x16W\x99\x90\x8d\x84\xa9u\xd1,\
\x0e\xa6\x16m\xad\x1e2\x22\x92\xb3\x19kl\xb4\xb3r\
\x9eV\xca\xd5\xa2\xe6\xe8.J\x81H\xebI(\x08Z\
X{][\xd78\xf6mS\x8d\xe0\xa7:\xaf\xe9\xe8\
\xd2C?V\xb5\xa2\x9f1\xf3*\xdcY\xc3z$\xe0\
{\x0e\x06\xe2d\xdd\xf2\x8c\xfd\x0f\x11$xZ\x80,\
\x81\x1cB;+\xe3\x841\x92\x1e\xff\xaf\x09.e\xeb\
_\xdfD\xde\x8f/g\x0b\x18[\xdd\x84\x94\xa8\xb3*\
Q\x92S\xe4u/\x9bc\xbb\xb5u\x80I\xf4\x10*\
\xc3\xecvraR#\xd6_\x1e@\xedz\xa4\xc4\x08\
\xe4\x15b\x88\x1fsN\xe3\xbb~\xe7\xef\xefg*\xf8\
+\x05\x13\xeb:\xb5\xf4P\xf9\xbdS+\xe5\xa1P\x8d\
\xac\xbe}\x94\x5c-\xf4CY\x16\x8c\xa4/\xce\xde\x9f\
\x14\xdf\xd3\xe8\x81B\x84t\xe80\xac-\xff\x00Z\x04\
\x12e\xe5\xf6\x11\x09\xca\xa5\xa8\x12[,\xb5m\xba;\
<PWYc\xb3p\xe1\xd0\x11R\xcf\xeb\xe6\xcd>\
\x82.\xfe\xfb\xa2\xc3\xd7\xc1\xb2\x1b\x1bq\xb7#\xce\x89\
,\x95y\x02\x11iG\xfb\xb0N\xf7_\xec\xa9\xfb\x03\
\xdb\x07%\xdf/B$\xf3\xc5\xfa={?0\xd8\x0e\
5\x02\xe9\x04I\x92\xa9%\xfb\x09H\x89\x01DO\x1c\
\xb3@\xd7V\x9a\xb2p\x90\xdfM!\xe1\x8c\x1e\xd4\xea\
\xbep\xc3\xdf\xff\xa6_+\xd7\x8f\xbc\xeb\xcfg\xc4I\
\x9fzn\xf6\x10\x8e_\x8e\x1c99ISB\xd3\x08\
\xc4~2\xc2\x06\xa60\xb5\x8ef\x97Z\x18\xf8fi\
\x92\xa6*@r\x8dn?J\xe8\xd7\xa2\x1e\xf95,\
\x12\xb7l\xb2c\x85\x08\x08B\xd9\x04\x0e!w9\x9b\
\x8e\xb9;j\x86\xa3\xc1L\x97?\x91\xe2qt\x7fL\
\xec(L\xf4\x89\xcc\x97\xcd\x0a\xc8\xd8\x80\x8c\x18\xf8\xd0\
\xbf^\x1e\xe8v\xb3l/\xf1\xfc\x16DI\xaf\x0b\x98\
\x8c=%\xa3\xb0\x1d]\xf2lU\x13@$uF\x09\
Y\xba\xb1u\x94\x86\x91\xa4^t\x08\x92\xd0\xff\xdb3\
\xac]\xa2\x89\x9003\x0e]\xe4\xfb[\xc8\xc7\xed8\
Mi\xa7k\x8b\xb9\xf1\xec\xf7\xfb\xe2\xc3\x15X\xab\xab\
\x18\xc99\xbf\xa4\xec\xd1\xa11O\xaf\xa2\xa9E.\xa2\
\xfb\x09\xd5\x088\xbbW\xeaB\xf92\xbe\x0e9\xefK\
\xd5\xd2\x5c\xad\xa3\xcb\xc5\x0c\xa6\x96\xc0\xc3O}%V\
\xe5\xd0\x91\x04\x90\x5c^E)S\xb4\x16\xc4\x09P\x82\
\xeb\xaam@\xa27l\xb6\x1b\xd3J\x5c\x8c\x9a|m\
\xaa\xf9P\xa4\x062\x00\x0a\xc0\x04\xdb\xd0.\xfa]\x8a\
\xbd{GB\x88bcC\xb1\xdf{#\xe6\xd6ep\
\xf6R\xa7\xc8N-\x922\xe4\xc1GrVcO1\
\xe2$\x85G\xa6\xcb\x09\xe0Qx\xb6\x8eV\xdf@\xda\
S\xd2\x16\xfb\xa3\x0c\xceR6\xca\xd7nY\xbb\xd5#\
\xa2`\xd7\xd6\x07\xdc;\xcc\xfd-\x11\xc2(\xa23`\
\xd6!\x86\xb0w\x90\xe9\x91\xe4\xd8z\x95\xdeA\xb9\xc6\
J\x91\xda?\xe3\x0dO\x1f^-\xf6\xc2\xa6\x1aa\x0b\
\xd3\xb2\xf9\x1c\xdf.\x85\x0a\xdb\xfc\xda\xfd\x07F\x09\x19\
\xbb\x82\xe4\xdb\xba\xbd\x9c\xa9W\xab]f\x99\xaa\x00 \
\x94\x5c]\xd5_\xc5\x8e\xb5\x84-d\xc1\x8d\x11\x89\xcb\
\xb6\x8d\x02\xab\x0d\x05\xcd\x12YW\x22\x8f\xaf\x8e\x97\x17\
3A\x81i\x0a\x22\x04<]?k_3\x84\xc8\xca\
k\xdeo=\x09\xfe\x06.\xb2@ \xc0\x18\xb9\xf1m\
\xbb\x82\x1e!/IZ$\xf4H\xe1\xfc\xedc\xed\x95\
\x1d\x80\x07K\xff\x81\x10\xa2#Tv\xeb\xbd\x1f\xde%\
c\x8b|D7\xe6\xfe\xc2\xd8\xca\xd3\xda#\xab\xd1A\
\x02F\x12\xce_\xd9q\xaf\xcd\x8d\xe8r\x13:\x22\xc4\
\xf5\x88\xaeA\xc7\x08\x83\x88/\x85\x93\x9e\xd9\xd3\x22\xbf\
o\xf6\x8b\xe7\xf9\x9b\xf8\xa1\xebK\x05\xc9\x89\xbb\xb5`\
u\x06FrB#\xd8\x08\xa4\xaf\xb8\x0a\xa6\xd6\x5c\x9b\
=\xac\xd6\xcb\xc3?\xf0D\xae\xf8'B\x1c+E\x17\
\xec\xa4G*\x18ZtlA\x18\x9d\xee\xf3f\x01(\
\x0b\x81\xc8\x8d\xadT\xd9b\x15S\x95\x94\xc5P7\xf7\
M;\x1a9#/\xac+nC\xdf\x94/HPd\
\x05V\x0e.\xb2\xa1\x12!\xe5\x81\xc5\xd5,W\x06\x0d\
<\xad\x80pb\xed\x91\x00<\xec\x09\x8f\xe8\xd61\xb5\
pQ\xc1\x9b\xcb\xfb\xce\xa9\x88|\xf6tr:\x9dJ\
|*\x8c-*\x12\x80\x84E\xed\xc1\xda9bWv\
6~\xc8\x10A\xa89\xe9\x91\x98D\xc2\x94-\xdb\x93\
_\x8by\xbf\xac\xb1zQ\xd2nPs>\xf27{\
\x99\xb2\xc4\xea\x1d+uS\x80\x9d\xe1\x11 D\x13\x01\
\x22|\xe8,\xcc\x8dM\x16\xe8\xea)'\xa1\x90\x8d\xc4\
\xacZ\xb2\x91\xc2\xd4\xba:\x9a\xcf\xabj6m\xda\xb6\
\xd51\x7fr\xd5\x87\xeb\xe5\xd2\x14\xc8\xd7\xaf\x07\xac\xc8\
g\x14(U\x9e\xc7\x83#;\xb5\xa8H2\x1d\xc1]\
\x1a\xbbj\x91-\xab\x9d e\xcfD\x05\x10\xaaJ\xe4\
\xb4k\x1b\x9d#5\x8c\xcdkC\x8c\xa1\x83\x88\x0c\x87\
3\xd9\xc5\xcez\xb8)\x22-\xc1D(l\x1a$\xd7\
v\xb9\xc03\xebn\xa5\xb0\xd2*$\x13\x92\x92\xb3\xd7\
\x8a\x0f\xc3\x06n2\x96\x114\x16[k\xdd\xe2\xedv\
\x917\xba\x9a\xb5W\xdf\xd0g\x8b\x8c$\xe7\xfe\x0eH\
HB\x8d$\xf7/pr \xee\x9f]R1\xa2\x1c\
\xd4%\xe8\xf8\xcb\xf2\x91\x22F\x22\xf1\x91\x84\x91W\xe4\
#\xd9\xd6z\x17\xed\xb0\xff\xa5\xcf\xec\x83\x5c\xd0\x0c\x8c\
\x00!\x1d\x89\x81\x0aH\xc4\xb1\xfe\xbe\x1d5\xe2(\xc9\
 A\x11;\xd8\x88l\xd9\xabu\xbd<VP\xac\x9b\
\xe3F\xa5m\x0erl\xa2\x9fZ\xcb\xbfW\xfe\x17\x93\
\xa9\xe2Ddb3tK\xce\x0e\x80`\xcb\x09\xbf\xb3\
\xec\xf8\xc5\x09{\xdbF\xc3\xc6\xe8\xb7E\x9c8H\xf4\
KQV;h\xc6\x0b\xa8\x0c\xd7$39\x86\xa8\xa3\
\x1a\xca\x8e\xb8a\xa3\x90@8\xdd\x10\xf2\xab)\xe7\x9f\
\xf3\x90\xe2\x16\x9aDv\x1et+D\x98\xe7\xf7i\x8d\
UR'c\xa2Cf\xf5\x8e\xa7K}w\x8f\xf0\xb6\
\x8a\xb4o\xf5\x86\xa4\x9fk\xde\xb6M{\xb4\xa6\xb1u\
\xb1\x1a\x91\xb6\x8b\xe8\xeb\xa3c\x8b\xf9(\x00J\xf4\xd9\
B{\x14Oue\xb0\x1d\xc6\x16G#\xd2\xb7\xc5\xb4\
\xc6\xd2\xffK\xda\xce\x1a\xab\xbf\xcd\xd6z\xbd\xf8\x08z\
\xd0A\x8b\xe4\x19o \xec\xd0yr\x8a|\xc6H\xf8\
u\x90\x80\x8c\xd8\xa9\xa3GbJh\x8c\x9bN\xe1C\
\x13\xb2\x11\x9aZo\x9e\xf6:.\x16\x046V\x8f\xce\
\xe9\xbf\x7f\xfcy9x\xdf\x888T\xbeNNO\xa6\
\x07\x8d\xa28\xa1\x90\xad'=\x92\xca\x96h\xc7\xe0\x9e\
\xbd\x9a6\xbbM\x10\x83$\x81\x92n\xed\xf9s#\xa4\
\xa46l@\x95\xa8\xf6\xa8g\xf6\xc1\xd0\xda\xfa\x08\x15\
Y\x12\x1f*@_\xe8'\xc0\x11\xe0\xd4O\xec\x9a\xc9\
\xc2\x04\x08!a*\x84]^\xd8B(\x89\xb3\x91\x89\
y>,\xda*e\xeb~\xcfi\xde\xad\xcfWWO\
\x0f\xb7;x\x9f\xf1\x9a}\xf2\xe2S\x93C\xedP$\
\xd4#\xbas\xee[\x9a\xb1\x8b\xaa\x08[\x11H\xe4\xcb\
u$\x09%@\x08{\xa3\xa4\x10I\xea\xf9\xf0\x0a\x94\
\xbdo\xaen\x7f\x0c\x91\x83\x15\xa0\xf2\xe8\xd9\x82b,\
[\x98\x86\xd0\xb1EQ|\xe4\xe0\x88\xdfx:\xe9\x8c\
\x8a\x12\xcf\xd5\xfa\xf2\xddF\xdfvE\xad\x92\x1b\x15\x8b\
I\xef\x1f\x9e\xcf\xdf\xc8?Y\x812\x91\xdf3\x9e8\
Iq\x85RC\x91\xd8\xf1\xfb^\x0fXo@I|\
\xb2jv\x08\xec!\xb4'\x87\x9fE\xa8<\xa2\xde\xc3\
\xe4\xceK\xafHE\xdc\xcf\x05&/\xfbb\xdc\xac\xcc\
\xdb\x1b?G\x9cE!; \xe9\x91w\x95}S\xad\
Ju\x87\x87\x99\xb6\x97\x8c\x1d\xfc\x8b\x19\x8d\xb0\xae\xd4\
!X\x9dW\xe3i\xdb\xd8\x1b\xf7\xe1\xe2\xe9ng!\
R\x13\xcc\x90\x93\xfb\x90\xdc\xa0b\x9c\xea\xfb\xabn\xce\
\xd6\xc5\xc5\x90a\xc44\x1d\xd1\x8d-\xa2\x848a\xfa\
/\x1b\xff\xea\xc9\x04\x9c=\xcf!\xe9\xf7\xfd\x82\xb3\xeb\
BT\x8c\xf8\xac\x90\xd7\x9b\xf5fO\x0a\x18I\x10\xc9\
\xa9\xf1!\x08\xb4\xa7\xf0\x88K\xc6\x88\xc3\x84\x91\x91\x92\
\x92\xb8\xb0\x81)\xfb\xa1\xa8W\xeb\xe7\xf6\xe1\xde\xe4N\
v\xddB\xe4\xe1\xed\xed~\x07\xb8l\xb6\xf7\xd7\xe7\xad\
#En\x8f\x8e\x13\xd3&\xb8\x91\xa66\x0fQ\xdc\xda\
E\x09R\xe2\x09\x91=\x1d\xb3I\x83\xa4\x8eBH\xd8\
\xf5e\xdf4\xa3y\x1d\x11\x12RvQ.\x96\xc2\xd8\
<\x22\xf9\xc4/\xceD\xd8j\xaeKzB\xee\x9b\x9a\
\x11\xce\xc4FR\xa8=\xa5\xa2@\x14 S\x11\xcb;\
qx|\xba|\xbc\xdd\xeas\xb0{\xd1\xfe\xf6\xf6\xf6\
\x8e\x12\x8f\xef\xef\x1f\xeeo\xce\x96\x9a\x8e\xd2\xeb\xd9\x1a\
\xc8\xe1\x08\x81g\x8b\xf1\x91\xe0\xedNI\x91\xfd\x0b\xc9\
\xb5VP!\xa4#@\x08!\xd2\x9f\x1b\xff\xf9\xbd`\
\xe4u\xe2#1\x7f\xe4\x03\xf4H\x8e\x22\xca\x0e\x9a\xa4\
\xf0\xe8\xf3k%c\xab\xd3\xf1\xc15*\xde\x16v\xd6\
J\xb6\x16\x18{\xd2#\x98]\xd5\xdc\xef\x0c\x16\xb7*\
r\x86\xece\xdf\xcb\x09\xffQ\x85\x8a\xc7(\xf6O#\
\x03J\xbb\x9c\x88\x11\xe1\xda\x04Z$\x99[@II\
F\xb2\xd3w1\xd3\xb5\x1c\x94\x9a\xe6\x07\x96r\x01\x1f\
\xe6\xa6\x98^\xd8\x9c5\x95\x80\xa4\xa6\xee\x90\xddO\x03\
\x8d\x8a\xdc:B\x80\x91\x8e\xb1&{\x1c\xe8c\xea\x08\
\x14\xbd\xf3\xa31t\xa4 I\x11j\xcf\xad\x1fj\x12\
\x125\xaa\x0c\x1e\xf2`\xa9\xf8h\xd6\x97?v\xfe2\
\x14\x1bwxc\xf7&\xf6\xc0>6\x11\xb4\xdc\x7f\x17\
c\xeb\x8ae\xed=\x1d\xe4\x09\x92\xdf&6\xe2nI\
KK\xd7\x0a3\xb6hg%\x8c\x84\x90\x89\xa8D|\
\xe4=rQ^e\x90U1\x0f1\x97\xea\xbe+$\
\x15\x8f\xa0\xdcX\xb5\xa2\xfb\xb5\xba1\xc4\x10U\xa9\xd1\
\xee! \xe20\xc9\x0dL\xa9FHG.\xdfoM\
u\xdc\xea\x06\xa1\xecC\xf0\xf1v\xeb@y>7\x9c\
X\xc0X\xcd\xaeq\x1d\xeb%\xdbZ\x89\xb2c\x83B\
i.\xa3\x13J\xd2\x22v\xc2\x06\x90@3\xa0B\xea\
\xa2\x19\xcf]u\xe8\xd9.\x03@\xa4i=\xc7\x1e\xdf\
o\x86#4\x12\xd4\x09\x01\x924\xc9U\xb3\x80c:\
k\x12'V=\x89\xbf\xa6@\x8d\xa0\xab#P\xf1\xa1\
\xef\xcd\xf4\xfaN\xf5\xaf\xc3\x03\xef$\xd1\xc1[\x91\x08\
@r\xbf\xbd=\xbe6B\x02\x90\x18kO\xe3C\x8b\
\x0e\xf2\xe4\xeb\xb2C0\xafGI;9{\xefl\xc4\
\x9c\xd4H\x8cPJ=R\xe6\xa2\xbc\xa4d>\x92G\
\xb3\xd3\xfb\x1b\x026BE\xc2\xda\x11\x13\xf6\x8c\x17t\
 /\xbe\x94\xec\xfa\x95\xcd\xa8H\x0cxK\x9e\xdf\xc1\
\xbf7n]\xb9\x16)\x15\xc9\xdeO{\x13BEU\
\x8a\xfd\xef\x1f\x07\x8e\x13g\xa7\x93*u/\xed\xcdf\
d\x9a\x96'i\x8d\x81\x10\xbaz\x0f\x8f\xf1Y\x1aH\
\x00\x09\x9d\xb9\xcf\xc7\xd3\xb9{}g\xee\xe1\x9a\xe9\xb9\
^\xd4\xcd\xd7\x08\xcd\xabX\x84\xa5\xcbo\xec\xc3\x14\xa8\
\xc4\x0f\x0c#\x09\x98(\xc9\x95$\x85`\x12I5\x99\
\x98\x02\x99\x18>\x06\x8f\xf6\x1b\xdd\xb2\xdag\xb9\xc5\x89\
X\x81\xb6\xdeo\xdf]~\xcb\x1d\xe4\x87)A>\xd5\
\xb5C\xc8E\x90\x22_\xb2u\x5cR\xb7\xc6pk\xe5\
BD\xa6\xfdr\x8e\x95\xf0\x11\xf8~_\xa1~\xe4\xff\
F\x8d\xd5G\xe7#\xdd(\x22Y{\xc9\xd9\xd1\xf6>\
\xaaG\x02 \x0c\xb3\xcb\x19 a>#\x87M\x8b\xd0\
\xf5\xcb\xb4\xf8\xb2\x04\x11\xa6\xd6\xfaq\xfb`,\x84\x8c\
\xc4\x05x\xd9wew\x00\xca\xce\x14\xca\xeeq\x22k\
B\xcc.\xc7I\xa5\xa0\xa0*!Hf\xbe\xceRy\
\x86\xc5\x0e\xc9\x10\xb6\xc1\x0f\xb0\xc7\x8a\xe6w\xb0\xceV\
\x1e=\x1c-\xe7\xda\xbb\x17d}f!\x92\xc5\xa4\xb9\
B\xcc\xd07Q}\x84\x1a\x90\xc7k(\x93\x00U\xdb\
^\xe29\xf2\x89\x12\x22):\x02\x80\x88\xff\xaa\xaak\
\xe1\xe7\x82\x8fo;s?\xec\x1c\x0b;\xdbl\x97\xcd\
\xc50\x01)9\xe0\xed\xe6b\xcaI\xd4)B\xf2+\
g\x8f.[\xc9\xdar\x09>\xa2\xc7\xef\xf5\x08\x8d\xad\
\x0f\x9c>\x9d\xea\x10?j\x1db\xcc\xd5\x15y\xadz\
v\x95\x1e\xbf\x16\x00B\xc6\x9e:\xa2\x88\xa4\xc9<@\
\x09\xecME\x08\x8a\xfd\x09\x92\xd34\x92=\x06*\x0c\
K[k\xa5\x9e\xdf\xb7\xfb[\xa1\xecww\xe6]\xd1\
{*D]\xbf\xa1Z\x02!8\xcb\xd7\x8c\xaf(\x15\
\xdd\xdc^\xe9\xads=Q\xff\xbfp\x14\xae\xa3\xde|\
\xc62\xd0\xde\xb6\xe1\xc2*l\xacr\x09S\xe8\xdf*\
\x88\xc6\xbei/\x8c\x83\xb8\xd3\xd7 2\xd5\x8ax*\
\x1c\xc7\x150\x06\x90\xf0\x040\x9a\x80\xdc\xdfl\x9b\xa9\
)\x11\xda[D\x09\xa3\xecD\x88\xbc\xec\xe9\xf8\xbcZ\
\xea\xcd\xe2\xf2\xd6\xd2\x8a]W\xecv\xb6\xf3\x8d3h\
\xf8\x8d\xc7}\xbf\x90\xad*\x1ce\xed\xbbgL\xa2\xce\
\xcd\xe8\xa0I\x98\x8fB5B\x84\xa4z\xc4?!\xb9\
\xef/x;#\xed\x84\x09\xf2\xb5\xba\xa5\x88\xe0#\x7f\
\xbc\xd6\xfc\x11\xc6\x10\xc1G\xfa\x03$\x98g\xda1\xb4\
\x8a0\xbb\x88\xdd\x05\xd0y\x8e\xf5\x87\xba\xc9\xee\x8d\xe7\
R\x90\xddAr\x0e\xd7/\x87\x84v\xd4\xc8\xd5\xf5I\
\xe4\xbfn\x0c\x19\xfc\xdf\x1d\x1a\xf8\xc0\x19C\x98\xe0\xaa\
\x8f\x5c\x9f|\xdf>\xb5\x8dy\xbbt\xbdL\xea`\xb6\
\xa4#\x0c\x8d0\x17j\xdal\x01\x83\x12 x\xc4\xbb\
=\xd3\x81\x83\x94\x04\x19\xdf\x1e\x09H\x06\x00\x88\x86*\
F\xcb\xe3{\xa0\xe3&\xfcY\x84\x86#\x85 L\xe0\
4\x05 \x1e\xe0\x1a\xf0\x08\xea\x9e\x02\xedD\xc8XU\
H=\x9c\xb4\xc7\xc7\xd3\xa7\xad\xfe\xb8cBE\xce\xa1\
G\x145\xee!\x84\x16\xb4w[\xc4\xdeq\xfc\xf9\xed\
\xf7\xdd\x1b\x1d\xd7\x93\xc6,$\xef/\x04 \x09)\x02\
\xed\x18\xb2[\x84\xd9\xc9\xda\x05 \x04\x89\xed\xaci\xff\
\xd07\xa3=\xf8\x08\xfbk\xbdx\x0f\xba\xe4\xd7z\x9b\
\x1bl\x85@\x8f\xa4>\x8d\x1ca\x95\x18;\x90b\x05\
5}t\x84CB\x03!\xec`\xcaD\x94\x7f\xef\xee\
\x1f\x9f/OZ\x04\xd65\xda\x0ey\xbf>\xbd\xf8\xf9\
\xf8\xb0\xdf\xc2\xe7\xb3\xddC\xa7\xec\xb0c\x15\x80\x9e\xfc\
8SG\x8e0WW&\x8b\x18\xdbA\x80\x94\x15\xb0\
3\xa1\x0dw7\xeeO*\xa8zZ\xd17\x5cTz\
F[E{\x80\xd0\x8dh\x92\x99\x22d6T\xb6~\
!\x0e-\xfbN\xec\xee\xb6\x06\x81\xc1\x15\xbc\x1dW\x9c\
\x0ee\x89\xb6?\x1ao\xa7+.75u\xa9\xabj\
\xaa,l\xac\x16\xd6\xf8q\xabOn\xe7\xe8PX\xd8\
\xd9\xb1\x01\x9f\xa0A\xf6\xee\xf1z5\xf8\xdc\x22\x95\xa1\
\xa1\xbc\x1f\xad\x9e\xefvG?U\x91\xe4\xf9\xa1\xd1\x1e\
%X{\xa7_\xe3\xd7dj\xe5\xd6\x0f\xc0\x09\x03$\
e\x0c\x11y\xbf\x99\x8et\xe7\x8f|\xc8\xf3G^\x0e\
'\x85\x1eQ\x9dF\xbf\x16Q\xc2\x0a\x12\x9a[\x10S\
=\x7f\x14Y\xbf\xc9\xf1\x0bc\xebK.\xaf\xcacy\
\x04#Y\x8d8F.\x05#\xcdTs\x86\xf4X\xaf\
5\x82\xbe^\xb7\xeb\xd6\xc5\xfe\x89\x8a\x9b\xf6\xec\xf9~\
\xb7\x05%p\x9d\x82u\xe0\xb2\xdf\x1b\x906?\xd6j\
tI:\x92\xfa\xb9\x90\xbf\x91H;\xa3\x0f\xb3\xe6\xc9\
n\xf8\xb0\x87\x08\x13,a\xe2\xa5l\x91b\x89\x00\x88\
m\xda\xb6i\x9a\x8b\xb9W\xad\x0fGZ\x85\x02\xff\xb0\
\xff^\xfb\x19\xc0+\x09\xbd\x5c\x11\xcd\x07\x8667\xab\
6\xc8:Od$z\xad%<8q\x8e\xde\xac\xee\
7\xba\xfc\x15\x0c\x14W\xb3{yin~\xfd\xf8)\
\x19\x0bGz\x17:j\xf0v\x8b\xac}\xd3w{\xd9\
6\xed\xb89w\x8c\x00%l\xb3\x95\x08I\xae\xd8\x15\
\xe1\x94]\xa3#QC\x12\x10\xd1\x0ds\x9e\xfeHu\
\x88d#\xa9\x0c\x91\xb5\xba\xa9O\xe3\xdf/\x1d\x1f\xf9\
}={\xd6#P\x22\xd4\x22\xb9m\x10P\x02B\xf2\
\x85\x18\xc9\xa4\x9d(Q\x97\x96C$3\xf6\xd5\xb7a\
3\xd7\xf2*K\xd6\xb6\x8d\xf5\xeb_=\xaf{\xb2l\
[G\xca\xd7\xab\x1f;\xe3\x03\xceGq\xab\x84\xc8\xc7\
\xbab\x9f\xde\xa9\xdb\xb3Rjb0!B\xc8\xd5A\
FV\xbe\xee\x95T\x87\x16\x09KH\x81\xa0G\x80D\
\x1f\xea\x09_\xf3G\xa6XZ\xb9\xeb\xab\x9d5\x14\x9f\
\xaf\xd72\xc2\x14\xd3\x88\x0a\x7f\x8e`+\x82/7\xdd\
\x84\xfc\xe8\xc8\xd2\xa2WJ_n\xbc!\xc4\xbd\xbcm\
s\xd4\x5c\xdc\xd9\xf0-{'(\x8e\x0fS\x1d\xbb\x1f\
W\x9fMK+2\xa6\x96\xd7x\xe6Y\xc0\xb2\xb1\xf7\
\xf8\xd2L\xbb\xe5\xdb\xdc\xafQ\xa5\xc4\xc8?\x06HH\
Gt]\xd8\x12\xf9\x1ct\x84|\xc4`\x22[\xb7q\
|0\xf6\x10\xc6\xd9\x93\x1ey\x1d[\xcb\xf8Q\xe8\x11\
J\x0e\x90\x943uS\x94]\x84\x10\x89\xf0\x08I{\
\x0a\x8e\x94\x15\x88\x99\xb2\xa3t\xe4\xf2\xdbr\xb2\xd0a\
\x03\xed\xb2\x10\x87\x8a\x5cLt1\x0c\xc4\x84Z;R\
\x9a\xb3\xa7\xfdw\x11\xe0$`\xb2\xb5\x93\x86\xeb\x94\xc2\
\xb7\x93jb~\xaeEO\x95\xae=j\xd7>\x10\xdd\
(\x83\x5cK\xb1{9=M\xe1\xf2\x0dXl}\xe5\
;xD\x93,\xe6\xf5\xacv\x88\x80\xab(\xf4\xe4\xda\
\xc1\x18\x90\x81\x9aDZZ\xa5\x12s\x11\xde.\xed\xdc\
\x89\x92E\xe8\x103\x13+kZ\xa9Y\xa0\x17\xce\xd1\
w\xa58!1\xa5\xb4\xfb\xb1Bb\xc2\xd2\x02\xad\xe7\
\xe3h\x88B\xc1{\xdeV\xf3Z\xab\xda\x81\x11\xb0\xf6\
\xdc\xd4\xf4\x9c]MS\xc5nB\x09\xd4\x084\x89+\
\x91~\xc7V\xaa\x1fIa\xf6\xbe\x9e\x0f\xaf\xd6\x83\x0e\
\x18\xf9\xa7\x11=\xa9\x03\x1d[\xfdr\x80U*e7\
\xb7\x96\x9c:\xb9(t\xfc*g\x87\x22\xd1\xadtj\
\x8d\x14\x22\x97\xdf\xdaj&\x18\x99\xae\xa7\x80\x87A#\
\xcb\xc4R+*urz|l}ugT}W\
\x9a\x17\xbeRt\xd1\xdf\x8ed\xf9,\xc5\x101o\xb0\
I\x0e\x1eN\x1a4\x88\x07\x15\xc0Q\x12\x05 \x82z\
\x81\x8f6\x1b9\xb3\xffVk \x11\x88\xc4gU\x09\
\xd9#\xe6x\x15\xbf\xcf\x90Y\xe6n\x11%\x87\x9f\x7f\
hf\xb9|\x04\xdc\xcaU\xc8\xa4=j\x96\x0f\xaa\x88\
\xb6x\xf1\x04\xc8\xc1->@:\x82\xe7\xa8 C\x1e\
\x18\xf1\x0f\xf8^[\x9dU\xad8\xbfJ\x85V)\xd4\
\xce\x06\xf2r\x90\x90\x94Q\xc4\xec\xd7\xa2\xadE\x90\xe8\
\xa9\xb0\xb5\x18ELt\x841D\xf6i|\xad\x18\xe2\
\x17\xf8~\xdf\x06\x1fI\xa6\x16\x0d-T!rZh\
G\x8bt\x1c[\x98\x12\xe9\x5c$7\x0db\x22Jo\
\x90\xdd]\xbf\xedL1\xb2\x04F\xa2/J\x08\xcb\xd9\
E,\x85\x11@\x11\x9c\xdcn\x80\x13,\x12K\x8c\x04\
L\x1e$\x0e\xdf\xcaRR/\x17-\x96 #u\xb3\
\xf78\xb8C\x84wsF\xf8\xb0\x98\xc9I\xb0\xeb\x09\
\xdf\x10\xda\xa4m\xe6\x1a\x5c\xf7p=~\xafs\x109\
x\x02\xd4\x08\xc4\x9e\x0c.Xc\x88\xb7\xd3\xf1\x0b\x1d\
Rk{1\xf5\xf3\xb6\xcf\x1bh\x10}\xd9rB\x86\
\xa2\xa9\xb8\xed\x8f\x8bFD\xb4\xa9\xba\xbe\xc6\x93$\xa9\
\x9a]\xf7\xa5v\xd9\x12\xbf\xdce3,\xbd\xbf\xc9\xf9\
\xdbgn\xfd\xdaB(\xba\xa3\x88\xc4lD\x92\xf6\xe4\
\xd7\x8a\x0e[\x1c\xf6\x96\xf9\x88\xc5G\xd0\xef\xf7\xf5{\
\x99&\xe7o\x8a\x8f\xa4\x9cFe\xec\xec?WFG\
rK\x14*\x11;\x9dBr\xe9H\x99\xcf\x08\xca\xde\
\xce5\xe4\xb7F\x19\xbbl\x09!\x01\x93\xa2{\x9ai\
\x94e{$\xba\xe2y\xafk\xcfo\x9e\x86\x14\xdd`\
s]+\x90\xd47Z\xcd\x8a\xba%\x9f\xa8\xdb\x5ca\
\xfd\x0bi\xa0\xc0\xf6\x09\x870\xe8C`\x83\xda\x04\x96\
\x18@\xb0\xb9y\xd3:D\x00\xbc\x04,\xbb\xd0\xe0\xa2\
\xeb\xd7O4\xb6\x00X\x86\x12Sk\xfbz2\xad\xea\
\xaa=nF;\xd5 \xdb\x02\x1fft\xea\x8fn\xee\
VoD\x7f,5;\xa7\x1a\xa3\x97xF\x081B\
\xa8\xac\xe7J\x0d\x97(\xd8\xedQ$T#\x834\x87\
$\x05\x11\xf5\xc0\x5c3\x97\xd4\x1cE\xb6h D\xbf\
\x96\x9eH\xda\x11E\xa4\xad\xf5\x09y\xbf\xaf\x19\x1f\x01\
F`\xe3\xe5\x0eti<O_\xe3 p\x91\xce\xe8\
\x91\x989\xf2\xb5CHJ\xc2\xae\x9b\xbd\xb3\x84\x081\
\xb2R\x8c\xcc\xeb\xb5\x81\xa3l\x1c\x04\xc3\x80S\xac8\
c\x1c0\x11Y*g\x1d=(5v\x84\x94\xcaD\
\x9bYO\x8f\x8f\xda\xf1\xf8\x80\x922\xbe~X\xc2\xb1\
2\xbf'\x9c0\xaf\xb1X\xea\x01\x01|\x99\xe0i\x9a\
\x16v\x12\xbe\x1f\xc6\x14\x7f\x8eWj\x92\x1b<.\xff\
>\xf8\x90R\x12\xa64\x02!B*&\x82\xfco\xa6\
@]\x80\x13\x11\xc5\xf2\xed\xf3\x9f\xcd\xb1\xea\x0f\xcbN\
\x99\xa49\x88\x84H\x07%K\xdf\x85\x90\xcc\xea\xc5\xb8\
I\xa4\x1d\x10\xe9\x8f\x90\xe4Vt\xac!q=B\xf7\
/\xcb\xac\xe8\xfc%k\xef\xcf\xd7\xb2\x05jq\xf6\xc4\
G^-\xa7\x11\x18\xe9OjL\x81v`$7\x0e\
\xa2\xeb\xb7\x1c\x16J2\xf2\x85\x84\x1d\x92\x06\xb2S\x8f\
8\x1d9k\x17r\xef\xaaZXZI\x8fL:\x08\
\xb1S)U%\xf0R\xb3\xeb\xab\x06\x07\xdc\xb5\xe3\xab\
\xc6\xa3\x91J\xec/\x1a\xe1\xef\xf5X\x93\xb9\xd8(\xbe\
m\xb6}\xb9\xf0.\xf6iZC\xec \xcf \x89]\
#]\x1e\x11w\xef\x0c\xe4QO~_\xc1DH\xfb\
S\x060\xf4\x09\x9f\x87\x83\xecg\xa3n\xb9\x05\x9c\xbd\
\xb2\xe6\xc7\xb3z\xd94\xd3{\xfd\x89x\xa1\x0a\x90\xbd\
\x03d\xf7\xb3\x15z\xbe\x94\xa5\x1e5\xec!D\x09\xf5\
H2\xb8\xd6\x13\x9bW*i\x8d\xb976--\x95\
\xdf\xc5\x10\xcb!\xbb6\xaf'tH\xf8\xb5>\xba\x1a\
\x81\xb0w|\xee\xf9@5B>\xd2\x99\x87\xf8\x92\xe3\
\xa7S\x7f\xad\xde\x11=\xd0n\x04\x89lE\xb6\x96\xec\
\xd4$\x86\x13\xb6gD3l+Ct\x8c\x10%e\
\xca\xaf\x1e\xa4#\xdaY\x0b\x18Y/U\xbfO\x1c#\
0\x8c)y\xf8\x08\x85\xb3\xfe\xea\xf9l)K\xe3\xe4\
A\x17\x9c)\x13\x13(\x13\x98\x5cK\xa51\xa0\xefJ\
F\x1e@(P\x81W\xfa\xb3\x02\x1fr\xf6+hz\
$\xd0\xd3\x07\x5c\x1aV\x9b`\xf7\xfe\x93\xf4`\xa5\xeb\
\xf7\xe4\x1bH\xa90\xdb\xe8'$\xd6VL]\x10\xab\
Il'A\xc8\xa9\xf2(V\xa4Q\x83\xec\xafD\xa7\
\xb6c\xe1\x1f\xe8\x81\x92\xc7\xbc%\x94$M\xa2\xa7\xe5\
B\xff\x19\xcd\x05G#\xa6\x96\xa6=\xbe\xdf_--\
6\x10r-\xc2\xe6\xf1\xd9\xa9egD\xd9\x0b\x80P\
\x93\xa4\x5c\x14\xeb\x1d\xf4\xf7k\xd4\x8f\xe4\xbc_\xe2\xa3\
\x18>\x92\x14\x89\x89\xc1\x83\xf5#\x9c\xcc\x0e\xed\x89\xe2\
\x11&\xfe\x16~_\xb4\x0d\xd2\x03z\xa4\xcbF\x0e\x99\
(\xed\xd8l\xe05 b\xbb\x09\x88Hn\xad%W\
\xce\x9dA\xcb\x0fY\xfb3\xad\xb6;\x7f\xb0@r\xc0\
D\xd7\xbf1\x93\x07Y[\xcbZ\x16O\x8dd\xdf\x15\
!\x92]\xbe9zH\xae\x1dg\x11\x84\x10\x01\x17\xdd\
\xa3\x98\xd0h\x0c\xbe\x9d~`\x91\x14IL\xa4\x9d\xaa\
\x04\x8cD\xb0\xb9k\xa4\xe2\xd7\xc3!\x8aqy\x89\x97\
;O\x22aV\x9b\xa7\x97\xdc]j\x14\xb6\xb2o\xa4\
\xb0\x91)\xb4p\x82H\x86\xc9zn\x83H>\x7f\xfb\
5\x88\x08a\x10\xf1\x1f\xe3#rx\x097\xc6\x908\
D\xf4\x88\x89V\x9c?-\x92\xc6\xb3\x1bH\xb2_\xeb\
S\xea\x1d\xf4b\xd2\x99\x19J[\x8b(\xc9#C\xfb\
\x1b\x992\xce\xee81\x800\x11\xc5U\x09@\x92F\
*(D\xd2\x0cDF\x10\xaf\xaf\x9bz.~'\x09\
\xf9\x92\x8cP\xd8\xee\xb7\x9c\xcb\xce\x96\xd8\x5c\x06\xea\xbe\
YZ<\xcd\xec\x10\xa0d\xb7\xb1\xc5\xa4\xadzG\xb6\
\x84\x04%3\x92\x11r\x912[+1\x11FG(\
\x89U\xc4\xe7\xe0\xf1\x8a\xd0\x09\xe1A\xb6\xcf\x12\x12\xc5\
\x15#\xfa\x19$\xa8%Q\x8c\x18\xb8k\xd1\x95\xd7\xde\
\x06uc\x9b^UQ~\x87\x06\x11\xfc+@\xc6u\
\x01\x90\xfeq\xa1\xd1i\xbc\xc3\xd8\xd1\x89NnXo\
\x9c\x90\x00\x22\x00Iv\xfe\x1a\xd3D\xdf\x87\x14!q\
r\xcaiV)\x17\x05N-\xdb}\xc0\xc2\xfb\xa4G\
\xdeQ\x90\xf7\x1bz\xe4\xf5\xe7\xea\x96\x9c\xfd]@$\
\xd1\x11\xb0\xf6\xdc]+'\xfe\x9e\x84\xa9e\x10\xc1\x04\
\xab\xe4\xfa\x0d\x84\xb0!J\xa6\xec\x82\x919#\x884\
\xb6&\x84\xc8\xd8N!U\x1a\x19\x0a\x91\x0c\xa6\xa5\xe6\
e\xec5\xeaL\x93\x0b\x0d\xb2\xb6\xd7\xad\xae\xa3\xba\x9e\
O\x9a\xad7\x85\xb3\xb5\xa6\xa7LJ\x88\x15]\xd3T\
&\x84\x07E\xbf\x85_\x82\xa1\x95\x90\x94AF`\x94\
\x7f\x0f\x82\xa7\xe48m\xd4\x1f+\xb8\x16\x1d\xf2\xe6\x87\
\xa3\x1a:D\xce\x16\x06\xd9]\xa9\x06\xa9\xcd\xc4J*\
\x84\x1d\xb1\xd11^v\x9c\x10%\xe9\x90\x92\xa5\x13\x92\
E\xd5\x04!\x11!D\xa8F )\x19\xc5!\xe2\x06\
\xb7\x08\x07\xbe1\x1b\xe5c\xea\xf9\xa0\x8b\x8c\xaa$\xc1\
$\xd7\xea\xa2w\xd0\xdf*\xaf\x85\x91\x0f\x9c\xf5\x96\xeb\
G\xa0\xdf\xf2\xa07\xf2\x11\xb8~\x19g\x87\x80\x8f \
\xefWwV\x8f\x04!!H\x86\xf4k9\x1d\x19\xb4\
\xeaJ\xa9\xdb \xec\x22\xc4H\x97\x8bL\xfa\x1b5R\
TI\xa8\xc9\xde>:59`\xc48\x87N\x1el\
\x1a5\xed\x9a\xc7X\x9d\xc8\x92J\xe8`\xd0\x82n\xad\
\xce\xdc\x1e<>\x98[\xd9\x16\x03M\xc7\xc7\xb4\xb1\xf0\
\x11\xac<V[\x95~-\xaa\xb6\x1b\xe5A\xf7\xc7\xb5\
0\x92Z\x9e\xf8\x03\xf4\x9e\x22\xc4N\x96\xe8\xf2\xd8\xfa\
kbG\xad\xd43>\xab\x91<\x0e\x91\xf2\xa7FH\
\x8c\xb47l\xfc@BRVY\xd1\xda\xea\xb3\xb5\x9c\
\x98j\xdcLO\xd4#\xb9\x9b)\xf8\x88i\x11b$\
\x1b[\x9c\xcf\xfe\x07\xfb\xfdbu\xbfZ\xbe\x16\x1a\xc7\
\x13#*\xe0J\x10E\x88\xb2v\x12v\x10\x12}\xa5\
\xf2\x8a\xb1\x9b\x0e\xd1@;bF\xff\xff\xc9<\x9c^\
\x05\xca\xfeii\xee\xc6L\xd93c\x8fI\x88U4\
\xfb\xcd\x00\xa9k\xbf\xcc\xe7j\xb7\x0f\xee,\x0dKa\
\xe2\xa5S[\x83\xc9\xa3\xb6\xef\x9ab\xfdC\x7fDi\
U\x00\x07k\x97\x1c\x9dq\xf6\xa2\xfe6\xf2!\x0b\xa3\
\xca\x0f\x04\xd8\x83\xb6\x10^`.\x8e @\x10\x0c>\
\xc7I\xe0\x02\xf8\xd2.\xc4\xd9\xdb\xde\x15\xc9\xc90\xb4\
\xe4\xf5\xadJ\x0eR\xdb\x96\x04\xcc\x8dNs\x1a[\x1c\
\xae[DH\xcc\x91\xd6\x0e\xfb\xc6P\xbbtf\xbea\
\xea[\x8e\x22\x82\x9d\xea\xe2\xe0\x1c\x92O\xf0m\x05F\
\x22\xaf18\xbb\x9er\xe6/0\xf2\xea\xf5#\x9cc\
\xf5\xa9S\x83\xd8i\x8a\x9d*\xac\xf4\x99'C\x8bv\
\x16\xbdZv\xabp\x90\xa4\xa9#\x1c;r\xde\xd7\x11\
ed\x94\xfd[;Q\x8cL\x85\x8e|V|\xb8\x1e\
\x89\xa1\xd3\x05D\xd8\xc7\xb4\xcf\xd2\xe2\xc4L\xb3\xb9\xc4\
\x9cj\x9a\x9f\x9a\xcb\x0bE\xc2Nr\x8fG\xde\x1e>\
5\x14-\xea\x9c\xba0I\xfe+\xac\xfc\xd0\x11\xfc\xf2\
\xcd\xff\xa3\xed\xda\x9a\xdaF\x97\xe0\xbe\x9cs\x12\x16\xb0\
\xb1!\x04\xdb\xf2%\xb1d`\x0bH\xb2Ij\xf7\xf9\
T\xf1\xff\x7f\xd2j4]\xd3\xf3\xb5>g_\xf0X\
\x96lL\x85\x5c\xd4\x99\xe9\xb9\xf40\xde\x92+\x0e!\
&2L\x02oB{\x81\xd3i{\x84|{*0\
\xec.\xe4\xbb%\x22@\xe7\xd3N];tghv\
%\xd9\x97h\xac\xb5\xec\xd6\xbd#\x01i\xbf\xff\x1c \
\x11\xb5FIle>\xe2\x16\x8b\x11\x8d\xb4\xa7x\xeb\
\x22\x0cED{\xd4\x17\xb43\xfd+Z\xa6o.e\
\xea\x10\xc9\xfb\x105\xd8\xaaUG\xfc\xc9\x85\xbaI\x10\
\x1b\x8bBs\xbfVa\xd4D\x11OB\x11S\x86Z\
\x9f\xef\x1f\xdb\x15\xd2Z\xd0\x8b\xcf-Z\xb2\xc0\x8a\xc1\
V\x81\x0eY;m\x87u\x1d\xad\xbb\xb6\x9d\x7fy\xf2\
\xf9Z\xda@\xa9\xe3f\x84\x931#e\xd6\xcc\x16\x8c\
y*\x5c\xe0\x19\x86\xce,|\x81\x1f\xd0\xd1\xd0\x83\xe0\
 P\x92\xf6\x83\xe0\xc3\x9e\x08\xc7~\x1c\xfe|\x0a_\
\x13\x08y\xfa\xcb\x5c\xc8\xd6\xc8\x0a\x8d\xdb\x10\x15\x22\x8a\
\x90%\x96+\x14~\x84\xa4\x1d\x1bv\xc7\xabz\xa4\x84\
X\xdd\xb1\x80\x02\x80/F\x0ccw|0\x12\x07H\
\x05#t!\xcck\x9d\x9d\x87\x1f\x81x\xd0i\xfa~\
\xa9eJc\xac\xa5\xcb\xd9\x0dRg\x85\x90iX\xec\
@t7\xc2\xaex\xd2\x91<\xca\xae\xa1\x16)\xfbC\
\xbb^GZ\x0bN$L\xe3\xac\xe0\x22\xe1D\x1a\xd9\
9\xed\x0f\xd7e\xdbnVm\xdb}\x1fz\x16_\xe2\
\xff`L<&\xae\x8e3\x8c<\x818Q\xe7`&\
-\x8a\xa0 8\xb3^X\x82\x22/}\x97\xfc/\x7f\
8\x8d]c\xe1\xdf\xfc\x95u6\xb7\xddz\xbb\x89?\
4QR]\xcf\xee&N\x04'\xad\x22\xa2\xd2\xbe\xbf\
\x87\x10]$\xb6\xe8F\x18k\xa9'q\x03N\xb4\xf7\
7\x0b?\xe4)+\x90_\xa4~%\xd6\x92Y]\xce\
\xb3\x9f\x06#\xe7\xe0\xecu/\x92%\x1f8\xcd^\x96\
\x0f\x89\x11\xd5\x9eC\xf10\x86G`\x99\xb2S\xc4\x94\
\xa9\xdf}k\xa1\xd6\xa6s'\x22d\x84m()\xf1\
\x8b\x03\xe4\x94Q\x06q\x12\xe6\xce\xe4og\x1e\xbc\x07\
q\xb3\xe5|\x16#\xadH\xc2\xaa\xe1v'\x10\x18l\
Q\xbc1\xda|qM\xf0 e\xa9\xe4\xb8\xcc\xd4\x93\
\xd0X\xd3t\xed\xca\xaf\xb7m\xbb0\x17\x12\xcb\xa7\xa9\
\xd3\x88\xc5\x0a\xb2Uw%[us)\xb1\xb0\x9d\xa5\
\xd1\x8c\xb4\x878\x8aL\xebjf\x8b\xaa\xbf\xc8\xd2\xa4\
=\xd4\xd3\x9a'\x91\x99v\x88\x99\x82\x91\xd4\xfbQ\x8c\
\x8f\xa8\x1fy\xe3XKwOk\x0dQ\xa5\x83\xa0\xe0\
\x0d\x94H\xe2\xf7\x22\x0f\x8f s\xa1\xa5\x11V\xd9A\
Ht\x9b.\x07\xac>v\xdb\xc6\xd3Z\xac \xa2[\
+ \x22~d\xa5K\xa7#\xd4\xf2\xdbe\xed\x87\xbf\
\xd9nwm\xbb\xb7\x08\x8b\x00@I\x82 \x91\xbb1\
{\x12b\x80\xc1\x16\xc9\x07!\x11\xa0\xe1\xe7\xb8\xf2\xbd\
\x9d*\xad(~\x92~\x14\x5c\xa1\xa8\x8do\xf6\xa9\x95\
oK\x04Yk\x98\xf8\x11{*c\x87-\x84\xb6\xd7\
H\xbbW\xda??\x8e:\xb6\xea\x13\xed\x1al\xd1\xb8\
\x1a\xb1\x18\xd8\xa5.\xb6=U\xcd\x14n$\x13\xf6\xd0\
\xc4\x86\x1fA\xe7\xef\x1b\xef\xe8\x11\x8c$\xa3\x18\x1e\x01\
\x02G\x02:\x02+eL\xb9\x94=\xfc\xc8t\x16\xfd\
ZP{\xd0\xd4/\x85\xb5\x18k=^\x1d\xb6\x0d\xd2\
ZK\xf1#\xba\x09\x91\x1d($$\x81\x10\x98\x8a\xd0\
\x0d(Y\xf6(\x19\xba\xb9x;\x0e/P\x8b\xb3#\
\xb3\x91\xa8!jt\x95^'L\x10@\x8c\xad@C\
\xf8\x1d\xf442\xb5E\x17bOe$\xf1{e\x17\
\xf2O+\xf2lu\xad\xaeD[uJ\xa2\xe9_\x06\
\x5cn\x13;y\xebo7\x07F \xfa\xab\xabC\xb5\
@R\xf45\xce\xb9b\x01[\xa8a\xd5\x95o\x90F\
\xa1(\xb6\xac A\xdf\xef\x191\xf2\xf6\x10y\x15\xce\
\xaet\xa42>\xa2R\xbfY9H7X]\xc9\x94\
\xae\xd9<,#\x84\x9c=\xa5~\xdf/\xb7\xcdz\xbb\
|\x8fP\xab@\x88\xecx\x83U\x16!\xe6\x8d\xa1\xd9\
\xf0n\xb3]u\xed\xf5W\xefA\xe4\xecT\x90y\x5c\
\x80\x0e|\x93\xbf\x86\x11\x03\xe2\x14\xa8\xd9\xc8\x94\xb0\xbc\
'v\xf0\xccL$\x8fY\xd1H\xcd\x15\x94?\xdb\xd6\
\xe6\xdc\xf9g\x13\x940\xda* B\x13\x90\x04og\
b\xab1Brx\x07\x8cHbK\xda\x1a\xb5;\x9e\
\xa9-t5\xfa\xb4\xeeTx\xfb\xf9h+\x22\x05\xb6\
HI\x90\xd5\x92\xfa\x08\xfc\xc8)r\xbf\xdcc%|\
]@\x82A]\x9dB\xa4\xd6/\xe9\x08\xdd\x08L\xfa\
P\xb8MW%Q\xd0\xadei-\x13\x03\xb5\xb4\x16\
\x9c\x087\x85J\xd3/ \xc2\xe2\x88 \x84 \x01\x8b\
-lk\xc4d\xf9\x0d7#\x8b{\xfe\xbf5\x0b\x87\
\xf1\x02\x07\xefoz\x07\xbc'\xff \x02\xf0>\xa7\xbe\
\x8a\xaf\x13V\x84]\xa9\x8f\x12{\x17\x92j~\x88\xb3\
<?\xb4\xed\xce\x10\x22F:R'\xed~R\x80\xc0\
\x96\x02\x93\xc3\x9dada\xa4]\x09\x89\xdb\xd1`\x0b\
vDdK\xe9\x08\xd7\xeb\xc24\xfd\xab=\x8d\xe7\xc2\
GN\xc3\xd9\xcf]_\xab\xdc\x868\xe6#\xa5d<\
)\xfb%\xdd\x08C\xad+\xf5\x22\xe5\x80U\x91\xf8\x15\
:\xd2\x9b\xa5\xb5\x0c#\x96\xd6\x22e\xd7\x9cVI\xd9\
W\xc9\x8fHV\x0bI\xad\xf1\x02\x92\xc6\xe9\xfb\xe1\x1b\
:K\x98{-,\x8d\x1f\x12Gl\x88\xcfS\xb7\x04\
\x08\x8do\xf8*\xbb\x96Q0\xa6\x9c\xdd1\x8a\xd6\xdf\
\xf8\xf5\x01-k\x12X\x1aB\xb8Z\x81\xc6\x9d\xa1\x09\
&\xb0h\xfe\x0dJ'(\xc9\xc9\xad\x85%\xb6lY\
\xf6CO\xda\x0d\x22\x12m\x99\x09D$\xda\x12\x90\xb8\
+\x81\x09J\x82\xb5G\xb8\xf5\xbe\xa6\xb0\xe5~D1\
\xf2z\xaa\x19\xabs\xc7\x08[\x1a\x8f#\xe4\x8c\x83\xba\
\x95u\xa1(!\x8a\x84\xa9\xd4\xd8%\xd6\x0a\x84@\xef\
a\xbf\x7f\xb8om\xc0j\xd39>\x08\x12\xcc\x00U\
\x97Nk\xa8\x95b-Y\xad\x00\x15:\xd8~\xdb\x0d\
\xa9`\xe6\x89\xb8%G\xfa\xb5\xa4\xa7\x91\xa0*\xd8\x89\
T\x09\xc7\xec\xc3\xaf\xe5\x00#\xbd\x07\x81\x81Ka\xb9\
\xcb\xd8\x00\xf3w\xdb\xae\xf6[j\xd0e\x95-<J\
\xd2N\x8c$\xd6\x1eM[Rl\x87\xa1=\xbeA7\
\x8a\xf6\xc7\x17SVhl\xac\xb5\xc8\xc3*S\xed\xea\
I\xd0\xff[S\xa1\xc3\xaag\x0bt\x5c\x17\x85{\xac\
\xfa\x85\xeao>c\x15{uG;z\xa8_/\x9d\
(\x86\x90\x94\xd7\x92\xe9*\xd4G\xcc 7\x86\xac\xaf\
\xac\x1c\x99g\x81F\x9dA4\x8c|\x1a\xd2Zkv\
\xa2\xd8Q\x9f\xaf\xa2\x15\x8e\x84\x00\xc1\xa9\x10\xfb\xa5l\
\xbc\x9d\xb6\x86\x92o\xbe\x87\x877&\xa8\xbb.AL\
\x02\x8d~\xd6\x89+\x16F\xa4^\xc2\xab\xf4B\xaav\
\x10\xb00\xeai|)~\xa0}\xd6\x17\x0c\xef\xf6[\
]\xf5\x86\x8b,\x0e\x952\xa2t\xa3\xf4\x87\xa0\xc4\x1f\
@\xc8\x90\xd8\xea\xdd\xae\x8d\x90\x90\x8f|\xac\x8f\xb4S\
\xf7a\xce\xa1\xf6\xb9 \x04\x9c\xa4\x1c\xb6\x92=\xedG\
\xab\x88\x0e\x91\xac\xd3HM\xec\x13r\xf62\xf9\xab\x8e\
D\xd9\x88[\xce\xfbR|\x8e\x0b\x154\xef+\xc5\x91\
\x08\xb5X\x1d\xf9\x8c\x8e\xc6\x01#+\xf7#\xbdM\x85\
\xb3\x13$9\xafE\x88 \xb0H0Q\x84P\xa8q\
\x0b_\xb2\xfcj(\x89\xa9\xa8\xb4\x00QV\xb1\x01\x1d\
\xb8\xa9\xe9I\xf8,Q!^E\x94\x19G !\x0c\
\xe8\xb9`\xfc^{\xfd\xf4\xbd\x03B`\x80I\x0a\xb7\
\x94\x91Tp\x126*\x90d>b\x18\xb1,Jw\
\xfdK?r\xf3\x8bI+\xe7\xed\xce\xda\xa3E\x9e\x9d\
\x8dln\xc4\x12\xea\xecH\xa4@\x02\xa8\x0c:\x8d\xc0\
\xc8iv+p\xf740\xa2U\xf6\x5cg\x8f\xa4V\
\xd9\x19\x1f\xb2A\x8c\xb5\xa6\xd4\x8b\x9f)c\xc7N\xf6\
B\x0c\x9b\xaby\xe0F\x0c#\x93\x9d\xa7~\x97\x10D\
a\xb0U\xab J'J\x130a\xac%k\xa7q\
3\x85\xad\xb7\x9f\xb7\xbb\xf6\xf6\x05\xb7?\xf4\xdf4\xe2\
\x82\xa3\xc1%\xfb\x90b\xbeP\xee\xfe`\x18,\xa6\xe8\
\xf7\x11\x18\xa4\xe9\xb2g\xc1\xb9zn\xe6\xfa\xb63\xa6\
\xbe\x95=V\xc1K\x08\x11\xdd\xad\xcbPK\xd2\xbfE\
\xfb\xaf\x82\xa4[\x1bF\x0e\xbfgASm\x8f\xffw\
\xd6\xce!\x12\xba\x11\xd2v\x87\xc8\x85\x08\x9a\xc2F\x08\
\x89}\x88\xceG\x8c`\xff\xf6\xe6\x82\xbfy?\xbb\xe6\
~UZK\xfc\x08dL\xcf\x8b\xe2\x88\x91u\xba\x91\
\x9al\x90\xace'D\x90\xf9\x85n\xd0\xe3a\xb9i\
\xbc\xa3qD\xdaIG2BV\x1ai\xd9)L\x00\
\xc2`\x8b\xdb\xd9m\x9e\xbd\xf3\xaabf\xca((*\
P\xfcdF\xaa/\xa6_\x92\xb4Uy\x8d\xacY\xfc\
\xb2\xb5=$Y\xca\xf1\xe5\x16\x08\xd1\x05\xd4f\xb2\xcb\
J\xab\x88M\xadi\xcb\x0f7\x19$\x99\xda\xe9\xd0\x0c\
\xd9x\x1f\xb3\x92\x0d\x0b@\x080BI\xd3\x1b\xc4Z\
\xf4#ST\xdb\x87{\x04\x10\x11\x8c\x00%,#\xd6\
\x15\xb6*\xf3\xecoKG^\x81\x11\xe4\xb5\x88\x11\x9d\
A\xcc\xf5\xc3\xdf\xcbN\x94\x8b \xec\xa0#\xd3\xcb)\
\xe8\x88\xe7\xc0}hD\xb5\xb0]\x0c\xbb\x18A\xfc`\
\x00!\x1d\xf1A]\xa6~\xcd\xe8G\xa4\x9fqQK\
\xfd\xd2\x87DN\x8b\x18\xd1\xc5\xec\xd40\xdd7]\xfb\
\x17\xee\xd8'v\xdc\xea\xde\x11\xba\x10\x0d\xa9\xc8\xc3\x11\
J\xc9u\x94\xc6\xc2\xb3\x80\x8f\xce\x8f\x98A\xfc\x9b\xb5\
\xfd\x87\xb6\xdb\x18UO(Y\x97\x0fR\x12\xd6H\xd0\
\xc6F\x94\x80\xb7k\x85d\x0e\x98\xcc\x12m\xef\xee\xac\
\xab\x91\xda(\xc7\xf6\xeb\xda\x03 \x81e\x98\xccKJ\
\xe2\xfc\xd5gv/\x00\x92\xf3\xcbR\xae1\xb1v\xcc\
\x90\xe4\xbcV\x7f+NP\x1f9\xe5\x1c\xe2\x104\xe5\
m\x88nl\xd7\x02J\x8a\xb4\x16Z\x1a-\x86\x8c}\
D*\xf6\x00\x80\xa0\xe1W\x22-\xcd\xfc\x06Fl\x98\
\xbd]9Fz\x84\xf8\x01[\x90\xb1\xfbIG\xab\xb4\
\xc8\x0e\xc6N?B\x98\x88&\xb6\xd9\x80\x92\x9fA\xc6\
\xa3&A'\xa2\x8bui\x04\x8a\xf8\x08|\xa0_\x97\
\xef\x90\xd7AC\x5c9^\xda\x1e\x7f\xb4m\xb3\xa7|\
P2\xfc\xb9H\xd9G\xb1\x16\x11\xe2O\xfc\xf5\x81\xda\
\x15\x94\xdd\x0e\xf8\x11h\xa3X\xf2w\xa4\x1fD\x84\x98\
\x05F\x1c$\x08\xb0\xbd\x8c\xe8\x18\x99\xceB\xfc\x813\
\xbb\x13.\x0f\xf5\xc4\x16\x22\xfa\xfa\xe6\xd0<\xab\xcb\xdc\
\xef)\xe7\x10\x0d\x8c\x22\xf6K|h\xa0evN7\
\xc2\x0do\x90\xc2F\x89\x9dn\x84\x18\x01L\xdc\xdc'\
K?#\xd2Z\xf7\xedzm\xc1/\xe3,?\x11\x22\
\xa2\x19D|h\xa4\xa5\xdbB#lWx\xd8\xc3P\
\xf2G\xd7}\xe1P\xa1\xf4\x820(\x82\xda\x894\xff\
\x9a\x09U\x97\xcc\x16\xb1\x02\x16\xcf\xf7\x84\xc1pP4\
>\xff\x90\xfe\xfc\xe7\xae]\xec}\x09\x89hc\xafq\
\xac\xc9H\x02%t$E!q\xcc\xdb\xcbA\x92\x18\
\xdc=,\xb7\x9b\x18E\xec\x0d\x10\xf9T\xd3\xd8\xfa@\
7R\x9b\xda\x9dM\xbd\xd4>\xa5B\x0a \x22\x0d)\
\xca\xdauu(c\xad\xd7\x13\x94\xd9\x99\xfb\xe5\x1cb\
=\xfd\x8b)b\x02\x85\x1bC\x8bu\xa1\x98\x1e\x01#\
\x99\xc6\xb2\x89Jb\xeb\x1aPa\xd7oQBt\x8c\
\xa03^\xfa~\x15(\x0b\xa1$\x81\x13\xba\x12\xc9\xfd\
:@dC\x8f\x1dPl\xb4\x14\xd7>\xbb\x88\x00I\
\xdc\xbb\x89a\xb0\xe9]J\xe8\xb0\xf0,\xe9\xfd\xe8\xf3\
\xb8\xb2:I\x83VW\x08C~\xf94\x10\x11\xeaK\
\xfa\xabL\xdc\xb5BB\x93\x89\xc4qZK\xc0\xc11\
+\x14H6\xa9\xf3\xb7\xdcA\xf2+\xca~=\x078\
\xe6\xeeC\xdct\x09\x89\xe1CD\xe8\xc4\x8b\xd4\xf9\xc8\
\xc5i4\x1f^S^k2x\x07 \x04*\x8dl\
k|\xcfh\xcb(\x09V\x8f0\xfdKO\xc2\x8d\xd3\
\xc0\xc8@K\x94\x91\x5cg\xfd9`\x84\x10\x01F>\
\xa3\x84\x18\xf8\xa0\xe2\x03\x82\x00\xe9E\xa1^\x10\x1cI\
\x8d\x91\xd0\x80\x8fp \x0e\x10\xbc\xb6\x06\x95\xee'\xdb\
\xa60]\xa2A\x16k\x82` lg\xf4G.\xbf\
\xd3\xa1\xf0;\xb8~\xba\xcc\x19\xf3\xab\xb9jh\xc7\xf3\
 ?\xd7m\xf7\x5c\xba%~$g\x7f7\xc7P\x92\
\xdd\x88\x1fp\xc7\xda\xf8K\x9b,Q A\xe7/1\
R\x9b\xd6u\xb6\x09\x88\xd0\x8bP\xfa\xc1Cq\x8d\xb4\
.\xdc\xea\xf5\x913Q\xa1CO#\xb4\x83\xb0\x9f\xfd\
\x8d\xf7\x8f\x10#W\xd0|0\x13'\xa2\x92\xd8t#\
\x95\xce\xf8\x09M\xf5P\x90\xd5\xf2\x83\x0d[@\xc8h\
\x98\xfd\xe1\xb63\x99\x92u\x94G\xfaK\xcd\x8f\x8cI\
{\x18\xd2\x9c,\x8e0\xe0\xda\x00%\xcci\xa5\xf5i\
\xb0?\xda\xbb\xafV\x84\xa0\xbc\x1c;\x1a%\x8f\xcb\xc6\
,z\x08\xbc\x97\xcf\xede\xba\xe2\x13^\xb3,\x04\x18\
H\x1fg\x85\xbf\xb1\x1f\xfe\xbd\xed\x9a}\x80\x03\x0f\x5c\
\xe0\x1b\xe1F\xd8\xdf\x08J\xc6\x92Q\x9e#q\x88\x00\
&\xb5\xf2\x08\xed\xb0\xb1\xc4\x16\x84\xb1\xb3\xecCF\x08\
\x19{\xe8\x07\xb1\x1bE{Q\x94\x8c\x08H\xd0\x8a\x82\
\x1b\xcf\x00\x92<\x89\xeak\xd1\x8f\xbc\xbe\x9d\x1b!\x1f\
\x19\xee\xfa\xc2\x8d\xd8CQr&CVD\x09x;\
AB-l\xa9\x22V\xc6\x10\xc9\xd9M\xa2\x11~\xe4\
\xa6\xdb\xa0\xccNGb'GHV\xd6\x22B\x12D\
t\x0cQ@R_=\x9d\xef\xbc!\xe0\xba\x07&\xac\
C\xcaA\x22\xf3#\xfe`b\x8b\xefye\xd2\x97`\
\xc9\xd7\x14G\xf1b/\xe0F\xf8\x15\x13\x96\x5c\xb4\xcb\
=\xc2\xacP)\xd6\x05\xd4\x92\xd5j\xa4\xb3\x91~\x84\
\xbd\xbf,\x91h\xe6\x97\xa1\xd6dy\xf0\x91\xf6\xb9\xfa\
\x91<\x8ax3\xd2\x0f\xf2\x96\xadY\xcaj\x0d:t\
\xf6\xa8`\xe4\xd2c-\x84Zl\xd7:\x93==\xd4\
\x0e\xea-\xc5Z\xbf\x9dN\x13\xfb\x9c\xbb\x15\xfe\x8bP\
K\x87\xac\xc8\xdaa #\x0e\x12\xcf\xdcA\x9c1:\
Q\xc0\xdb\xaf\xc8\xda\xb3d\xfc5I\xbb\xb4\xa2<\xce\
\x0e\x9b\x98\xb0\x9a,\xed\x5c\xcb\xfe\xb2\xcc.tDg\
\xd9%\xad\xb5\x11B\x82(\x0b7\x1d\x98\xf0\xde\x02.\
\x1f\xe4\x80\xca\x09LHIn\xcaR)!FZ\xf1\
y|\xc8P\x0c(\xa0Q\x0e\x9b0\xb4\x1f\xfb\x880\
\x0bp\xe6\xa5@\x89\xa1_WPK\xacE\xbbK\xad\
\xbfRB\xcc=\x8d\xd3Ac\xab\x190r^\x14\x11\
uo(r\xbf\xd8\xbbO\x90\x10!\xb9\xf5\x97\xca\x0f\
n\xa9\x82\xc8\xb6\xdfb\xe5\x1b+\x88>ce B\
o<\xd2Zo\xdd\xf8\xfb\x7f\x9d\x1f1\x8c\x00%\x0e\
\x10\x12\x12C\xb3\xeb\xfd\x02#\xa1\xad\x15\xa1\x96g\x7f\
\x87)D\xda\xecX\xbf\x16k\x88LlA\xc7\xf4\xb0\
\xdb\xa0\x15%9\x12\xd8\xa2\xb0\x0c\x11\xd6\xd9\xc7\x00)\
K\x88\x9a\xd6\x22<\xec\xecG\x9f\xe1j?<\xa7$\
T@\x04\x00a\xb0\xa5AW\x96tP\xffa\xa6_\
\x07\x0c\x99\xe0\x8av\x93Dg^\xbav\xe5\x08I\xbf\
M?\x05\xab\x0a\xfc\x07J\x9a\xe6\xe84\x22\xe0!-\
[\xc7G\x11\x0fC\x81d\xf9\x0e\xb2\x0f\xfb\x91t|\
u-\xe2\xdc\x9eZh\x87\xc5\xf2\xd0K\x18\xd6+\x90\
\x8d\xd4\x8b\x88\x1e\xe5\xc0\x8f\x9ct\xff\xc8\xebh\xb7B\
\x9d\x8dD!\x11\x16I-\xe4\xb4.X\x1e\x01i7\
G\x9a\xe0\x91\xdd\xc85\xe9\x88\xd4\xd9sy\xa4[:\
F\x96\xd4g\x14U\x14Q|\x00\xf94\xd3>\x14?\
\x98\xd6\xf2\x87\xa4\xb5\x22\xacg$\xe3\x01\xd7_OO\
A\x9a3@\xa4T\x98#+\x7f\x1d\xd0Q\x91-j\
\xc5k\xa9Q\x9a\xf3\xd3\xf7??Y\xd1p\x9b,\x9c\
\x89,\x22!\x1dq\x93\xf4/\xd9\x08\xed\x18JT\xd3\
\x94\xb2\x0f\xf5`\xebC\x92k\x04o/\xda\xe3g\xd2\
\xd7\x08\xd6\xee&\xeb\xac(\x1f\x84\x02\xa2\xa0\x04\x18\xe1\
\xae7\xe8\xc6\x9fJ\xefwJ?b'\x99\x1f\x81\x1f\
q\x1fB%S\xf4\x9d]\x98A\xe7\x17\xe6M\x06\x18\
f\x1f\xb3\x91\xeb4\xcd\x8e\xcd#Rg7\x8c,\xd6\
\x0d&u#\xa9\x05\x8b\xe6\xf8;?\xc2DW\x8b8\
\x91@\x0b5\xb6\x1cie\xf6k\xc6\x9cQ\xd3v/\
\xac\xf9\x81\xb8\xfb\x097\xb7\xd6;XG\x97\xfb\xbe\x04\
\x05U\xe8\x08\x9a2\xd0\xca\xee\xe5\xe9\xe5\xd05\xf7%\
<\xdc\x81\xf8\x95\xeb\xacX\x1f!>\x22s\xb1J\xf9\
\xdf\x86\xa1\x16\x0b\xed\xf5m$Y\xf6a\xdb\xb4\xeeG\
\xa2\xd0.\xa4\x9d\x9d\xbfB\xda\xeb\xe2\xd8h\xd9Bn\
\xb4\xb6\x16\x11\xa4\xbdR\x1e\xe9\xeb#\xef\x98\xfb=\xc5\
\xfe\x91\xdc\x8b\x82\xf9\x11\x1a\x01Ro\xd7B\x95\xdd\x81\
_\xa8\x06\xb9\x0b\x99\x9a\xf2\x9cB\x84\x95\x91\xa2\x17\xe5\
V\xd2ZVf_l\x0c#\xac!\x1eS\xc3\x96\x02\
\xa2\xfa\x91z\xb4\xc5-\xcd\x1b\x1aP!\xb6\xef3\x5c\
\x8f\x0e\x0e\xf0hPi\xa5#v!4\xe2\x12\x9f\xf5\
\xa6\xc1\x98\xbf\xd7Uo\xcc\xa1%\x88\xfd\xdd\xee\xf65\
/B|h\xf2\x97(\x91\xee\xf8\x92\x94H3\x0a\xb2\
 %>\xec\xec|\xd00\x82B;G\xdaE<\xfe\
\xc6\x0e\x87\x88\x1d\xdeY\xa1*[9\xb5EO\xc2}\
V\x8a\x11\x22\x84\xfaA\x9c\xd5\x9dx\x0d\xf1\xad\x09\xc9\
\xab\xcc\xea\xc2\x8fh+\x8a\x16\xda\x89\x11]`\xc5\xe2\
\x88\xe7\xbe}\xbajZMj1\xf3[J\xc6\x7f\x02\
H\x1e\x1e\xda\x95\xf9\x91\xc5a)\xeby*\x82\x0fP\
1\xcd\xcdZ8T]\x8b\x08\x91\x12\x09\xef5\xbb\x0a\
T\xf6Mw\xf7\xc2\x5c,\xeb\xdf\xa2G\xf7\xccr\xbb\
\x08b\xeb\xc2*nt\x8fO\xa9\xc8\x08\x10\xe2sl\
\xd2\xdd\xb5\x9b\xbd\x00$\xae\xd2\x8f\x22\xf5\x117\xe9\xff\
U\xe1_\xd1~(l\xa9z\xa6\x1bb\x84~$<\
\xc9m\xd1\xb1\x05\xabI\xd1\xb9\x99\x0e[\xe4\xb6\xc65\
\x12\xebDa%\x91\xba\xd8a\xe0#'\xaa!\x9aq\
V\x97\x9c]a\x92\xdd\x88GZ0\x19\x1e\x99\xb8%\
\x91_\xe8j\x09B\x9c\xc3q\x08\x11K\xa7Ye\xc7\
^\x85\xb5\xb7\xfd\x0a_G\x0dQ\x14\x1aE\xe7\x97\x00\
!!\x11\xca\x1e\xf7\x13\x9bQ\x94\x8d\xd0\xf6]\xfb#\
\xd1\xf4\x00\x88\x84Q\xcfv\x95\xe1C\x86WZ\x1f$\
\x9c2'a\xf7/|\x90A\xefG\xdb\x01!b\x11\
#f\x0b/\x99\x01\x22U\xc4Tn\xa7\x08\xach6\
\xea\xb4\xee\xc40\x82B\xfb\xb8a\x0bV\x11kt7\
\x02#D\x90\x00\xc6\xaev\xd9\xb0K\xda\xaej\x8dt\
#\xecE9\xc9<;\x8b\x88\xdccu\x91);M\
W\x8f\x00$\x14\x9f\x13\xf59,dW*\xc2\xa6F\
\x95\x0d\xca\x9d\xf1\xda\xae\xb5\xa4\xe2C\xf6#i\xb1B\
\x91\xf5\xf5\x13\x93Z\xab\xa3\xc3#\xc4\x09k\x888\xd5\
l\xbfjo\xed\xd6e\x02\x17\xb5\x12\xdc\xd3yU\x15\
!\xc1@\x8b.$\xfc\x87TR\xca\xc1*\xff\x14\x10\
y\xbei\x9b\x0aD\xd4\x91\x90\x91\xb0]\xcb\xac\x115\
\xba\x18m/\x8a\x88u\x0dy\xd5k\xb4)\xabM\xa5\
\xd0~\x9c\x91\x80\x92\xd47Z\xc1\x91D\xb0\xc5\x8e-\
\xc1\x88l|\xcb}\xbfg\x96;\x9a\x04FP!y\
\xcb^\x94\xf0#\xd1\xf7+l\xa4?\xec\x11\x8bG\x1c\
!\xd0\xf56\x94 \xad\x956\xbc\xf9\xf0\xc8,\xb7\xa0\
\xd0\x8d\x10!\x14|\x10m-L\xb3\xbb\x1f\xc1\xbeP\
q\x22\x94|\x08\x94\x00&\xb9\xca\xae^\x84\x93#`\
\xec\x05J\x80\x14\x85J$\xb8\xba\xef\x89R\x833\xc0\
r\x81#\xabg\x09_W\x8e\x8f\x97$\xee\xb2q\xd4\
]\xd3\x9fCM\xa4j9\xf3+n\xc4\xaf\x9a\xd8B\
\xad]%\x1b\xc1I\x16\x05s\xa7\xb1\x8c\xd8m\x86\x02\
\xc9G\x16H\x80\x92[\xe6\xb5\xb2Z#7\xec\x1e\x8f\
\xb6,6\x07B\xa4\xd8\xee\xf7X\x01\x12\xcd\xff\xbe\x03\
\x1f\xb1\xbc\xd6\x09\xf8\x08\xfc\xc8+c-\xd9<\x02\xab\
M\xeaV\x05\x1am\xc2*/\x1d\x99B\x01Y\x93Z\
\xe2F*\x9d\xf1\xde\xae\x15\xe3#p#\x04\x89\x16\x10\
!>\xc7\xf2H#\xb1\x16\x19\xbbB\x04\x962DG\
\xec\xbei?\x15\x14\x83:B\xc9T\xc6\xd4\x1eZj\
T&\x92\xd3b\x10\xf1\x02\xe57\xe7\xf4\xb9\xbd\xbb\xdf\
\x1e78AF\x8c\x9c#\xf9\x95\x88P\xd1\xb2\x15y\
\xf3\xecG\xec\xa9\xd2(S\x14\x11?\xb0\xf1\x97\xb1\x96\
\xe8>\xc0T\xf8\xd7\xc3\x09\xa4\xb6\xa0Q(2[\x12\
k\x15\xb3\x88\xe2FB\xa7\x11\x189e}d\x00\xac\
\xf2\x91:D\xe8G.D\xef\x01~\xe4\x0a\x8e\x84\xe8\
\x90\x11+\xb8\x11;y\x16\xe4v\x84\x91\xc7O\xed\xa6\
\x01Fd\xf3\x08d\xcduRW:~\x09\x11\x8e\x90\
\xe4\xdc\xaf]\xa4\xcc\x9e){\x5c\xc4\x95|\xc9\x9cb\
\xb4\x1b\x11\x07\x07H4#L\x94d\x01\xa2x%N\
\xc4\xae_\xdb\xb6\xeaD\xa4\x8eH\x84\x00\xfb\x82\x92\x86\
\x9cDF\xadPx%g'L*\x0b\xdb\x0f\xab\x01\
#3\xf8\x91z7\x8a\x08?xn\x8b\xfd(a\xbe\
_\xd7n\x17\xa0\x84\x85\xc4Tm\x17\x88\xc02g\xc7\
\x8c\xd5\xa9\xe7G\xa0\x8b\x92\xb7\x8f(e?\x0b\xe3\x80\
\x95\xa3\x84\xc3#f\xb9M\x0b](\x84\xc8\xf5\x98\xb2\
\xa3<\x92\xd2Z\xfb\x1e#\x1f\xdbm3\xa8k!\xa7\
\xa5lDS\xbf\xe4\xeb\x92\xf8euD\xe8\x888\x12\
\x80\x84@Q\xf3\xb2\xfbc\xdc\xf9\x09(0\x16\x0a\x99\
\x05\xa6\xbcC\xbc#W\xa1K\xa1\xe5\xd2\xbaI\xcb\xed\
\x8e;\x91\xc0\x07q\xa2\x15\x12\xb7P;\x0e[\x89\xee\
\x83?\xa8\xb4E?\xc2-\xbb\xd3\x98D\xdc\x1d\xc4\x8f\
(g\xd7\x9doH\x00\x8b6v\xd2\xa2\xb3\xe7\xe4R\
\xc4\xe8* I\xf2A0\xe8k\x9d#\xf7{\x82\xbd\
\xba\xac\x8f\x88.\x8ab\xa4\x9a\xf9\xa5#\x99\x14\x0a\x8d\
\xc8i\x15a\x16\x09\xfb\x9cS\x88\xd1\xace\xae\xba\xf0\
#\x1f\x06?\xe2\xad\xf14N\x928f\x22\xbd\xb5\x02\
Xj\xaed\xed\xcf\x0c\x11)\xb2\xf3\x10\x072v%\
\xed\xee\xc5x4\xa0\xa0\xff\xed\xd7\xd7\xf5\xe8\x88\x08\xca\
'nE|\xc6\xab\x93\xf5N\x98\x88\x00$\x97\x0f5\
\xb7\x05o\xa2\xa4\x9d\x94]\xd6\xf5\x04\x09)\xf7\x8eL\
\x900\x81\xe4\xf2a1L\xb4G\x11\xd1\x0c\xc9_\x0e\
\x91\xc0n\x84\x92\xa0\xda\x1e\x04\x15\x82 \x90F\x81\xc9\
\x22\x12\xd2\x91*D\xbc_\xab\xb7\x09j\x88'\xc8\xfd\
\xb27^b\xadJy\x84\x08\x01HD\x13\xc5\xd0q\
i^\x84\x10\xc9 \x91\x86\xdf<;\xa2[\xa7\xcd\x8f\
X\xdb\xefM\xf3\x11\x18Q\x83oI\xd9-\xfcCk\
c\xbc\xc0\xa3\x01F\x90\xd4\xd2\x0a\x09\xced\xed\x15\xdb\
\xb5?\x13\x22\x9e\xb0\xdb\xc7\xf3Z\xf6`\xc2J\xe7K\
\xb2\xaec]jH6\xb7\x7f\x97\x8co\xc56\x1b)\
#\xf2O%\xb9_?\x15\x1aB\xb2\x83\x9a\x04\x1d\x05\
CtZg\xeb\xac\x88\xb8\xa9N\xb43\xd6\xd2\xc5\x88\
\xf4%\xc7\x04\xe4\xaf\x92\xca\xd6\xc4\x9b\x9bd\xc5\x02I\
;e\xb1\xc9G0\xcfN\x99\xc6\xd7\xb7\xdf\xcf\xae\xfb\
G\xeatD3\xbf`\xed\xaa\x17\xcf\x02\x22MwW\
iCcZ=\xe2\x18\x99w\xd66\xb1\xeev\xcb\xab\
\x1e_\x8b\xf9|1_\xcc\x16\xfd\xe1\xff\x88\x19-\xc0\
\x09\xf0A}\xad\xe3\xf5\x11i\x8d\x07\xe1\xc5\xc1\xff\xa2\
\xeb\xb6j\xf7\x89\x8c\x87\x1eW}ih\x91\xfe\xa5\x93\
\xa17\xf1\x8f\xe3\xd7\xc2G\xc3\xafz\xdf\xae\xfe\x15\x22\
Y\x16\x850a,y\x8c\xb4\xab>\xb6#\x04\xe8\xb0\
W\x91\x10\x99\xf7\x8f;\x17\x80\x98-\x97\x8e\x91&c\
$\x12[\xc0\x08\xa3\xad0\x8f\xb4\x02$cIS \
D\xe5\x1a\x1d!Rk\x07L\x84\xb3\xbf\xed\x8e\x1e\xda\
\xb03\xd4\xf3Z\x15?\x82\x95\xba\xa2\x87\x8d\xb5)\x22\
?\xc7@+\xc4\xe2\x95\x8c\xcc\xc9\xd8E\x0f\xdbL\xa6\
\xd9\xef\x1f/\xdf}\xb2\x1b\xe0\xd0u\xed`\xffqk\
\xcd\xba\xc3\xe1\xb0[\x1an\xec\x9f5\xa0\xb24o\xd2\
\xd0\x8d\x14\xb9_q\x22\xa3\xb4\x16N\xc4GF\x89R\
\xf7\x9dw\xc6SOT|\x00\x0e^\x93\x87\xd1&F\
\xa2\xc6\xd7\xc2E\xb3\xd6A\xe2,5\xc6Y\xb8\xca\x10\
\x09\x07\xf7\xa9\xd6HN\x02\xceN\x80x\xe0z\xb7\xba\
\xb9\xee\xdf\xf5\x0e\xc3\xac-\xcc\xberX\x0c\x7f1\x15\
\xd5\x07\xa2\x04&\xd9_\xddh\x85!\x92\xd9lh\x8f\
\xcf-\xf2\x98E\x0a\xd2N\x84\xe4\xae\xadTCd}\
\xe4\x14\xfdZ\xaf\xa3X\xeb\x1d8\xbb\x88\xa2\x9c\xd9Q\
\x89\xb5\xdc2F`W\xd3\xa2\xc2\x1e\x18\x09\x1f\x02\x1b\
\xa7~\x1d#\x87\xee\xce\xfe\x91\x06T\xfc\xef\xfd\xe5l\
 \xf9\xd3\xe9\xee\x1d\xf1\xe2p\xd9\xf5X\x99\x19T\xe0\
R\xeeV\x0d\x1f\xc5\x10\x22m\x13\x8cd<d\xc5\xe7\
q\xeb\xba\xaf\xff\xf0\xf6ekm,\xcb\xd2\xfb\xc2\xb2\
1\x1b\x90\x98\x91\xd4\xad\x01\xa8\x16\xf6\x06\xb5\xc0\x18\x0f\
\xeb\xf2\x9c\xbd\xde\xff\x91\xfe\xca\xcaPFUv\xcb^\
\xdf\xf7['\xbb\xd5\x12\x83\x07\x84B\x99\x91CdA\
\xb3\x1dH\x9c\x22\x8a\xbb\xf3\x1f\xd0\xd6\x19\xa6^<Y\
\xdf]ew\xf8\xe0\x8fE\x1f\xa2\x97\xbej{5F\
C\xd6x\x1c\xc1\x11\xa1\xa1Oox7\x000\x92\xbd\
Op\x19\xc4/\xbd\x8b\x9f\x99\xcc\xc2'\x92\xf6B\x87\
\xee\xca\x89l9\xda\xee\xe4\x83\x80\x135R\x12*?\
\x10#G\xae\xd2\xce:;c\xad=h\x99\xc2\x8f\xec\
\xe2#\x94\xa0;(\x85\x83\x98\xd7r\xa1\x16k\xec\xa7\
\xbe\xe7\x97\xd3Urds\xba\xf9\x10b\xeeGBX\
\x8e\xef\xbf\x7f}\xd9\xb4\xfeMZF\xcb7/\xaf\xdf\
\x7f\xde^\xac\x14.\x11)\xf2;\xde\xfa\x94\xe9\xb8\xb2\
\x97\x809\x12\x87\x92\xael\x10c-V\x12w\xd9\xc3\
\x7f\xc2\xd7,\xbc\xf2\xa9-\x02\xc4\xd5\xd8\xc9\xd7\xf1E\
\xdc\x118\xdb\xad\xee\xdf\x7f\x17g\x19\x8eY\x1eq\x85\
v\xfa\xcc\xde~-\xb9\x8c\xc5}\xa40u<]%\
t\x84\xb0\xba|HO;\x87\x00(\xa2\xd4\xb6\x9b/\
?.#\x90\x06\xf7\x9f\x01\x11\xdf\xf9\xeb\x07v\x01\x90\
K\xcd\xfe\x12%j\xd8C\x927\xc8\xc3t\x8a\x04\x10\
\xd9\xad\xfa\x0b\xce\xbe?}-`\x84\xb1V/\x1d\x91\
\xdb\x0e\xce\xae\x08\x91\x9bI\x98&\x13\x1f\xead\x83\xc0\
\xd93\xd9 \xaf\x19o\x94=\xb5\xfd\xbe\x7f\xd1\xdfQ\
\xbb\xd9<?\xbf\xbc\xc43\xd9\xf3\xf3\xf3\xa6Uah\
\x8dN6/\xdf\xeeGA\xdf\xe0\x96\xf1\xdf\x98$\x9c\
H\xd8\x05p\x00%]\xfd9O\xd9\xbb\xf8\xd8\x8d\x92\
\xfb:<\xd0\x07p\xfa\x5c\x8c\xb4\xc3\x0b:\xf8Ox\
O\xc2\xf9\x92\x1bQ\x97\xfb\xbd1\xc8r\xe3\xbazq\
\xfa\xf1\x94\xa2\x93\x07U\xf2\x1f\x09\x1f\xcb\xe4\xaf\x9b\xab\
\x1f\xaf\x1b\xc3C\x1bm\x13\x9f\xfbh/r\xd9<o\
\xa2\xb5m\xfa\xea\xe6\xf2.*\xa38al\x07\x127\
\xd7.\xd6\xdb\x90\xc2]\xed\xddv\x14\x98\xab\xb4\x03'\
\x10\x8e\x87\x06\x1db\xad\xbd\xeeg/\xfb\xb5\x0eh\xe5\
:\xdd\x82\xb2[\xa0\xc5N\x94|\xef\x08]\x08 \x02\
\x90\xa0\xaaD\x88\xa8\x95|\xe4t\xd3~y}\xfd\xfa\
\xf5\xeb\xab\xd8\x97/_^\xe2\x81SL>\x8e\xbf6\
\xb8\x99v\xf3v\xbf\x0a\xe1]\x08+q(\xf8\xf5W\
\xdb\xea:\xef\xbb\xeaZ\xb3B]K/\xff\xc4\x9a\x09\
{w\xc5\xbbe~\xa3_\x1e[\x0e{h\x17v\xfd\
2!,T\xc4a\xf2\xd7\xc1\x16 N\x80X\xf7\x7f\
a@\xc9,9\x10\xf1\x1f\x97\x97\xe3\xa5\x84P\xe1\xf2\
\xf3\xf3Z\xa1\x11a\xf1\xf2\xf2\x05\xf6*\x17<\x94\xf3\
5\xd9\x97\xe7\xf5\xd7+65v\x13[\x996\xf6\x95\
\xfc\xae\x0d$\xf9\xc8.\x0c\xa5v\x85\x88\x13H\xc9\x06\
\xdbm\xc1Bg\x9b\x150r\xb8/>\xe2\xf7\xb3c\
\x96\xfd\xfd?\xc8m\x95\xeb\x10\xddJ\xdd\xd3\xe1\x0e\xb1\
_@\xa5\xd3\xb0\xc5qv\xf8\x91o\xc7//\x8a\x0d\
\xd8\x0bL|\x8a\x1cb\xe9#\xc1J\xabA\xd8\xcb\xc3\
q\x0a\x17\x96U=\x89\xfeD`\xa2q\x05k$]\
\xc1_g\x0b^\x7fKJ\xf2\xc2a\xb1V\x17\xf7~\
;\xcf\xf6\xe3\xf2\x0b\xfcs\x08\xb4\xd6M\xf3O\x9c\x08\
sq\x9e\x8c\xc0}\xb8\xf9\x11\x10u\xc9V\xa9\x03Q\
|\x9c\xfcxQx\xb6\x1bu\x19z\x85\xe7.\xec\x8b\
\xa0'\x9e\xaf\xed[R}\x00H\xc4\xfb+>8?\
re\x0e\xc4\xe5}]\xbb\x96\xadW`FK\xd8z\
\x84\x88_\x89\xe8\xa5L\xb1\xec\x0d\xfbG0\xcfn \
\xf9\xfb\xff\x13\x19e\xbf\x16c-WC\x8cg\x17\x22\
0\x8d\x11\x15\xe7J\xd9\xe9JrM\x1466\xba\xa6\
\xc6s6l\xa1\x8a\xe88\xfb\xd9\xcb\x97Ws\x18\xb9\
\x11\x22\xb4\x17\xb1M\xeaL\xdf\xbc\xdd\x0aIi\x96\xe3\
\xf1Tc.\x8b/\x88\x10\x8eW\xe1\xeah\x09gH\
\x1cL\x5c\xbf|\xabE\x11S\x9es\xbbrYiw\
Pae\xb1\xa38\xb4^?\x87\xff<\xfc\xd2\x7f\xf8\
\x01+\xf8@37\xd0\xee \xa2\x0cD\xe3\xab\xe6\xee\
e\x0dx \x90\xa5\xed\x02\x8a\x80d\xfdz\xfa\xc9\xfb\
\x11?\xd1\x8e)+s!\x1e%\x80H1?r\xd2\
\x09\xb4\x84\xf8\x1e\xbauo\x9aG\xe2\x8c\x15\xf8\x080\
\xb2\x87\x1ab7\xf7K\x8cx\xe5\xa0\xce8;\x13[\
t#\xe9g\xd6\xc5\x0a\xc8\xfe\xba\xd6_eo:\xa3\
\xd6ij$F\xa2\x1f\xc9|}\xfa\xdd\xe8\xef\x11\x18\
q\xa6\xbf\xe5M+\xaf\xba\xf6\xdb\xa5\xf8\x93e\xa50\
\xa92\xcd_\xa7\x1c\xe4m\xe1\x0fo\x1e$\x1ad\xd1\
=\xe0Fd\xf0#\xe2\xc5\xa3\xe6\x91_\x97\xc2!!\
\xb2\x13&@G\x8f$\x0ai\x16\x10\xc2\xbcV\x05\x07\
R\x8d%\xd7\x11n\xbf\x8a\xffX\xcb\x13\xa7|\xc3\x01\
D\xf1\xf1\x0c`\xe0\xa6\xbe\xa4\xfdr\xc6A\xc4\xbb\x1e\
\x89-\x8e\x8f\x18D\x0c!n\xbf\x82\x10\xf6\x9c\x89\xb8\
\xf9\x11\xcf\xd7Ka\x94\x83\x02#\x9c\x1f\xf9S\x00Q\
\xce\xce\xfd#\xec\x8d\xa7y\x0d:\xa5$n\x89U\xbc\
\x90\x92$/\x22\x17\xc4Y\x99\x13\xb1\x8e\xadx\xeb\xeb\
\x8d/0r\x111\x023J\xa2\x97m\xe8\xd5EI\
4\xf9|\xe2\x95\x9b\x87F`\x92\xbc\xc9r\x5c\xa3\x17\
C\xcd\xa2u\xd7\x1d\xefT\x84v'\xb7\xd8\xbe\xf5\x05\
D\x84\xca(\x1e\x0e\x0c\xbe<\x5c\xf8\xf9\x0cfo\x96\
\xd0\xc2\xddN'\xc2N-\xd7\xf3\x8b\xc3#d\x0b\x90\
&\x0cB\xf3i#\xc1i\xfb\x1cM\x999L\x1f\x0a\
\x1aHC^\x85\x88\xc0\xf4\x93\x9b\x97k\xfa\x11\xb7\xa5\
\x07f\x10\x91\xf3<\x9d\x5ceEGRjl\xed\x5c\
\x1c\x1a\xe1\x01\xbe\xee\xc4L\x1dF(\x8c\xf2\xf7\x9f\x00\
I\xd1\xaf5T\xce\x8eX\x8b\xe6\x83\xad\x84\x0f\xb9P\
\x17\x85\xb2(\x05#\x11\x80p\x86\xa4#?\xa7\xe6\x84\
L\xe3\x99(\xbb`d\xf8\x1a\xe9\xfa\x97\x8d\xa4\xb0,\
\x98\xb1F\xa6\xb6\x95\xe8@\x1d\x0b\x7f\xb5\xf6\x0b\x97\xb8\
+~\xdf\xe6\xa7\xbc\x1a\xa6\xc9\x9bDgR\xa0\xc4&\
,\x5c\xb8\xe5\x12E\x8b_\xdb\xfd2\xdc\x83\x94\x90\x8f\
\xd8\xbd\xb1\x15\xbb\xa7\xe8\x1c\x1f\x14\x22\x5c\xeb\xfb0\x7f\
\xe8/\x5c\xd2\x18\x08\xf2\x00:p\xd3K\xeeH\xc6\x93\
\xc4\xce\x12@\xce\xbfJ\xcb\x998\x10}\xbe6\xf1.\
\x1d@G|N%\x83\x95\xbal\xcc\xf0\xbc\xc7?\x14\
\xdf\xb4\x9e\x9f\x05#\x04\xc9\x0d\xea\xec\xa8\xb2_\xfa!\
+\xa8>\x9c\xb9\x0a\x22\xfa\x96rG\x92.}[C\
\xa1\x8cB?\xa2HQ\xdd\xf8\xc3\xb2\x17eo\xf3\xec\
\xffV\x8c\x18H\x8c\x91\xb0eK\x8dB\xa6\xc8n\xb9\
i\xf6\xe1)\xbaQ\xca\xf4\xaf\x9f\xb1\x22\x1d\xb9\xceB\
-\xb4\xfd\xfe\xfc\xfcW+\x0d\xb0\xeb\xf8+|}\xfb\
\xfe\xe3\xe7\x0f\xd8\xb7\xb7\xaf_\x9e7\xaa\xbf\x90~\xd1\
\x1ac\xe9o[\xb1\xb2\xc1\x1b\xa3\x84]\xed\x9dD\xdd\
\x93\xf1D\xaa&5\x99,\x03-> :\xf4\xc6\x98\
\xe6\x176\x93x\x8b\xbc\x82\x84=\xe3&\xfe\xf3d\x1f\
\xfc\x18\xb7uh\x1e\x1c&\xf0\xd8\xd9\x9c\xa7c\xed\xec\
E\xb1\x1f\xb7R\x80T\x02\x90k\x89\xb0\x1e7x?\
I\xd8\x10Ch\xb5\xc1VkiA\x138\xbc\xbd\xbd\
}\xfb\xf6\xed{\xb4\xf8\xc4\xbf\xbel6\xeb\x94qo\
_\xae\x04#\xdc\xad\xeb3\xbf$$\xb6_!\x9f\x1f\
\xf1\xaa\x0fy\xb7\x16\x18\x09\x92Z\xecE\xd9\x15l\xc5\
]o\x87\xe5\x8c\x15\x9c\xc8^\xf4\xb5|\xac\xd5m\xfc\
E\x19Q\x8c\x10\x91\xfd#\x0a\x92\x11\x08\x89\x1e\xf4\x1f\
\xaeFB\x88`\x9c\x9d\xa1\x16c\xad\xbf\xd61\x9d;\
\x0c\x83\xad\x05\x5ca\xe1\xe0\xec\xee\xc7\xdb6\xa1\xa5\x9c\
s\xfbv(XIW\xf9\xf2\xfa\xf96\x96N\x96\x97\
\x8a\x12\x94\xd6\xc8G\x88\x10_&\xf9gy\xe0y\xf3\
\xcadn\x1fM/w\x87\xf2\xeb\xf8\x90d\x04\xc3\xec\
K\xe6\xb4\xeeq\xeb1B\x98\xf8\xf0\xe3\xec\x8a\x13\x09\
\xb2\xa2\x1b\xad\xabi\x18\xbc\xbb~I%'\xe0C\xa0\
!\xa7F\xa8\xe2zS\xed\xe3\xf5\xfb\xddI\x08\xef\xde\
\x0d\xd4\xd2=-\x1c\xde\xffxi\x1f\xe9G\xd0\xafu\
}c~D\xf5LA\xd9\x89\x91h\xc0\x88\x5c\x08\x92\
\xd1)\x00R\x0e\x22\xb2\x15%\x9e\x87\x9e\x92\x18Ht\
\x1f\xe2\xbf\x05#\x7f\xefM_\x8b3V\xe5\x8e\x1e9\
\xfb\xe7\xd9\x8b^\x14@\x84\x8b\x109\x85X\x94\xd9\xe5\
\xc6\x0a\x89Qv?\x86h\xb1\x96\xfeBV\xcd*\xa6\
pO93\xaa\xc5\xf4\xa6\xd9v\xa4\xbc?\xbe\x95\xca\
W\xfa\xed\x0aP\x14$0\x81\x89\x0c\x0a\xbe5 \xf0\
\xd3I\x8d \xa4\xc7\x8d\xe4\xb9T'F\xb7\xd3\xeeE\
U\x883!\xcee\xa81\x07\xdc\xe3b\x1e\x9d\x8bY\
o\x1aH\x04\xfd\xceJ,\x13(\x8c\x22\x13B\x92\x0b\
\xb9\xben\xc2`\xf4\xbaV\xc7\xbb1C\x8c\xbaiS\
$\xf5\xfc\xf6p\x12\x14\x17\xa95k\xa9\x19\xe2\x8b\xc9\
\xf9xr1\x96l\xfa\xaaI\xbd*\xe1\xdd\xe9\x8d\xd5\
G(g\xda\xf5#\x84\xc8\x8e\x91v`$\x1a\x85Q\
\xdcv]\xb77\xd4\xab\xc7c?;\xb5\x83\x84g\xef\
\x03#\xac\x8f\xf4\x95\xdas\xf1\xa0x\xba~-/\x8b\
\xa2U\xc4\x91\x0dY\x99u\x9b\x1a}\xa5\xbd\xe8E\x99\
\xeaJ)\xb6i\xc3\xd0\x91zyY\x8d'h\xa0\x18\
\x84\xe3\x87\xb76eN7`(\x19J\xe4\x0b/W\
\x83\xd0\x8cgc!&l\xd3 e/\x12\xa8$#\
\xbf\xcfl\xdd2dg>\xd70\xe0\x8d\xdf\xb7\xdb6\
\x91\xb4\xcf\x7f\x8f\x10\xaa=\xd0\xfd\x11\x22h\xfdO.\
\xa4\xaa\x97a\x10>\x89\xfa|\xbb\xa1\x09V\xe4\x89J\
\xc1\xd5\xe6\xfb\x95\x04b!4\xf2\xfduU]^\xb2\
W\x9e\xe3$\x82\x93Y\x0c0\xeb\xe68[\xad+v\
\xcd~-?\xce\xdeS\x1f\x81\x1f\xe1D;\xe6\xd9M\
\xaa\x11\x96V\xeb\xfe\xb2\x13\xe5\x83\xdf\xcf\xfe\xa7\xe5~\
\xa9A7\xa4\x96)}\x89\xdf\xf6\x86p\x0b\xcb\xd99\
\x88\xe8[\x7fY\x1d\xe9\xaaa_t\xcb#\x97\xae7\
^1\xd2\x88\x04\xdd|B\xb9_\x82\x84`\x81\xc2\xef\
T[\x8d\x8e\x7f<\xa7\xcc\xef\xe6\x85\x18i\xb70i\
\x85\xc0O\x933\x01J\x90\x1e\xedf\x7f\xbdL\xcan\
\xfbO\xb3\xa6\xde\xef\xda\x1e1\x9d\xc5\x14\xaf\xbf\xf7N\
\x85\x82uoa\xfeO:\xe2q\x91\x93\xc6\xa4\xd6\x22\
\xd1\x90\xc9\xa4\x1a7\x83\xc1\xe8M$\xba\x92\x07i\x0d\
\x22x\xfbx|\xfe!!mD\x87\x94\x92\x04\x1a\xd3\
\xaeqKO3\x9e\xcb \xe2\x11\x85Q\xc8\xd9\xc5\xe8\
C\xa8\xd5h[H\xf02p|\x04\xf8\xe8\x8a>d\
\xb2\xd8%@\xf2\xe5\x0a\xd0\xc4\xa6\x1f\xd9;FXc\
\xef&~{&H\xd4\xcaQ\xddxC\x8d\xdd\xf7\xfd\
:\xca\xde\xb3\xa1\xe7\x96\x18\x99\xce\xb8y\x9a+C;\
\xabu\x15*U]MS\xd3\xd1\xe5\xf7V\x93\xfe\x05\
L6B\xe0\x1f\xbf\xae\xc4\x99\x00%\xf0!\xbc\xa7;\
!}';\xde\x91\xfa]\x93w\xac3q\xd2\xbe\x14\
0?\xafL\x84\xf7xl\x1f\xdd\x87\xbb\xc5\xef\x8c\x10\
&Nfz\xc1}\x95:\xdd'\x11!\x0f\x12J\xa5\
f\xabM\xbbEIr \x8f\xd1\x7f\xac\x82t\xbaM\
$9\xdc\xa3\x87-\x17\x184\xceVcy\xefZ\x0e\
\x9d\x1f\xe9$\x7f\xe9Ih\x1d]lj\xc7s\x9f\x95\
B\x84%\x92\xde9D\x80\xc4\xf4~\x11k\xed\xaf_\
\x8b\x18\xc9#\xad>\x94\xc0:\xb1\x96\xb9\x11\x0a5\x1a\
L\xf2\x22b\xef\x94U\x7f\xac\xf5~:\x07F\xban\
\x84\x8a\xbfTnN\x05\xf5I\xc2\xc9\xed\xab\xbc\xd6Z\
\x0f\x13)\xc2_E\x8aSi\xc4\xc5qV\x1aQR\
\xb8\x93\x1dV\x87g\xf3\x00\xebb\xa1\x02\xe9\x86\x85`\
\xaeE\xc5\xe9p\xc9<#\x85\xe3\xa7\xcd\xaf\xbb\x18\xbd\
\x8a\xa9\x9bAT\x84h-d\x10>\xafSR\xa3\x05\
D\xda\x14e\xad\xe5_|\xbb\x96\x0e\xf8%:\xe4\xbd\
M\xe5p\xb6\x04F\x16\xcb\xb3\xcf%D\xe8G|\x15\
1_A\xe2\xe7G\xac\x8a\x98Q\xf6c.XP\x88\
\x94 a\xaf\x16c\xadh{\xd8\x19\xaa\xd6\xf5#\x82\
\xcb\x1d\xdaA\xa5L\xe3\x91-\x0deW#A\xd2\xb7\
\x9c\xc7j#\x84H\x87\x8eP^\xebsC\x8c\xe0M\
,\x1e\x05DJC\x17\xe3U\xf2'a\xf5c\x93\xd2\
\x97DI+\x17\x09\xb9\x12J\xe2\xf7\xd6\x8a\x12\x9a\x87\
\xc8\xee\xd6_|>|\xcb\xbd\x08\x07\xd6=\xf7p\x95\
E\xcfY\xf0\xd95\xbf\xban&\xbb)\x09s\xbe<\
2S\xa6>\x96\xe7\x22\xd2\x90\xd5\xd7\xc7'\x01\x08N\
\x05\xc8\xa3\x04X?S)q\x22\xfd)\xdc\xe0Rb\
\xa4\x00\x09\xe6ve\xbbB]S\x18\xc5\xd7\xd9\xbdv\
\x10Gum\xc7\xdf\x99\xd9\xc8\xf1\x112\x12\x84Z\x8c\
\xb6v\xf1\x11\xd1\xc4.\xfa\xb5\xf6\xb2\x7f\xc4\xf4\xb5\x0e\
\x95\x8f\x90\xb6\x13#e\xb4e\x84D\x9ca\x1fi\xa7\
\x1b\x01\x1f\xa1\x17\xf12\x8d\x04\x89\x8f\xb5r?\xe2\xe3\
,\x0f\x10*\xdd\xa4\x06-yu\xbck~J4\xd1\
>#\x08\xc7%\xea(\xdc\x0f\x06\x12qI\xbd\x84\xa1\
\x09\x11\xe2\x09\xc9\xae\xb6\x94\xfbpK\xe6\xb1\x86\x0b\xa1\
w`\xd8E$0\xf8\xa27!\x90$n\xc3\xd7\x9e\
\x7fKI\x88\x12\xf2u\x22$>!\xf54\x0c.6\
\xf1oMo\x10\x0a\x121\xc9\xf0\xbe\xdc\x05\xe1\x1f\xd5\
\xacV\xffA\xbd \xbdtUL\xe9G\x9ajQ;\
\xf1 1\xd6G\x08\x10/\xf8K\xda\xce\xdc\xef\x08\xe1\
\x16\xb3Z\x18C\xb4HK\x0e\x1fj\x11$\xc5\xfe\x91\
}H\x99\xfe\x8b\x181>\x02\x908B\xc2\xb4\x96\x98\
[\x86\x98\x17\x11G\xe9\xe6\xd7\xe9\xfaP\xab+B\xc7\
\xfa\x081R\x09F\x96S\xea\xa0x>B\x88\x10'\
\x0c\xbb\x22\x14\x1eZ\xad\x97m\xf06*\xd7\x88\x92\x87\
\x10V5P\xd2o\x04\xca|gJ\xaby\x5c\x03\x10\
\xa6\xfbK\xaf\xe1\x84\x848\x9bK\xf8\xe0\xfbp/\xd1\
\x16y\xca\xe7\xf0\xcf\xdd\x88\xb3\xd98\x12uA\xc8\x95\
\x14\x8f\xe4\xa7&D$\xc4z\xbeS\x07\xa2\x00\x19\x17\
\xd6%$\xf0%\x14\x80XU\xc9\x8f\x5cb\xc6\xca\xe6\
\x10\x1dH\xaev\xd1\x9139;\xc3\xec\xdc>\xed\xa6\
\xd9\xe3E\xfd\x88g\xed\xb6[\x01\xb1\xd6\xd1\x9ez\xe3\
K>r\xf8\xcb\xbc\x16\xb6X\xb1\xa51\x8f\xb5`\x19\
ew3\xed0\xaf\x8cb(q\xf3#w\xe4\xecJ\
G\x80\x14\x1aXH\x09\x12\xa0\x040\x99KF\xe7\xc3\
\x9bV\xeb\xc5ZD\x5c\xf1\x13\xf7!L%d\xaf\x5c\
\x19qQJ@\xf0\xe8\x04]\x93\xb0\xb6\xee\x13\xae,\
\xb4x\xabHp\xf1\xc6\x84p\xf95\x8c\xb3\x139\xb7\
\xcd\xaf4\x83\xd0\x1a\xcf\x1bl\x91\xa8z5\xab\xc2`\
\xd2\x0a\x0d\x81\x19@^\xa4\x8b\xad\x11\x06\x92|\x07c\
,\xbd\xc8\xe9d~'\xce\x914\xd5\x5c0\x92o\x0d\
-\xc5L\x05\x1e\xe9F6B\x84\xf8\xbe\xdf3\x83\x08\
H\xbb\x0f\xb5\xd8\x8cb;z\xc8F\x9c\x1f\xf9{_\
\x92\xd8n~\xc4e\xb5\xb8\xe9M\xe1\xe1\xa6\xac\xe4\xe4\
 \x22l\x8b\x0f7d\x95\x15\xd9/wh\x07\x89\xd9\
<\xfb\xd2\xd6Xy\x1f\xe2W+\x88\xe5\x9buMP\
-r\xf2f0\xf8\xab\x95D\x97@\xc4|I\x8c\xc1\
n\x06aRM\x90\x08v\xf3\x889:X\x8a\xc0\x03\
`G\xba\x19A$\xdal];\x0e\xfa\x0a\xb7O\xb7\
g\xbf.C\xac5[#\xd7aBTv\x10\x92\x01\
8\x97g\x5c\x08U\x1f\xd7\x11!\xcb\x97\x1e\x84<~\
[\x85\xd0T\x92\xc2\x82~8\x17\x86\xc2v\xe932\
\xb1\xd5\xa8\x1f\xb9-f\xac8\x86HU\x14N!z\
\x94t=\x09\xe8\x081\x82\x1aI\xd6\x8e\xe2\xf9\x88\xc7\
H\xda\xab\x1b\x8d\xbb\xa7\xff\xb4\xe6\xc3(\xd2\x1eWC\
\xec\xce!2\xd2:*r\xbf\xc8j;2\xc2\x12\x22\
\xf0\x01\xbb\xe0\xbePz\x91.\x1fY*FV\xd3^\
-S1\xbf\x9e\x9d\xa2\xa6Tn\xacg\xb3\xc8M\x9a\
\xc4\x5c-.o\xd3+\xa6\x1d\x0d\xc2\xb8\x8a\x7fo]\
\xe6\x7f\x9dJ\xb6\x81\xc4\x00\x02a\x10\x8d\xb4\xe4\xa5H\
A\xd3\x5cR\xa8l\xfb%,\xa8\x15T )\x19@\
\x22\x1f\xbd\x84\xd9?\x88\xb6\x98\xf8\x95;!\x22u\xdd\
\x0c\x9a/\x82\xdcVN\xbc)H\x99\xf0.\x01d\x9e\
\x0b\x06A\xa2\x91FJ\xe2\x0b\x88H\x9b\x9c4u\xc2\
\xc8\x9d\xf1\x11\x17kqih\xde\xf9\xebeQ\xbcP\
#1\xe2Z\x7f57\xe4\x83-\xec\xd6E}$\xc9\
\xea\x02#{\xd0i\x04F\xb8[\x81F/\xe2\xd5~\
\x05$\x85v\xd0\xb1\xe6\xed0\xab\xab\x5c\xc4\xe5\xb4\x9c\
\xd6/\x10\xd2\x95\xd7\x8a\xb6\xc5\xc8\x22a\xc43\xf6\x82\
\x85H\x80\xe0\xc0\xe1\x96\xb4\x8b3\xa9\x9aA\xf8\x91\x8a\
\x8b\x02\x13XD\xc9\xeb\xc1\xa0\x89\xb4d9v\x83V\
e\x01\x91\xafH\xce\x8f\xdf5+\x03DkdD\xce\
nr\x97.\x83F\x02\xcf\xefQ\x90p\x02\xeb\xa1\xd9\
\x01\x10z\x137<R\x09U_\x0e\xc2\x9bLM\x09\
>\xe2\x01\x84\xac\xbf5\xa1Y\xce\x0d c\xb7yz\
\xb7\x1f\x81/\xe1\x02\x92:qv.Wp\x82\xbf}\
\xeaZN\x18\xa5\xec\x8fGS\x86\xdf\x8a\x88\xf4/E\
\x1f\xb8[\x97n\x84\xb3\xba'iV\x17 \xd9\x87v\
\x10{\x1a\x0b\x88\x94\xae\x84\x0d\x8dr\xf3\x84}\xe8\xd2\
Z#\xa7\xd2\x083\x89F+ \xd2\x8f\xb0\xce~'\
\xf3\xec\x09#\xf5\x0aD\xa4w\xb7\x82RN\x8f\x92\xaa\
\x80\x898\x94\xf9l\xf5.<HH$\xe1\x160\x22\
(y\x0baZO\x96\xcb\xba\xa7s\xab\xbb\xb0}\x0e\
\x1a0[\x8cC\x0bG\xa1\x10\x8973\xae\x06%!\
\xef\x88f\xf3{8\xef\xee\x96*<\xb9\x89\xdd\xfe}\
\x0a\xecU\x9e\x8dS\x98\x95\xb4(\xda\xf5z\x0b\x91\xe4\
2\x1f\xc4\x85\xc4H\x8c\xc6X\xcb\x9e4{*s\x88\
\xb0\x888RR\x08\x8c\xdc\xbbX\xab\x97\xb3s\x10\xd1\
\x8d\x22\xe6(\xd1\xfeW\xa5\xed$\xeeYw<\xfb\xb5\
\xd4\x94\x91\xf89\xc4Cj\x99\xee\xa9\xce~\xeat\xe3\
\x15\x1f\x1f\x00\x0f\xe7G\x0c\x22\x16k\xb1\xc8.\xd6C\
\xd7\xcf\x1dJ\xba~\xe4\xc6\xc5Zg\xab\x84\x11\xab\xb3\
\xd3\x5c\xd2\x97\xd1Vg[\x0fm6\x9b\x86p\xbb\x91\
\x8e\xa5\xd6@\x22\xe4\xfdn\x10\xaaHK\xc6\xb3\xee\xcc\
\xae\x17\xc8f\xb4U\x87\x178\x01\x81\x88C\x88\x9e\xae\
\xc7\xc4\xb5sE\xeb\x96\xd7\xb1H\xce\x82\xaf6\xd4;\
\xdc\x08\x81k\xfdZ\x89\xab\xd7M8oS\xf4\xa7&\
\xc1\x96R/u!\xf0\x22\x0e'\xce\x8f\xb8*\x89\xcf\
\xfe\x1e(F\x1e>\xbb\xbe_?\xac{\xd9\xe3GX\
!\xc9\xb7Y\xf9h\xcb\xcbkA\xf3A\x8e\x9e\xfe\xf8\
\x0f\x99N\xe3\x1e0\x02?\xf2\xf7\x96\xb3\x1f\xe7nD\
\xce\xb2\xa1\xf1#\x87\x10\x99\xf8\x15\x1b\x16\xf2Z\xc3S\
\xeb\x8c'@h^9\x88\x82\x0f\xaa\xf7ks\x88\x8d\
\xfa\x91e\x97\xb4\xbb\xaa\x88\xc5\x08UN\xd9\xbd\xcd\xe6\
\x930\x18=\x8b/\x01B\xe4\x8c\xa1R3h\xaa\xf1\
rB\x88t\x85\xb6x\xd1\x17d\xf8\x89*:\xf8:\
AR\x04Q\xac\x8c\xf0\xc6\xe0\xca\x1e\x95\xbaB-\xeb\
\xf1\xdf\xc2NF\x82\x83\x998\xe1\xea\x93\x10^\x0c!\
\xad \xa4}L\xad\x05\x13\xe9\x90\x07D<N\xf0\x94\
\xed\x02\xc8$\x8f\xb3\xa6\xc3\xa5\xc6Z\xf3\xa6\xbb\xec\x8d\
\xa4]Qb\x08a\xb1=\xb3\x88\x0f\xb7\x14\xb1\x0c\xb5\
\x88\x117\xaf\xebH;1\xf2\x7f\xb6\x9f\x1d\x00)C\
-bD\xcc\xc7Z\xec\xd6R\x8d$Qh\xd4)\xc4\
\x22\xd2:c\x91\xdd\x11\x12_gW\x8c\x5c\x01#~\
\x1d\xa2\xaf\xb0s\x03\x09c-\x04\x11\x8c\xbck\x10\x93\
0\xb8\x8a(\x81/\xd9\xbe\xcf~\x0d!\xfe\x1d\xd3j\
\x0e\xf38\xc9\x88\x09\xc8\xc8\xf2i\xfb\xb2\xce\xf8zA\
\xd6\xf5>\x1f:\xf4n\xa5\x9c*!\xd9_\xb7\xc0S\
\xe4&S\x17m9\xb5x\xaax\xcf\x22W\x9f5\x83\
\x07\xc1\x18\x9c\xc8\xa3\xbe\x03\x9c\x06A\x88\xca\x1fW\x94\
/\xa5u\xd2Z4\xb7\x9e}\x99\x90\xd2\xcc\xe6\xc0\x08\
s\xbf\xfd\xcb\x15\xe8E\xb0\x81\xc4wl\x91\xb2C\xf0\
w\xe46\x90P<\x88\x18\xa1\xde/c\xad\xc2\x8fD\
\xdb\x87\x06\x1d\xeb#\x1fhp#\xd4\xfbe\xfd\x90\xad\
(~\xfb\x88\xcc\x02\xe0\xa7\xf6\x8dZ\x94DQx\xc8\
\xf5\x8at\xc4\xd7\x10\xaf\x1b\xe9\x9d\x9b%\x8c\xf0W4\
\xd1\x8b/\x1e\x16\xd9_\xefH\xf0\xc2\x00J\xc2y\xec\
\xc5\x10\x84\xc8-]\x1e\xd7\x17\x83\xe6b<\x9d\xcc<\
B\xe8J\xf2\x9c\xebD;\x19\xc5\xe4\xaf\xa0\x9e\xa1\xa1\
\x82~\x83\xa2B\x04H\xfe}$&b\x0a\x0d$\xb7\
d\x160\xd4\xf7\xf3\x9d\xc1\x16\xb7 \xd6\x93\xf1|2\
\x08\x9b\xa7\xb5\x99\x22\xe4&4\x95 \x84\xfb!;\xc6\
L\xc7\xaf\xbaQHH>\xceeih\xf3i\xa7&\
6!\x92\xe7~/\x13_\xf7|\x04\xab\xac\xc4\x9c\x92\
)9\xbb\x96\xe2\xd8\xaf\xe5\xfd\x88\xd3\xc4\xde\xe3~v\
??\xe2\xeb\xec\x07;\xfa~\x8f\x18m\xb1ak\xbb\
Sw\x04\x8f\x8a!D\xea\xfd\xba~-\x12\x12\xe4\xb5\
dG\x8f`d1[\xa1z\xe8\x82-\x9f\xfe%q\
\xe7jD\x04\x16\xe5\xf2\xd0E\xd5\x0c\xce7\x92\xf7Y\
\xdb;n\xe2\xee\x93z<\xedR\xf7\x85\xe5\x7f\x99h\
\x8d\x01\x0dl\xdd\x02\x1bl\x82w\xb3U0\xaf\xa7\xe5\
?\x0f\x03\x8eZ{\xdc\x89\xb6\xe0:\xf4\x82\x94V\xaa\
v4\xe1A0\xc6\xb5\xd8\xc2\xb5B\xa8\x16\x85T\xbc\
\xdc\xfa R\xb1\x1b\x05'\x10\x92u\xfd\xa2q\xae\x99\
\x9b\x1f!\x1d\xe9\x1d\xd6u\xbbG\x9c\x0f\x01\x1dI;\
u\x01\x91\x13\xbf\xc8\x0a\x1b\x11\x0f\xe9E\x00\x8fn}\
\xe4x\x0f\x9c\x9d\xa4\x1d\xf5\x11\xc3\x08\xfb\x1a\x01\x93\x88\
\x0f\x86[\x1f\x11le\x03$\xb64\x14?\xa6*b\
C\xf4\xc1+\xc7\xfb\xf1\x91nS#0rk~\xc4\
54Z>2\x8f\xb6X$\xa9\x00\x13Z.\x90]\
UsA\xc9\xe5:\xa1\x04 \x11\xda}=h\xea\xca\
\x9aS\x8c\xb2\xe3Q\x8e\x96\xf0\x90`\x81\xca\x08\xb6\xb5\
w\xb6!\x92{\xb0 R\xd4K\xbc\x80<\x1e\xc9]\
\xbb\xb6`l\xd9\xc0g\x10!~@\xb7\x1eK\xe7I\
\xb3\x89\xa0\x80\x09\xf1O\x0d7\xe3\xe8C\xba\xf8p\x05\
\x12\xfa\x90\xee\x8a7\xb8n\xa2d\xa9\x18\x99\x89\x1fa\
\xac\xc5*\xbb\x11v=\x11US\xea\x97\xdaAP\xc3\
6\x17B\x1f\x02\xb1_\xce!v\xb5\x83\xa8\xf8 =\
\x8d\xf2\x824\x8c\xfc\xf7\x0fC\xe4_\x9e\x8f\xf8\x22\xa2\
\xd1vX9\xd0\x1e\xd1\x8b^\x14\xbf\x9e=\xf5;\xa7\
\xc4V\xae\xf7\x0bs~\x84\xac\xbd\xd8?r\xd7D\xa2\
9\x9f\xaf\xb0TWO\xe7G\xe8H\x0a\x9cpQ{\
\x0d\x88\xd0\x8f\xc4\x0f\xa2/\x09\xe1^^I\xad\xbd\xaa\
d\x03\xfa\xbbq-}\x1cN\x04\xc2\xe2\x7f1\x19\xab\
Z\x19\x93\xd8\x10\x1e\xe4\x22y\xbe\x97\x90p\x19_R\
\x11\x12\x13~\xfc$\x94\x04\x0b\xae\xc3\xac\x00\x89\x11$\
\xcb\xf8V\x93\xaa\x12&\x02\xf1z!\x22\xf2\xc7\xbf\x07\
)\xd4\xd7\x99\xe1i\xe8\x09\xb5`(7\xf9\xbc/!\
\xa2\xb1\xd6B\x04\xed\x12F|Z\xeb&\x0f\xb5\xbc\x22\
v\xe1G\xe4\xa6/\x0e\x15\xfb\xe5Z]\xbf{\x9a\xe2\
A\xf1,\xf6*p~\x84~d\x0f\xb1V\x81\x91C\
\xc5\x08A\xc2\xf6x\xe3$z0\xff\xcb\xce\xdfdn\
VW\xcc\x17I\xd8\xf8K?\x92L\x83\xad[\xdb\xf5\
v\x1f2\x8c\xb8\x9eF_$\x91\x83'Q\x92;\x12\
\x9a\xa0d\x12\xc2'\xadE+R$x\xbf\x94\x8a\xe2\
D\x5c\xc9\xcc7\xca\xd3\x9bTa\x03P(\x19\xc1K\
\xd3i\xc0\x03\x1cN\x82\x91\xf7\x8f~\xbeD\x8c(Z\
\xb7\x96\x11\xfb\x14HB\xe40\x1eb\x10\xa9\x85\x89\x94\
{\xab\x9f^CX.\xe6\x82\x09\xa2\x83\xeb\xa6aH\
\x01\xe6\x08!D@E\xe4\xc2\x22\xbb\xfa\x91Y%\x18\
\xf9!\x181\xca~\xcb\xcc\xafB\x84S\x88\xd0\x0db\
G\xa3\x19\xd3\xbe\x0a\x12\xbf\x0a\xb1+\x1d\xe4\xe7\xab\xc4\
\xa47\xfeP0\x82\xf9\x91\xfd\xf54j\xac\x15\xad\xe0\
\xec\x84\x88\x1f\xb1Bs<\xf6\xb3\x1b\x1d9q\xd3#\
r\xa5\x1b!Bv\xfa\x11\xf0\x11\xd9\xcf>\xdbb\xc4\
\xcf j\x18P\x22\x84n\xa4\xd2\x83VwW\x88\xd6\
sA\xc9\xab\xa0\x04\xd1\x89\xd4%>\x0f\xc2\xac\x12\x90\
,b\x99\xd0\xd7I\xd0\x86\x12~\xe8\xa0\x87\xfeQ\xdb\
=Ppuf\xaex\xe7\x11\xc2\xfbx\xba\xcfK\xb4\
e1Z\xf3\x1f:\x11\xc0\x85\xff\x9bz<\x16'B\
\xd2\xafa\xd6(4\xc9\x87\xcc\x1c\x151\xbfJs\xcd\
(\x13p\x12\xc2\xc4y\x92\xd5J\xfcH\xd5|\xee\xee\
\xe8\x01\x17\xb9\xce\xdd\x88W2%\x1f!J\x92\x1f\x81\
\xa5\xb4\xaf\xe9\xa2\xd8\x84\x15\x83-3C\x89r\xf6c\
\xe84\xeec\xff\x08z\xe3\xcf\x1cg\xf7=[\x14i\
\x8cw\xe0#\x08\xb5\xbc\x226\xa6\x10\xa9\xf7\xdb\xaf\xae\
\xe5g\xac\x18k\x11#\xb2{zIBBS\x8c\xc0\
H\xd8'\x9e\xb3{\x88\xd0\xaa\xf9\xbc\x19\x9c\xc6W7\
A\x12\x83\xa7&\x8c\xe5e\x07l\xe0.'\xec\xcb\x95\
\xbe\xd6\x81\xae\xbc6b(a\x0d\xc4\xdf\xec\xab$\xe8\
$%|\x94@\xb2\xfd\xceM\xb06\x18\x9c,mV\
\xe3z\x1c\xc2sDFN\x89\xbeG\x7fH\xaaN\x94\
hr\xab\x1f\x1d\xfd\x9c\xdd\xfc\x08\xa7\xdcV\xd2\xfe0\
\x1f\xaf>3\xd6\xda\xc9\xd8\xfdv\x1eZ\x8e\x10\xbd\xfa\
ivpv\x0e!\xee\xeei<@\xee\x97\x9c}\xff\
|\x84\xb6s\xff4\xf8H1\xac\x0b7B\xd1x\x17\
hyY\x146\xa3\xf4\x0d\xb4\x7f\xfa\x14\xea\x84\x91\x95\
\xd3E\xf15\x92nocE\xcaNRR\xda,\x05\
\x5c\xb3\x10;\x13\xe1J@Kn\x82\xc4[\xf1k\x0c\
\xb5\xf2,\xeb,l@\xb6\x11i\xc9\xc9=\xd2\xcch\
\x91c8\xb9\x14z\x18\xde\xd3\x01q\xe7tk\x7f(\
v\xc9+\x13\x22\x1b\xd96\x9f\x8cg\xcbp#\xce\x03\
 \x15\x0f\xf7\xa2\x05\x91\xba\x5c\xc8\xe3)\xbb\xaf\x1f\x92\
\xb3\xbb`\x8b\xa6\x03\x0a\x82\x91\x8a\x18q\x92\xd8W6\
c\x05\x94\xb0\xe3\xb7O:\x08\x96\xed\x1e\x81mKo\
\xe95\xc6\xbc/\x17\x8f\x94\x9a\x0f\xc2\xd9\xf7Vg\xf7\
\x18Q\xfb\x1dD\x12\xb2\x81\x10\xb9p~D\xcd\x16Y\
u\xa6G\x90\xdf\x00\x89\xf3y-\x0a5*F\xe6\xb2\
\xe5x\xb5\xec\x8f\xb6\xf4j\xe5\x91\xa2K\x9en\xa4\xd6\
\xab\xf3#\xc2:AK\x0e6\x9a\x9aR\x90\x08u\x0f\
\xb5TR\xca\x94\xaf<\x90\xbb\xe6\xd3\x96\x82\x83\xc5<\
\x96o\xe1^\xe8D\xedW\x9f\xf7JC[\x9f\x04\xbd\
Dv\xc9\xcb\x8d(IqV=k\xc2\xab\x11\x11\xe5\
\xf8\xd7)\xcc\xaa\x14\x1e\xb8\x22\xa3\x87\x93\x00I\x97d\
U\xc2FYCDL\x0b\x03+\x84\x1f\x99\x9cD\x8c\
\xb81D'\xf9\x00\xdb9?\xa2\x8a \xe6I\xb6\x95\
\x036\xc6\x93\xb1\x8be 9\x90#\xd7\xa0;\x04g\
\xe7\xfc\xc8\x9f\x84I\xff<\xfbn\xb5_5\x16\x11Y\
h'B\xcc\x7fr~D\x8f\xae\x1f\xf1Kz\xb0\xc7\
\x8a\x18\xa9\x17S65z\xc2\xee\xeb#\x19\x1d)Q\
B\x80d\x9a\xbf\xe9\x1a\xf9\xc5\xe0;RB\xa8*l\
\x9a0\xa9\xab\x08\x12\x1d\xe3\xcd%\xd9\x17\xcb\x06\x84<\
s>@\x08K\xe6\xac\x95\xd8\xc7\x88\xc2\x5c\xbd\x9dM\
]\xf6m\xd9Pc\x8b?$ZB\x85\xe0\x17\xc0+\
?W\x08- \xa2h\x15\xae^/l\x19Q\xb9G\
\x17WOE\xcc\x97(k\xf7\xbc\xbd3b5M\x18\
\x19\xc2\x8f\xdc\xbb\xbe_\xb1](9\xf75\x92\xdd\x03\
$@\x09\xf4\xb5`n\xf7t\x9e\xd7B\xdf/s\xbf\
{\xd1id\x9d\xddSvVG\xe4\x86\x8d\x886\x86\
\xe83\xbf\xd8\xaa\xe0\xf7\xf3\xf4\xb44\xc2\xca\x86-r\
\xf6\xcf\xa1\x12\x8cLV\x8e\x8d8\xca>\xc6\xfc\xa1\xc7\
\x09\xad\xfe\xc5\x16\xeaZ\x5c\xc9\xaa}\x02#Q\xea~\
=XV\xd5x6w&\xb1\xd9+85;>\x80\
\x12\xb15\xd3\xbc\xcc\xf3\xb2\x1b\x85\xf9_\x1e\x0c\xb1\xb8\
\x88\x1a\x90j[+\xc07\x0d\x9c\x87\xc5~\xd2\xc2;\
\x9b\x86+\xb7\x0a\xebz\x90\xb8\xfa\x8c\x00)\xb6\x84:\
O\xc2\xde\xf8\xca\xb1\x92]\xe9_\xc1\xc8D0\xb2<\
\xa5\x1f\x01F\xdc\x00\x89\xd5\x10\x1dJ:\xbb\xa7\xcf\x8c\
\x8e\x8c\x94\x92p\xc1\x02[\x1aQE4\xe9x#\xed\
\xae\x17El\x1f\xf3\xec\xdd^\x94\xf7\xddQ]X\x19\
j\xd1\x8f\xc4\x13\x13$\xb2z$\x1d\x94{\xe0\x00\x09\
Ar\xe9\xfc\x88\xe3\xec*B\x07\xd1\x07\xc3\x87\xab\x22\
2\xad%\x17Z\xd7\x8d\xc8\x8dA\x16\x17Q\xcb\x9d\x8c\
*F}\x13\xf3\x09\xf1\x95\xfeC\x84O\xbb\xb3\xee\x8b\
f\xbau\x0f-\xdd\xc8\xa3^\xdd\x8c\x15\xc9\x05\x8cp\
\xa1\x0c\x84\x9d\xd1\x984\xde\xfa\x85\x16\x1f\xae\x9f\x9e\xc3\
\xdc\x10\xa2\xd7Y\x8c\x06\x9b\xf0\xc3\xe4X\x84\x8b\x88\x13\
\x898\xa6\x97\xb4\xe5]Lk\xf5A\xa4\x97\x8f\x10%\
r\x12\x22:\xaa;_^P^\xab__\xab\x07#\
\xe7\xbb \xc2\xd4\xd6\xc9\xc8\x8d\xeb\xb25^\x8e\x9e^\
\x94\xfd\xf6k\xf9^\x94#\x9dg\xa7y\x8c\xb0\xa5\xf1\
P\xc5*\xc4\x15z?RL\xb3\xd3\xdc\x0e+\xb64\
\xca\xe1\xf4~\xd1\xd4(^\x1d\xc3\xba\xe9\xf4\xeaZ\x9d\
h\x0b\x5c\xc4\xfb\x11\xd2\x11\x83\x87\x9e5]\xc9\xd5\xd6\
!\xc8EHI3\xab\x1dH\xe2\xb71\xb2\xb1\xb2\x0a\
\xe1Qn:$\x0e\xe4 \x18\x5c\x03=\xee\xf5\x01\xbd\
\x8f\xeego\x0dp\x17\x0d\x01\x12\xc1\x02\x88|\xc1\x1c\
=\xec\xf6\xddR\x11R\xebQ\xfbXK\x0eC\x09!\
\xb2\xb35\xbeW_\xeb\xa0N\x18\xb9&F\xfc\x1c\x22\
P\xd2\x15F\xe9\xeb\xd6\xa2A\x17\xbb\xa75\x1e\x15\x12\
B\xe4W=\x8d\x02\x92\xbd\xc5Z\x9c\xb1\xe2\x16+D\
Z\xae\xa9\xb1g=\xbb\xdf\xcf\x8e\xb7\x07\xdf\x1e\xcfQ\
]\x8a\xfd\xaa\xb9\xfa\x08\x07\x11\xeb\xc6\xe0A\x848\x90\
\x90\xae\x97\x8c\x84~\xc4%\xb5\x14\x1b0\xe9x\x09\xcd\
\xb3\x12\x12\xe4\xaa6\xa1\xa9\xebq\x95Cd\xb6\x08\x9f\
\xf5\xf5\xad\x91V<aZ \xf1\x1d\xf2Lv\x89\x95\
ex\x02\xc5\x8de\x19\xbb\x90\x83\x03\x8em\xd0z\x0d\
\xd2\x08\xc2\xd6C\xd3>*\x89\xd2\xbc\xd6\x06LD\x0c\
\xef\x04\x8e\xb5\xf7\x85Z\xa4#j\xde\x8d\x14|D\xf3\
Z\xa9\xba\xd4\xdc\x02#.\xd4r|\xc4\x09\xfe\xca\xe1\
\x92\xbf\x1d\xe9\xf8\xc2\x8f(D\x0a\xda\xee\xea#\xf1b\
\x9a\x0f{\xc8\xfd\x22\xf5K\xcd\x87\xc3\xa32\xd4\x22H\
`\x87f\xa5\xdc\xefI1e\x85\x96F\xd4\x10=F\
\xf4\xd9\xe2\x04\x89\x01\x84tD@\xf2P\x0cYy\xd6\
\x0e6\xe9\x14Q\x98\xf9\xf5Uv\x16\xdaAFp\xab\
\xb7\x0f\x16M\xf8.\xf1\x96\xbdB\xdb&\xd4\x12\xf3\x17\
\x84\x1dS\x82 #\xc4\x88G\x87\xaf\x22R\x9d\xce\x0e\
\x80\x88\xe0(WQc\xed\xb6\xad\xb5~\x08\xd4\x87\x9f\
U2)r%\xa8\xe4\xb4\xe3\xf7\xa0L\x04.\x92\x07\
\xad\x13j\x8d\x9d#\xb1\xd67B\xa4#\xf9\xb0\x5c\xcd\
\xc4\x8f\xd8\xa8n\x1fH\x00\x10\x82\xc4o aj\x8b\
\xfb\xde|\xd3\x16\xab\x88\x05D\x9c\x94)vO\xcb\xfb\
\xbb\xe8\xa2\xec}~\x04;C\x7f[\x1d\xf9\xb7UG\
\x12DN\xcc\x8fX\xe2\x976r\x8e\xe4\xc2\x16+p\
V\xd7\xf1\x11k\xd8\xbal\x16\xb5\xb0\x85\xe5\xb2O\xec\
\xd7\xb5\xa2\xb0\x848\xd1\xf7\xc6\xc2\x88\x10\x9c\x00\x88\xba\
\x11\xb9,\xaap\xf1h]\xb3\x12oM\x07\x93\xb9\x82\
\x04\xa6k\xdd\x1e\x8b\x82\x0a\xcb\x88\xf4\x09\x8c\xab\xf8\x81\
\x1bL\x04\xf1\xe7\xc7\xae>\x8f/\xb7\xadu~\x85\xf1\
\xc2\xc4\x81\xa4\x85\xf1^Z\xe7\xb9\x10\xfe*L\x16\xe0\
Z\x00\x09\x5c\x09P\xe2\x9aQ\x9c\x1f)p2\xf6\xe3\
#\xb4\xa5`d\x9e\xfc\xc8}\x87\x8f\x98p<7O\
'\x808\x15:\x98\xe3#\xc2b\x87r\xc0\x91\x10#\
\xa9Db\x93\xba\x9c\x1e\xf1\xb1\x16\xea#\xfb\xed\x8d\x07\
g\xef\x15F\xe1\xca\xd0.g\xf7J\xa6\x99h|F\
\xd8)\x1d\xe4\x86\xac\xdc\xfe\x91,\xd6\xba\x89\x18a3\
\xca\xd2\xeb\xa2\xb0\xd0n\x99}\xba\x91\x8c\xb3\xeb\x01C\
\x98^\x84Z[\xea\x1e\xc2F\x82-\x13(\xb9\x1eL\
#HH\xd8\xcf\xb6\xb1\x935y\x91\x90\xd0\x97p\xfb\
\x8eoZ$-\xc7}\xaeO\xc7\x9a\xfb\xda\x02\xae\x08\
\xc6-jR\xdb\x96R\x91\x1aU\x11\xa6\x00\x9e\x9e\x1b\
!\xebj\xfc\x99\xf0^`V\xb1\x1b\x05\x00\xd9-\xf8\
@B\xe2F\xacV\xcb\x947k\x1e\x1c\x1f\xd9\x19k\
1\xd8\xc2\x84\x1d\xfdH1e\xc5UV\xa4$\xcck\
E\xd3\xb7g\xa0\x84\x15\x12\xedE1\xdd\xf8=\xd0\x11\
\xee\x1f9R?\xe2\xe9\x08\x11\x82\x86_\x0b\xb4\x5c?\
#\xe2,\xce!\x96\x0bz\x18i97\xc2a]\xef\
Gn\x05#3k\xfc\xcd\xacO\xa0qL\x83\x1b\x19\
gl$^\x19\x9c\x03%\xde\x16\xcb\xa8\xdf\xfbD\xd7\
\x10[g'\xb3\xaaV\xdd\xec\xc5X\x10\xc4&\x14\x18\
\xe8\x8b\x83\x07\xe9\x08\x9c\x86\xaf\x8d\xa8\xf5\xe6\xb4`k\
%G\xd6\xc6\xb2\x0e\xab\x85\xfc?\xe4\x95\x1f\xc2\x8b\xb9\
\x1a\xf9\x9eo\x83\x86\x08\xa19\x88\x10(\xdd\xee\xf8\x8a\
\x84\xddK\x07\xf9B\xfbj!\xef'h\xfb\xf5\xb3\xba\
\x19L.\xe9I\xe4\xfc\xa5\x12\x9d\xeb\x8f\x8f'8\xbb\
+$\x1ev\xa5\x1a?\x18\x1f\xc1n\x85=\xcc!\xd2\
\x8f\x88cp\xba(\xe4\xec\x9d\x86\xc6\x5c3\x1eN\x84\
M\xbf\xa3\x91k\xd4b\xa8\xe5Q\xd2\xe5#\xc0\x08\x1a\
\x7fg\x8bU,\x90\xe0\xd8-e\xdaWE\xdc\x1aC\
\x0d\xa3#\xe9B\xc3.\xf3\xc5$\xdc>=\xf1\xa5\xaf\
\xe9\xadZ\xbf\x16\xae\x9e\xd6\x98\x80\x12\x13\xa0\xb4\x8f,\
\xab\x80g\x17\x09.z\x13/\xdf\x88\xaf\x93\xa5{\xbe\
\x0e\x88\xb4\xd4M\xf9\x11\x16io\x9b@\xc4p\x99\x8a\
\x9e\xf7a\xbc\xf0\xa0\xafq\xf4\xb65\x12!\x88\xb3h\
`v}\x8ed$\x17\x94\xd9\xd9\x1a\xcf\xd4o\x7f\x81\
\x84\xd9\xdf~\x84\xa0\xd0N>rb\xda\xf1\x0a\x12\xb2\
vD[\x86\x0f\xc5\xc8\x07\x87\x11\xae\xd5\xfdC\x10\xd9\
\xbd[\xc1\xaf\xb0bq\xc4\x81\xa4\xdb\x86b\xc2(\xbb\
\x0b\x88,\x8e\xc0\x14\x22\xd7\x85\x1f\xd965\xa6B\xfb\
p\xf7f\x05\xd6G\x10l9\xca\xceAU\x86[\xde\
\xe6\xeaI$[\xf4\xf4\xc8\xf8\xe9ED\xdbj\xf51\
\x9aA\xd2~zXkUD\xb55!\x90\x05T\x05\
]q\xebE]}]\xbeN\xd0If\x8b\xeat\xc2\
8DT\xaf\x09\xea\xe5\xb6\x8d\x8c\xab0[t\x7f \
V\x11=J\x00\x12Wj\xdfEH\xd4&\xe6GV\
\xa9\x848nXf\xef.W`\x7f\xbc\x1a5\x1f\xc8\
\xda\x8d\xb4;\xd1\x07'\xf9{rl\xbb\xde\x0c&.\
\xf7{\xd0\x9d\xd5\xfd{\x0fZ\xa6\xf0#\x9cCtu\
\xf6\xb21>\x9e\xf2\xbd\x06\x92\xee\x12+\x94\x10i\xca\
G\xc0Fz\xb7\x8f\x5c9?\xc2\xa6\xc6\xe9\xca\x89\xfd\
\xba9+\x1fny\x94\xd4~Z\x97\xb5\xf6\x8e-\x16\
Mx\x86WHm\xe6m\xd3(\xa4\xc2\x8f\xed\xcb\x5c\
\xd5\x22\xcc\x8f06#T\xe4\xe2\xddD\x19}=\xe6\
\x17\xdcb(G?\x82[K\xb0\xdd\x87E5\xae\xeb\
\xb0Z\xa7\xefU\x8c<}I\xf9,\x06\x8f$\x22\xfc\
9\xb3N\x94h\xbc\x10 $#\xce\x8btK\x88c\
\xc1\xc8\xf4\xb8wC\x0f0B\xf1 [\xd2\xee8;\
\xbd\x88\x81\xc4\x04\x1f\xf2f\x14Pv(\xd0\xb9\xd5\xba\
b\xf4#\xc3\xff\x03?\x92X8\x00\xe2\x10\xa2\xce\xe4\
PN'\x88\xdd\xa5#)\xd1\xed\xf4~\x11h\x91\xb2\
\xeb\x13\x87\xa7\xd0/\x0de3JS\xcd\xa5\xc0\x87\x86\
-\x17f\xf9P\x8b\xd5\x11=\x1dB*\xdf\x8a\xe2\xfd\
\x08\xee\x17\xcbw\xdf\x1e\x0d%\xedc\xbb\x0a)\x8f\xd3\
l\xc3\xa3v\xb3n\xf5p\x8c\x84\x08y*\x10\xb0f\
S0\x87\x0d\x8b\x95\xedy\x0e\x981\x1b\xb4M\xec\xf3\
\xed`RWu\xb8\xd0?\x02\xaf\xf3-,AE\xbc\
\x017\x8e\x8b\xc0\x91\xd0|\xb8\xe59;\xbc\xc8\xa9\xc6\
Z\xa2@\x976\xf4\x9c\x03#\x02\x12v\xc7[\xb0\xc5\
y]\x07\x12\x8a\xc7\x93\xb3;\xd2\x0e\x80\xc8\xd5\xf3\x91\
\x8e0\x0aw\x862\xd6\xfa\xc3tD\x8c\xbb\x15\x8e\x5c\
\x0d\x91\xc1\x16,c#jy\x01\x11\xc6\x9c\x96\xd3E\
\x01Bl\x04QO\x86Z\x80\x08\x9b\x1a\x7fn7\x90\
\xac\x94\xb1\xff\xa2\xce^\xce\xe9\x92\x90\x10(e\xc7\xaf\
\xc7\x87\x99\x92\x92\x9fV)\xd1B\x89\xd0\xe4oVa\
'>p\xffH\xda^\xaa\x9a2\xc5k\x9f\x5c;\x80\
\xe8\x03\x8d\xc7H\xc3\x89\x12\x89\xb6Pw\x7f\xaa\xc3\xa2\
\x0e\xcbT\x16\x81=\xfd\x1cLv@\xc4!\xc4\x0d\xeb\
\xd6\xdd\xfaH5\xa9&\x1e%x/*J\x88\xf3\xb9\
T\x93n\xa0\xf6[\xf2\x11?Ab\xc6\xed\xd3\x16m\
\xb91\xabx\xea\xcb\xa7;\x8e\xa8\xaf\xb6\xee0\x221\
\x82\xfd\xec\xc0\xc8\xfe\xe6GT\xa7\xb1\xbbz\xa4S@\
\xf42\x8dT\x8dO\x1aI\xaa\xdd\x0aE\x14X\xe6D\
h\x9d\x96\xc6\x8c\x8fh\x11\xf1\x04\xfcp\x19\xcd!D\
\xaf0'\x1dO\x800\xf5\xebQ\x22\x97\x1d(YT\
\xe1&\xbd\x10\x11>=\x850_\x06}\xa9\x12\x22\xce\
\x8f\x00$^;\x9e,\x85\x8c\x1c\x80\x01\x88\x1c_\x07\
\x13\x22\xf4Z\x14\x0aS\xd7\xd6\xacYe\xb9\xe1\x98\x9d\
~7[\xe0\x7f\x8f;\x87\x90n\x19\xd1\x8f\xeb\xf6\xc7\
[4\x22D\x18\xa1\x96Gf(!\x96\xa9\xdf\xdb\x8e\
\xc0\x16;\xb6.\xdc\x02jz\x92\xd3\x1c#\x0a\x10\x82\
\xe4\xa4\xbfA\xde\xd5\x11\xdf\x1f\xees?\xfb\xdf}\xbd\
(t#\xd0Dq\x83\xbaP\xa0\x83\xe2CB;\xeb\
\x87\xd14\xb3\xc5P\x8b\xf3U\xe4#xc!H:\
\xa2\xd8\xaa\xd4\x08\x8c\x88@\xa0\x9f\xb2\xa2+\x19\xfb\xbc\
\x16@2\xee\xa5\xec\xfd\xb9_\xbe\xce\xa4$\x13\x96\xd8\
\x96 c\x22\x02\x92\xf0uK\x93\xdbd\x80\x08A\x02\
\x96\xad8\x02B\xe08\xd6\xd9\xe8\x08H\x0b\xf1\x03\x98\
d\x98b\x96\x0c\xa6\x1a)\xf2\xc9f0\xa1\xc3\x89`\
Y\x86\xc5\xa2v\xf8\xb0\xac\x9d1/\xc2\xc3'~\xe9\
E\xbc\xbe\x96\xcfk\xa5\xcbrz\x12\xd3Z\x8a\x91\x07\
b\xa4G\xca4^\x14\x1f,\x90\xd0\xfa2[I\xf3\
\x97\x0bHz\xa6\xda\x8f\xace\xcbm\xe9\x01g\x07\x1f\
\xd9K/J\x84^\xd1\xf7\xbb{C\xbb\x9cT3M\
\xffokG\xf1\xc9-nW`;\x0a`\xe2;\x7f\
\x19lq\xc6\x0a~\xe4\xb2\x99\xd7\xf2\x0bY-\xd5<\
m\xf7\xbe\xa4\x0b\x13\x18+$0K\x8c2\xf7\xcb\x07\
\xf5|\xd14\xba\xd4\x1f/\xe0\x83\x00\x91\x12v\xa18\
*Bc\x82W\xb3`L\x5c\xa9\xadY \xc95\x7f\
I\xeam)\x16<YkU\x95\x9f\x07\xfa\x10x\x0a\
aNl\xf4\xe7}}\x01\xd1\x95F\x5c\xab\x96\xdfa\
eF}\xad\xd52WE\xb9+9;&\x11}\xa4\
Ep\xc0:=\xbf#\x89@`'\xa4\x22\xde\x87$\
>\x0c=\xecx|0\xcd\x07`d/\xba(\x8e\xb3\
\x03#b\xef\x13@\xb8^A\x0e\x90v\xa4\xa9\x15!\
\xccmQ8\x1ey\xad\x11BMj\xd0\xa9;\xb9P\
\xa3\xe4\xaf\xa3$\xd2\xb0\x05\xf5\xa00\xaf\xabXD\x5c\
)BL\x8bn\x09|\xb8a+t\xe4\x19ow\xb4\
\xbd\x22>j6\x90\xd3\xe68\xe4\xb2hB\xfbD\x0e\
\xde~E\xb8\x94\xdc\x08\x98\x88\x9e\xae\xd2N/\xa1\xaf\
}k]\xa7\xb8i+\x17\xbb\xe5\xe5r\x02\x030A\
\xfe\x17\xe8\x91\x89\x925\x87yC\x90\xa2{\xc7\x870\
\xe9;\xf3T\xc4\xd7\x0e\xfd8{_N\x8b6\x94\xdf\
A3\x91\x12b\x950\xe2\xb7\x8f\xc4S\xe3\x01\x8d\xb2\
\x5cq\xe4\xbcw\x12Q\x03\xf3a!\xf6;L\x00\xb1\
\xac\x96\xf5\xc6\xc3\x85\x1c\xba\xf5\xec\x98\xd5\xdd\x8b\xde/\
@\xe2\xea#\xce\x93\xecf%\x9e\x94\xb0\x1fe$\xcc\
\xab\xbf=\xfe\x8c\xdd\xf1;\x85\x1ao\xf2\x02\x89\xf8\x91\
\xa5b\x84\x8ed\xa7~\x90\x9b\xb2*\xf2\xbfU\x91\xfd\
\xf5\xcc]\xb1A\xb4,\x96A\xc3-\x8esH\x9b\x08\
\x01B|(B\xc8<r\xcd_\x0d\x94J)!\x13\
\x86g\xffVF`, \xb3\x12!\x0a\x89Y\xddE\
\x95 \x9a\x08\x11gD\x88\xa1dF/\xe2\xbb\xe2q\
\xf1\x10!H\xba\xc3\xecH\xfdN\xf2\xf2\x08\x8b\xec\xf4\
#\xf4$D\x88\x9fg\x1f\x91\x8b\xd0\x89\x0c\x8b\xed\xec\
y\xdb/w\x8f\x88\x99\x04]\xeaE\x91(l\xb4\x17\
\xcd\x07\x8c\xea\xa6\xbc\x161\x02\xff\x05\x80\xe8\xf5c\x86\
\x12G\xdc\x11j!\x01\x9c\x8b\xc7\xfb:\x22h\x09\x9e\
/\xb7\x0f\xd1-D\x8c\xf6\xa0\x05\x92\xaa^L\x1b\xc5\
\x07<\x09!\x92\xc3\xc4\xe1#\x15H|\x85\xc4#\xa4\
\x9b\x01\xe6-y\x92'\x85F\xe2\x08\x02\x11P\x11\x9a\
\x91kR\x0c\xa3\x0b\x90\xc9\x82\xad\xcfm!h\x0b\x10\
\x15\x0b\x13q\xd0\x9b\xb0N\x12i;A\x86\xaf\xf7B\
\x84]\xf1\xa0\xeb0\xba\x10\xdc\xd3\x8d\xd0l\xe3\x11\x00\
\xe2\xdd\x08D\x1a5\xf5\x8b\xf2H\x7fV+\x9e\xb6\x10\
\xf1\xa2\xbf\xc8n\xb1\x16\xcb\x87#\xd4\x0f\x87Y\xf5\xf0\
\x98\xb1\x16\xa80\x1b\xe3\xa9\x1d\xa4:\x8dC\x8f\x91=\
\xd4G\xa8A\xd7?e\xc5\x0d\xed\x1alY\xa9]\xcd\
\xf6\xf4\x8cF\xe8\x8e'mw\xf9\xad\x5c;\xbe\xbf@\
rg\xd3\xba3\x99\xd6\xd5\xc4\x16w,t\xa8;\x8d\
\xca\xd8\xae\xd8^\xcb\xcd\x17I\x08\x93\xb9'\xef\xeaI\
\xd6E\xdf!V\xa7!\xcc\xca5\x87\xe4d\xfe\xd7*\
\x83-\xb3\xbb\x0f\xe1\xce\xfa\x18[V\xd7\x8b\xbf\x1f\x0f\
\x11\xb2\xd9\xdf\xdb\xb6@\x06k\x8e\xcf\xe8\xd0\xea\x87\x09\
9\xfb\xcc\x15\xd8i\x0a\x11\xe7F|\x13\x8a\x83H\x0c\
\xb7\x9a\xb9`\xa4\x89S\x88\xf7\x0f\xa0#~\x1b\x22\x8c\
\xbb\xd9;\x0bzh\x02\x10\xa4y\xc8\xd7\x9d\x92\xa9+\
\xb1\xf7b\xe4\x90|\xe4o\xb1?\x89\x11\xaf\x8b\x82H\
\x0bn\xa4\xa7Jr\xe8\x8a$\x5c\xcf.\x06:\x12o\
\xf0\x22z\x98v\xa5W2\xedl a\x81\x84\xeb\xa7\
\xe7\xbaZ\xf7DP\xa2\x07\xac\xd7\x8b\xb0FB\x88\x90\
\x8d\xb8\x19\x12GHx\xc0\x93\xac-\xfeOG\xcb\xc4\
\xaf\xf3\x22kT8\x90\xd2B0e\xd2&\x22\xe83\
k\xdeL\x99k]\xea3\xe2\x9bH\xdcIG\x04)\
&\x91b\xf4~3h\xe6\xf4{r\xc2H\xb4p\xf8\
\xd9\x11\xe6\xb4~W?\xf4j\x0fCy\x7fR\x01:\
[\x18\xda\xefH(\xd3\xc8\xd4\xaf\xd5\xd9\xf55P,\
C\xcc\xf7\xbc9}-5.zc\xb8\x05:\x82:\
;\xea#\xffb}do\xb9\xdf#\xaf\x1c\x14/ \
\xecn\x84\xc4c\x045\x12\x8c$\xcb\xcf\xdcM\xff\xca\
\xcd-\x9e\x86E\x88(F2>\xa2\xabu\x05#\xb5\
\xf1\x11\xc0$\x83\x88\x93\xc6Fj\xabg\xb9\x82\x1en\
\xa6=\xb79.\x0c\xba\x04$\xdc\xb0\xae\x1b\x06\xe9@\
\x08\x14\xab\xfbe\x0b\xac\x906\xb6U\xbaM\xfdP\x0b\
\xc3\x01m\xb7\x8eG~?.(\x11\x16(Y\xb7\xe5\
\xe8o\x1b\x9a\xb9\x91ug\x08#\x8d\x8a\xccv\x8d\xb2\
\xe3\x19\x22@\xe4\xecU2\x85--\xad5\x0f\x0f\x9f\
\xefu\xc2\xcaA\xc4a\x04FU\x14_d\xc7\xe4H\
\x04\x09h\xbb\xbe\x8e\x94\xae\x97|\xc4a\xa4\xd4\xd7\x8a\
\xc69\xc4h{\xdd\xcf\xfe!\x1e)\xa7\xb5koh\
\xc9G\xd2D\xbb\x8d\xb4\xb39\x1e\xab\xac\xce\x90\xfb\xa5\
\x1f\x81\x18\x99\xf7$\xcc\xfd^sk\xe8},\x90\xcc\
e1\xeejy\xbc\x84\x0d\x05%^\x22E.\x08\xa8\
+(\xc7\xb3DRH\xd0m\xef- q\x08)\x0a\
%\xcaI8\xe8\xd1n\xb8\x87\x93 \xa13Q\xe3\x0c\
{\xcb!\xaa\xe9\x7f\xee\x17\xf7\xcb%%\x1e\xe9\x9e(\
\x03\xa1w\xdc\x8ah1\x1c\x1d\x89\x8ex\x850\xafk\
\xba\xbe]0\xe9\x0e!\x12\x1f\xbe<B\x94\x94C\x88\
\xa5*\x8a\xa6\xb5f\xb3\xd0\xe9\x8c\xb7~-\xea\x99\xfa\
\x86F\x8a\xfe\x92\x91\xe4\xd3#\xb0\x93\x1c&&\x1dd\
2t\x00\xc8\xa1mC\xd4X\x0b\xbd(\xcc\xfd\xeec\
\xaf\xee\x89\xf5\xfd\xca\x8d\x8b\x15\xcaP\x8b^\xc4\xed\x9e\
\xf6\xfb\xd9G=\xe5\x11\xc7F8\xd1NMl\xa7\xfa\
p\x13Do\x10\xc9\xdfU<q\xb7\xb2T\x97\xf9\x13\
{\x0f\xcc#\xae\xddb\x8d\x84H\x7f\xb4EO\x92\x88\
\x08\x9a\xe27\x19\x1d\x91\x0b\x01\xc2n\xf5\xac\x12h\xd3\
\xeb\x9f\xc2\xfdb\xbe\xb8\x8f*\xdc\xcapR\x14f\x90\
r\x7f\x0e\x0d\x8d\x8a\x0f\xd8\xc6\x12f\xeb\x08\x11L\x8b\
\xf4\xa2C/5\xcd\x01\xa4+\xadE`\x14M'S\
zn\xb3a3\x96l\xfc8|\xfeD\xce\xee\x1c\x89\
M!\x1a@h\xc4\x88\x9a\xd3\xd7:\xed(\xc7'\xda\
\x9e\x10\xc2\xdex\xac\xd5-\xf5\xb50c\xb5\xaf\xbc\x96\
\xd5\x10\xa3\x15\x9c=\xc1\xd4\xcd\xea\xa2\x82\x18\xcf#x\
\x10\xa7\xf6\xcb\x1a\x22I\xbb\xc3\x08\xf9\x089;\x1c\x09\
\xf9\x08\x92\xbf\xf2\x9bE\xf2\xd7\x99\xcb\x08\x03\x1bp#\
r\xd2\x10g\x98\x11$\xb9\x11\x1a\xe9\x00H\x84\xb8[\
>i\xd3\xae9<\x92\x8e\x0c'z\xc7<\xf0\xdaZ\
\xe37\x01:\xd6a\xb3V\x8cH\xd1\x03\xcd\x8f4\xfb\
\xc3\xc0\x88Y\xab\x8e\x04pj\x00\x91\x0eF(e\xc1\
p\xb2\x102\xf5Z\xd8E\x0f\x8aa\xa4H\x8f,\xf1\
)Xs\x191\xb2\x98|\x88\x18\xb1X\xeb\x8e\xb3#\
;\xbb\xb5\x08\x92\xce\x86v[<\x1dO\xcfH\xd8\xf7\
K\x8c\xe8\xebPP\xe2\xf4\xb5\x8e\xf6\xd0\xf7\x0b>\xe2\
r\xbfER\x8b\x08\xe1f\x055V\xd9\xc1\xd8\xb5\xcf\
F5\xf2Q\x1eq\x93\x88\xbe\xca.\x97\xde\x1a\xa2\xaa\
\x99\xaa\xe4oUK\x97\xe1\xf2\xe2\xfcL\x7f\x83\x8a\x07\
\xf9\x8d\xca\xdf\xadoyj\x06\x94\x0a\x0aB\xbe\xab\x11\
\x9e\x84\xf9\xdf\x02&\x04H\x0e\x14\x80\x04\xa1\x0e@\xb2\
\x06HJJB\xb0(\xa8\xe4\x93\x90\xc7jb\xa4%\
 \xb9\xffO\x83XL\xa2-\x96;PW)j\x88\
\xb8\x83Ij\x0b\xdf\xda\x849\xd0\xdc\x8b\x13\x14\xd8\xf5\
F\xdb)\x89R\x19<\x8c\xe7!\xc9\xc5\x80k49\
\x9bL\xcf\xe47\xb0\x9c/\x22F\x9a\xe37\x0e\xb3\xfb\
2\xbb[\xae@\x80\xf8\x9d\xa1\xc6\xdbGY\xb4\xc5\xce\
x\x92\x12f\x7f\x0bY\xec\xbc\x86h;C\xf71\xac\
\xeb1\xe2\x96\xbde\x8b\xde\xd8\x88\x92K\x07\xf9)+\
t5b?\xfb\x99\xf3\x22\xc4\x88\xdf\x1a\xea\x07\xda1\
A\xf2n\x5c\xc5@*\x0c\xfa,\x84\xd041\xec\x9a\
&.2U\xc7\x12\xf1\x03&\xdaEHmFu-\
\x9f\xf1\x95Gr\xceK\xe2\xbe\x06qXo\x0c\x22\xf1\
\x86\xf9\x11\xca5\xe2H\xdf\xbf\xb6\x17\xfdm\xf3\xb0P\
\xbbon\x14\x0b\xd8\xea\x0e\xe2\xe2\xcd\xfe&:\x14\xf1\
;\xcaT\xc2rQ\xcf\xfb\xc9H\xcd{\xfa\x11\xaa=\
\xe0 H\xc4\x04\x0a\x18\x0d\x11l\xc4\xe7q\xd5\x84\x10\
\x06\xef\xbaO\xb7XU\xd5\xb3\xfb\xc6\xc4\xb5\xee\xa3\x1b\
\xe1\xfa\x11\x0b\xb6`t#\xa4$]GBy\xad\xd1\
\xc8i\x99\x8aq\x9e\xdd\xd5\x11\x8b]oG\xaa\x1d$\
\x10\xf9\xef\x9f\xef\x8dW\x8cP\xf3\xa1\x0b\x11\xd2\x11\x0e\
Ya\x80D`\x0e\xd1x\xc6Z6\x89\xe8d\x1f\x08\
\x11\xb9\xf4\x0eY]\xbb\xe4\xef\x81\xe0`x\xb2\xba\xbe\
\xfb\xf9\xe3\xfb\xb7\xb7\xb7\xaf_\xbf\xbe}\xfb\xfe\xe3\xe1\
\xfe\xf6\xe6\xeaT~\x97\xf8\xf55\xab\xe9D\x80\xa2\xfe\
$\xc1\xa4*\xa4\x1a=H<m'Xx\xa2\xe2\xde\
4k\x1b\xb55\xde\x9e\xf9\x12\x00\xc41\xf7\xd6\x8a\x83\
/aAKb\x0d\x18\x8ag\xd3\xaf\x5c\xcal\x96\x81\
\x84\x8e\x04\x9e\xe46\x90\x8d\xe0\xea\x02\xad\x9ai-F\
Z\xf1,\x0d\x00\x81\xe7\xa8\xaa\x09\xc0\x11-4\xa3\xcb\
\xdb\xbb\x07}\xca\xdf\xbe\xc5'\xfc\xc7\xa7\x87\x9b3\xf9\
\xba\xd82\xe4\xa2(@\x88\x98\xeb\xfa\xed\x06Z\xbf\x02\
\xc9\xd0\x0cnD\x8dn\xc4u\xfd\xa2@b\xbb\x15\x80\
\x11\x0c\x22\xfe\xe9\x1a\xe2\xff\x94\xb1\x16@\xd2\xddaE\
\xd5\x87\xc2\x8f\xb81\xc4S\xec\xe8\xf1j\xbfg\xd9\xfc\
\x88\xab\xb2\xef\x9e 9\xfa\xd62\x14/\x9a\xc9\xd1\x0c\
\xdb>\xbf~\xbf9\xc6\xafv5\xbd\x18\x8f\x15'\x80\
\x89c$\x1d\x94t8\x09\x0f9\xd3\xa7\xee\x9b\x95\xfe\
{\xac\x91\xb82\x09\x896\x05\xba\x22\x02\xd0\xb1\x15*\
\xee\x8f\xbe\xaf\x82\x89\x02\xb7\xc4\x86\xb355\xbas\xd6\
\x8e\x02d\xa8\x17\x84s\xc7\x00|j\xfd\x12&z\x98\
\x89\xd3\x88\x96\xf6\x856\xf2\x0c\x86\xf7\xcb\xdb\x9fo\x9b\
\x14Y\xba\x94\xf4\x93=\xdf\x9b\x97\xaf?\xc2'\x94\xd9\
\x9d 6\xac\xcbG2#B\x1cH4\xf9;\xf2~\
\x04-[\xdc\xf6f\x96\xed\x1f9r\x18\xf9\xe3y-\
\xc5\xc8\xa8\xcbG\x1ce\xe7@;U\xe3I\xda\xc1H\
\xd4c:'\xe2\x94Q\xce\x91\xd3\xf2\x13$\x84\x08@\
\xf2\xf0i\xf9e\xfd\xfc\xfc\xf2%\xdak<\x93}\x81\
\xbd<?Gv\x80\x06\xf6\xf5\xe6\xed\xc7y\x10\x9c4\
K\x09\x1e\x00\x93\xba.\x11B\x90x|\xec\xa0\xef\xe8\
\x02^\xb2\xb5J(Io%\xb1\x90\x1dBC\xbb\x5c\
\xea\x06\x10A\xb45\xe5\xdaj\xa0\x1d\x1c\x85\x06\xa0\x89\
\xe9U;\x1ba\xcb\x86\xe3\xeb\x05J\x98\xd4\xe2\x03\xf6\
3zO\xa2\xa5\xa5\x0b\xc1\x87<oW\xdf\x9f\xe3?\
\x06\x1cl\x9e\xe3\xb3\xfe\x22\xcf\xba\x1cj\xf2\x8co\x92\
\x17}<\xce\xbb\xb5@H\xc8H\xe8G`>\xd2\xea\
\xd7\x8dG\xa9]X-\x08\xc9\x11\xfdH&\xf9K\x84\
pV\xf7\x88\x9c]b\xadh\xfb\x98g'F\xca\xc4\
\x16\x16\xb4\x13\x22\x96\xd6*:Q\x80\x1044R\x86\
\xaeO\x13\xfb\xa2\xcb\xd9/;\x22t\xe8\x8e_\xdd\xb7\
\x04E\xd7\xf0\x05\x01Kj\x15y\xf9\xb92\x9c\xf4\xc0\
\xa4\xf6:[\x04\x8a\xa5|\x8b\xdc\x16Z\xe5\xe7\xe1\x9a\
\x15\xf1\xb5\x81\x840\xc1\xeb\x990i\x81\x11Yv\xb0\
(-|6\x90@D\x0e\xd6A\x89\x0f\xb6`o)\
\xd8b\xee\xadw\xfe\xd0i=\xd8nv\xe0%\xba\x90\
\x94%_F\x80\x84\xe5\xa7\xe7V\x1c^\x04\xc7\xf3\xcb\
N\xfb\x02{}\xfer\xcc\xd4o\xde\x8b\xe2\xf4~-\
\xd6\xe2\xac.\x01b\x95\xf6\xac\xb1\xd1\xc9ka\x9e\xdd\
/E$\x1dA\xac\xc5]o{\xc2\x08\xf7\x8f@\xf3\
\xa1\xebC\xe0G\x0eIG8\xab\xab\x96q\x11\xa9\x97\
r\xf34\x0d\xf8\xd8\xb9]\xe1\xbaG>\xe8\xee\xfe\xd3\
\xcd\xcf\xf6\x8ba$\xa2D.\xb0\xe7\xed!\x96\x1el\
\x92K\xf9\xf2s\x15\xf9fX\x9e\x8dU\xb7n\x0c\xc2\
\xea!B!SGGp\x97\x03f\x11.\xe5\x15\x0c\
\xa7\xb5iQmw(\xc1\x15\xdb\x0c1\x18\xd5T\xf7\
\xf3EnU\x00\x92Rs\xa3\xab\xa9\x93\xd9\x00rr\
\x8f\x7f\xc8b\xb3\xb04\x908J\xc2\xc3\x01D.h\
}\x96\x10K\x9e\x97z\xb2\x8c\x0e\xa4y\xf8\xb2\xd6\xfa\
\xe8sa/v\x9f\xc3$\x1d\x8f?\xce\x18j\xfd2\
\xd6*\x16\xb4\xf7/E\xa4*\xca\xa9qv\x9f\xfe%\
F\xd4\x9c\x96\xa9b\x84u\xf6=\xf6\xa2@\x83nw\
7cQ?\xecH>l\xbd\x08\x10\x02\x8c\xd8\xbe\xd0\
\xb3\x9e\x02\x22\x00\xd2Q\xd8\xbaab\xeb\xfe\xb6\x8d\xde\
\xde{\x11\xf9\x05\x12'f\xf2K\xd4m\xd0\xaf\xf7\xef\
\x85\x9e(9\x99N\xd0\xd2\xa8WB\x04\xae\xa4\xcb\xd8\
\xf1\x06-\xf7\x10\xde\x9a\x87\x9f\x96\xd4\x15\xde\x9e\xb2Z\
8\xcc8b\xdb\x9a_\x985\x0a\x11\xdaCs._\
`\xb3J\x86\x13\xd4\x0e\xc9qh\xedz\xb3\x8d\xc9\x1e\
\xc2\x02\xff==\xd4\xeanN\xab\xd8a%\xa6,]\
\xfc\xebd\x19\x1d\xee\xc7\xefm*\xdf($6\xb8\xc1\
^p\xea\xf3\x0c\x90\xc8\xe3\xc7\xbb\xbb\x9c\xb2s\x8d\x95\
CI1D\xc2=\xed~\x9e\xbd\x10\xc5\xf6\xa3\x88'\
\x06\x92xR\xd0\x94\x9c=\xd3\xa0\xa3\xde\xef\x1e8;\
r\xbf\xc4\x88\xcb\xfcZ\xee\x97 9\x04\x1b\xb1\xa4\x96\
S\x0e\x1a\xed*\x8e\xe0\xdd\x04\x99_\x96\x10\xcb`\xcb\
\x12[\x0f\xe7\xed\x8bb\x84\xa6\xbf*\x80\x03\x86\xdf\xb0\
b'\xbd\x986\xdf\x1b\xf1&\xf1\xc5\x10M\x18|_\
[#N\xa0\x83\xf7\x0c\xb8\x90\x04^T\xe1\xd5\x22\x22\
\xa9\xb73\x05l\xabC\xadu\x0bnD\x1e\xeb\xe2\x10\
g\xe1\xab\xfeE\x12m\x01,ra\x88e\xb7un\
pN\xf1A(\xfe\x8f}\x8c\x04\x17'\x88\xa2\x1e$\
\xc6X\xab\xe8A\xae\xde\xe4\xefk7\x8a\x0f\xa1 \xf1\
\xf4\x08\x81\xa9\x0fOh\xf9\xf2\xbc>{\xf8\xf4\xf0\x93\
\x94\x9dl\xc4\xe7~\xe1G\xdc\xb4.\xe3-\xf65j\
\xd1\x19\x10\xe1@;\x00B\xd6\xdeM\xfeR_k\x0f\
=\x8dP| Fd>\x9dy-:\x12\x9f\xd6r\
\xab\x15\xac\x80H\xd5xAI\xdffv:\x12\xa0D\
\xdd\x08\xcc\xd6\xbd\x19F\xee\x1e>\x9d=\xbf\x18g\xb4\
8kK\xe1\x13`\x00\x10 %\x9d\xf1\x93\x1by\x05\
\xfe\x90`\xa2\x1aO\x15%\x8c\xcb]\xb4\xe5\xa8:\xce\
yQ'\x91\xb5\xec\x08\x91\xe2\x91\xa8\xab\xde\xdc$\x89\
\xb6\xe9ZyP\xaa\x87\xde\x1e\xa6\xaa\xb3\x88\x96.\x8c\
\xe6R\xa3\xab\xd0\xd7\x82)&\xd1\xae\xf5\x18Y\xbby\
;\xa2\xa4\xc6\xa1w9B\xf4\x1c\xc3\x83\x08@Vo\
\xad\xfc\xeb\xe9)K\x16\x9f6C\x09\xc9\xc7K\xe6\xbf\
\xf1[x\xdd\xb4\x1f?\xb9N\x14\x1fk\x99y\xd6~\
y\xee4\x1f\xc4\xc8\xd9M\xaa\x91\xed(Ge\x87\xbc\
\x043\x8e\xb5\x0bF$\x06\x22g\xdf\xc3\xfc\x08w\xf4\
\x1c\xe5\xb1V\xff\x8a\x1e\xa6\xb5\xfe\x0d\x84\x98.\x8a\xc1\
D\xfd\x08\x82-\xa6\xb5\x98\xfb%c\xbf\xe8\xe7#\x1c\
!\x19m\xd6`\xe4\x9c1B.Xb\x15\x01\x84\x18\
\x91\x22w\x9b\x8d\xc0D\x02\x99\xe7\xbb0\x08\xd3j\x02\
\xfe.V9\xe5\x07g\xc0\x07\xef)\x06\x8c\xa6u\xf0\
\xf6m\x1d\xd1\xe0a\xb1Vk\x89\xaa\x07\xe4\xb4\x9c5\
\xf7\xe8\xe3\x95!\xac\xb5\xeb\xf2\x02+\xa1k\xb2\xf6\xc9\
\xcd\x1a\x18\xf9\x1a\xe6\x05}\x82y\x1fRN\x8f$\x84\
T\x93\xe8]\x9bOm\x8a\xb0\x80\x8fg \x04^X\
\xd2\x85-R\xd7\xc5d\x17\x9e\xf0\xcd\x0b\xba\xb5\xc8G\
\xbc\xd6\xaf_?\xad7TH\xfc\xb4\xee\x19\xdc\x88\xce\
\xb4\xc3\x9c\xe6\x83\xe9\xd0a\xcc\x0a\xc6\xbe_\xf3#\x91\
\x90\xece|D\xfd\xc8\x91\xd7\xd72\x94|\xec@\x84\
\xa4\x1d\xb1\x16\xd3Zz\xb0\xeb\xb7+f\x8a\xdc\xaf\xdf\
\xd1\xe3W\x22\xea\x02\xea\xeb\xefm\x1b]\xc9\xcf\xbfn\
c\xd5\xf0\xeab4:\xbb\xbc\xbe\xf9\xeb\xfe\xe7\x8f\x1f\
\xdf\xbe\xbel \xac\x93\x122\xe2R\xf0\x9bF\xec \
0y\x5c\xbfEj\xb2\x1c\x8f\x81\x12\x02\x84\x07\xf1a\
\xd7\xb9\xa1D?\x92p\xabY\xa1\x09+\x9e\xac\xb7\xcb\
\x99\x19\xa6=\x10\x93\x85\x19\xd8\x88\xb3\xb0I`3\xda\
N\xa3t\x10\xb9I\xde\x90\x02\xd6>Y\xd4\xbe\xcc\xce\
\xa5\x0ad#|S\x18K%\xa4\x8a,=<l\xc4\
\x11\x02\x1f\x02\x0f\xb9\xa9\xf3}n-\x95\xfe\xf2\xf6\xf6\
\xfd\xc7\xcf\xfb\xbb\x9b\xab\xf8\xe2\x96\xb4\xe3m|\xce\xbf\
}\x91\xcco;R\x8c\xdcmS\xbf7\x86\x12\x87\x11\
\xd2\x11\xae!!mgy\x040\xc9\x85\xe3\xb9^\x81\
\x10a\xb0\x95A\x04\xb1\xd6>\xeb#\xe4#I\x0b\xc8\
\xfb\x11B\x84\xa4=\x1e\x84\x08\x5c\x89\x86\x90)3\x01\
\xce\xae\x0a[#\xba\x11\x82\x84\x06\x90\x90\x92\xdc\x14|\
D*$\xbe/\xc2}\xf0\xfe\xe4\xe6\xc7\xd7\xe7uB\
J\xca\x5c\xda[\xe2&\xe1D\x92\xfe\x9b\x9b\xc1\xa0A\
\xa4\xc1\xd7\x8eOl1\xda*\xe2-\x96\xdc\x17\xe1\x86\
br-#-_&\xb1l\xd5\xd3\xca\x11v\x16I\
\x96\x98A\xe4wC\xd1\x0b1\x96\xe1C/\xc8lm\
\xb6~\xf4\xb6Y\x00\xcc\x84\x89\x01\xbe.\x87\xd9\xe5:\
^\xae\x96\xd58\xba\x90\x93\xaf\x82KE\x88\xa1Dl\
\xa3\xa5\xda\xf6\xe5\xfb\xfd\xf9\x07}\x8a\xc3\xf6\xf9~\x17\
\xdem?\x0e\xefV\xf7?#e\xff\x09\xce\xceN\x14\
1 \x84\x10\xc9{\xb6\xec\xd6#\x1d\x04Yl\xa3\xec\
\xec\xd9B\xac\x05\xc6^\xa0\xc4\xd7G\xa8\xaf\xf5g=\
\x89\x9b\x1f!F<!IL\x09\x08)\xfd\x08\x18\x09\
\xb7X\x81\x8b\x14\xd3\xec i\x82\x109I\xd9\xaf,\
\xd6r\x1d[6\x8a\xd8\xd4\xf5\x5c\xf4L\xcf\xe3_6\
=;\x9d\x9e\xc63\xa9k.S\xf3\x84\xfe>\xdf_\
}\xff\x92b\xfb\x84\x0e\x86\x0f\xf2\xa18\x93\x9f[b\
2\x05Jp\xf1\xf1\x96'\x22Y\xcc_/\xe6\xe1\xbb\
\xbe\xfd\xcb\xd1\x22\x03\xdc\x91\xa2k\x11\x16\xae\xa5\x90\xb1\
\xc3\xee\xc3g\xb0\xf6\xbc\xa5>{\xb4&g'\x0c\x19\
l\xbd\x84\xb9\x03\x88\xdf\xa6\x80\xbb\x84\x19\xf1\xa1\xe3\xcb\
0\x18\xdc\xc9\x84\xbe\xb9\x10\xe3!\xfa\xd7\xb6_~\x9c\
\xb0\xb5gik\x8f\xce\xcf'\xb1\x9b\xf1<~\xb0\x9c\
,\xe6\x93i\x18\xa4*\xfb\xc3]\x9fHc\xd9\x1d\xcf\
n\x14\xc8\xd0\xa1\x1b\xc5\x0b\x08\xa1<b\x89-@\x04\
\x96\x17\x11a9!a\xac\xb5w>2L|\x5cj\
\x88\xe9\xf6\xcb\xde_rw\xd7\x90B\xac\xb0\xd4\xdeS\
&\xe1:+\x92\x92>\xcd_\x1d!\xd1\xe5\xba\xc3e\
n\xc3\xe5v\xc4*>\xe9\x93e\x13\x82\x00\xe5\xaf\x17\
y\xd5i\xaafc\x16Q\x12?\xfbM|\x89\xa0d\
RU>\x05\xecp\xe2}\x0a\x92\xc0\xf5\xbcJ{?\
XJ\xec\xdbf\x95MO\x85I\xc7\x8d\xb0%\x85b\
\x10\xc0T\xae\xca\x95S\x14\xa0\x86\xc1\x96|\xb51\x95\
_\x97\xf0\xa5\x01\x22R%\x9a\x8a\x0f\x09\x9f\xd6\xf2\xbf\
\xce-\xf9\x8f4w\xffv\x13\x128\x226\xaa\xf8\x0b\
\xd96:\xe6c$\xc7\xcb4\x84\xb8\xa8\xa0\x89\xa2\x10\
\xf1\xe5\x11.\xb1\xea\xec\xe7\xe9\xef\xd4:K\xe2\x07\xb6\
\x0b\xb1\x5c`\xc5\xb5\x0a\xc0\x87Kiq\x9e\xfdPj\
\x88\xc7\x9c\x1f\xd9S\x0d\xf1\x90\xdaA2h\xe5\x07\xda\
\xd1\xda\x08\x88\xa0g\xcb\xaa\xed\xa4\xed\x12q%o\xd2\
\xa7\x8c\x02g\x02\xeeF\x8c\xec\x92}x\xf8\xfe \xda\
(\xf3Y\x83\xb1*\x1a?\xd6\xce\xdfe\xea\xa9\xf8\xf0\
s\xf3\x887K\xc2\xe4Y\xd2\x5c\xeb\x87\xc1 L\x92\
/\xa9\xeaY\x01\x92\xae9N\x8c\x07\x8biP\xaa\xad\
-\xc0.\xca\xd2\x18\xa95\xed\xack\x10\xf6\xfeh\xeb\
\x16\x98\xe0\x0c<\xb8F1\x87\xe88\xc9\xe6\x09.\xea\
.\x00#0\xc2\xbd\x84H\x95~\xdc\xaa\x894$\xfe\
k\x9bdm<\xf0\xac\xac\xa5\xda\xff\xed,\xe1c9\
A\x0b\xd7R\x0drA\x995\x13\x19\xb0Z\x0eY\x1d\
q\x08A\xa4\xe5:QX=\xc48\xbb\x18\x99H\xb6\
z\x044\x04FY\x14\x0c!\xb22\x02.\x12\x0f\xd3\
E9:9L\xfb\xd99?\xb2\x17}\xad#\xf6\xc6\
{\x85-\xbf7\xb4\xbb[\xd7\x8fYi\x9dD\x00\x92\
N.X\xb8p\x19\xe0\xbc\x8cx\x85Q\xc4\xac\x8a(\
[\xda\xabL\xab\xf1dY\x18\xe7\x7f&\xe3\x8b\x0b\xed\
=\xba\x8e\x99\x7fD]j\xd2\x80$/\xaf\x9f\x89\x97\
\x08\xa6\x88\x10\x1e\xa5\x91\x98\x80\xc4C\x06\x82\xc2\xa4\xad\
\x03\x89&\xa08\xa9\x1b\x9c\x13\xf1\xb4\x1dPzZ\x17\
;\xac\xe4\x8e\x8bH\xe8C\x10l\xe9\xf0\x89Lm\x15\
<\x84\xae\x04(\xd1G\x13\x89\xb2\xc4\x87|\x07BZ\
\x22$I\xdb\xbd\xa4bk3\xadR{JiCQ\
\x90\x8d(\x897\xf5#\x07\xb5l\xf5\xc2F]\xa3#\
d#7\x05_\xe7Z\x05_\x18\xe1\xa0\xaeN\x8e\xd8\
\xa0n\xae\xf2\x9b\xc94\x1eix\xff\x91]\xbf\xa5\x04\
]\x8e\x91?^\x1f\x89\xa7\xe7#\xc9\xca\x12\x09\x85\x1a\
\xe1E>\x92\x95\xa4R\x22\xb3[p\x98\x1aY\x22\xd0\
\x92\x83n\x04\xa4$\x8b\xb6\xc8\xda]\xac\x85`\xebt\
\x95\x14\x9d\x0e\xcco\x1cSIH\x1f\x0c\xb7\xc3r\xa9\
G/\xf9\x93\xd1\xb75\xbc\x09a\x22\xbe\xe4n\x8b\x92\
j\xc62\x09+\xd4\xb4\xee\xd8\x15\x9aR\xae\x11\x10\xc5\
s\xd3%#\x18T\x97\xcb\x04\x84\xbd\xdf\xee\x97\x0d\xc2\
+A\x82\x82\x85\x12\x8f\xd4\xb5#s\xc7\xa6\x051\xed\
G\xa9]\xb0E2\xb2e\xea\xd3\x88\x90\xaa\x09\x83\xef\
)\x02m\xa3\x01\x22\xc9\x83\xac_o\x07\xf1\xe9X\x8e\
\xaf\xaa-<NK\xc9\xb9tg\xb6:\x98\x8b\xfb\x85\
\xd4/B-7a\x85p\x8b;u\x9d\x1cvoG\
\xa3\xd1\x10T\x0f\xe9G\xb0/\x94\xb2(~9\xbb\x18\
4\x1f<F\xfe\xde\xe3\x8c\x95+\xb5\xcb\xe9[R\x80\
\x10\x8a\xd0\x99.J<\xb8~\x1a\xdb\xac2F\xd2\x19\
\xb3\x92\xd3I5z\x8c\xdc5\xb3\xbaZ\x8c\x0f\x96\xcb\
#\x03\x88\x19&\xafq\xc0\xc6S\x81\xc9\xc9\x9b\x06]\
\x06\x12E\xc9\xcd L\x13-\xf1\x22[]|\xb8J\
\x89X\xe4\xed\x9f\xc17\xc4U\x19\x9b\xd6L\x94BD\
\xcf/a\xf1kk\xde\x80\x0c\xea\x9d\xa6{?\xba[\
\x0c\x92l\x00\xa6'\xedG!@H\xd6-\xccR\x84\
\x0c\xd2r\xa1\xf8\xf3+D\xd2\xd3 \x1e\xe4\xf5Z\x0a\
\xac\xd3\xaa\x1esW\x15\x0d\x1a\xe48\x85\xff\x89\x8a\x80\
\x84Z\x93\x06\xd5\x11\xa6~\xc5\x9c\xdc/AB:B\
\x84\xc0\x91\xec\x0a\xb5HI\x5c?#\xdc\x08\xa5L\xc9\
Gl\xaf\xee\x1f\xdf?R`\xe4P\xfd\xc8\x07\xbf\x83\
\xa4\xafHb\xbbu\x05!\xdd\x8do(\x91\xb0\x8c\xe8\
!b(\x01B\xba3\xed\x80\xc8\xfd\xe7O\xa1\x92%\
\x95\xefW%g\x1f&\x88\x9c\x14\x0bw\xcd\x9f\x8c\xb5\
\xe3\xfb\xe6\x19\xa5\x80v\xd3\x1aJ6g\x83f\x92\x5c\
\x89\x9b\xb4\x22R<\x13!F\xea\xc58<S\xdez\
C'\x027bbY\xcd\x7f\xe0F\xfam\xbeX6\
V\xa2[\xdb\xeaP\xe3#Tk4\x95-\xc5\x08P\
\xb5\x09uo[<\x80\x92 2\xa9&a\xf0\xb06\
\x1f\xa2\x10\x91\xff\xe2\xe6\xaf\x14a]V*\x11$W\
\xbd\xe46\x84?\x19*N\x86\x12\xf4V\xf3\x95n\xe7\
y\xc8\xf8\x08[Qz\xb7\xea\x1amG\x94\x8d$\xa7\
 \x84Y\xad\xf8\xa6\xeaf\x10O\x80\x10\xf2\xf6d\xa0\
#\xf1\xfc`\x18\xc1\xae7\xf0\x91=\xecg\xb7\xbc\x96\
\x9f\xd5\xed\xaeE\xa4Rc\x9e\x01N\x98G\xb1\x9dl\
\xa4\xcb\xd8\xcf\xf5\x02\xba\xee\xf7O\xb3\x88\xe8\xe6u?\
/\xa7\xba9TXz\xbc8\x19!\xb8\x91\xcc\x8f\xa0\
)\xa9\x96z@\xf8\x91z\x10\xe1HZ\xb9\xc9\x1e\x8f\
\xc1*\xc5!\xae\x1f\xc5\xb9\x93B!\xc5\xd5\xdb\x01\x85\
\xb6-\xb7+\xb4\xa6\x0d\xff-)\xa1\xfc\xd2\xc2'\x10\
\x92\xad#\xa1p|n\x80\x88\x95\x11\xf1}T~`\
y=cY\x13\xa1\xe0ap\xd1\x0aB\xa0T\xa1\x08\
y|\xfcv\x10=H\xcc_\x8d\xb9\x11L/\xdb\xdd\
\xa0\xa6\xf7\x80w\x22%\x81\x1f\xea\xb9\xd0\x91\xfb\xa2\xe9\
\xd7\xb3v$\xb64\xa5\xef\x15\xe8\xd4.\xc8HX\x1b\
\xe9\xb4\xc5\xdb$;\xc7\x10\xf3\xd5#\x94\x0e\x82\xde/\
\xb5\x83\xfe\xbb\x0fy\xadB\xcb\xd4\xa1\xa4p#Z'\
\xe9v\xff\x9a\xe2\xef\x90\xf3\xba\xf1$F\xbc\x9c\xa9\xa3\
\xecr2\xd6*\x13[\xb2\xa6}VC\xf4\xd7\xc7Z\
\x00\x88\xdc\xd1\x8fP\xba\xa0\x96I\xf8\xbf$\xc2\x02H\
6x\x99|O\x19.a%3\xf67v{\xb7p\
\xefgw\x87\xd4Vd\x02X\x19\xbbI.\x86z7\
D8\x92\x88\xef\xb6qyf~\xdd\xb4\x15\x17\xed\x22\
\x96c\xb0\x95a\x9c\xb2s\xd3\xc8\xc2W\x03qy\xad\
\x99\xfa\x90\xcd\xbd\xe4\xb0j\xe9\xff\x054\xba\x0a\xd8@\
\x88\x00\x84\x94\xe4\xa8\x89td6n>\xf74\xfd\xaa\
QZ\x8b\x10qC\x88~\x83\x15\xa2-\xc3\x88Kl\
\x81\xb2\xab\x1d\xfa\xcd\xd3\x1f\x00\x12r\xf6\xff\xfeY}\
-\xf2\x11`\xc4\xebky\xd2\xee\x15\xe8@E\xe2\x91\
\x15G`I\x0a\x86{\x15\xfc\xa6\x9e\x0bZ\xcf\x8e\xf6\
\xac\xad1a\xe4S\xa8\xebj^\xbd\x8f~\xc4P\x82\
\x10@\x0eg\x13\xbdF\x93\xab\xbcR\x06\xc7\x9bT\x18\
ha\x89\x96\x9c\x0dB=N\xc3%\xb3b\xe6\xaa\xd7\
\xd0#\x0f\x89\xd3Ex3\x8c\xb8f\x14\x0c\x9d'\xba\
\xf0[\xbbo\x1e\xb6\xfe\x88\xe8\xf0\xe6\x9b\xe47k\xcc\
\xd1n\x82\xa9M\x96d=ep\x93\x13\x11\x22\xd2\x9a\
%\x1a\xb2\xb9\x90bj\xed\x17\xf1\xe0\xce\x99\xe2c\x88\
\xd8\xb6Y\xca\xb6\xfc\xe5\x09e\x83\xc4|\x01\xd1\xaf\x9e\
\xbep0q\xac\x9d\xf3U\xecg\xc4BD\xdf\xab\xd5\
\xdf\x89B>r\xb2\x87\x1d=\xd4\x0eb\xac\x85\xbd\xba\
~X\xd7\x8fY\xfd[N\x04\x8b\x1c\xd7\x1d\x0e\x8bj\
{w\x12QO\xb5\xae\xe4\xaf\xd3F\xb9\xdb:\x92\x98\
\xfd\x1d\xcf\x90\xfd\xf55\x92!\xa3-\x0f\x149\xe5v\
YM\xc3\xe0\xc3K\x8a\xb8\x94\xb4\xea\xfb\xe9\xeb`\xb0\
L\xb46o\x94\xef\xad\xba\xbb\xc1\xc4zQ\x05\x15\xb5\
\x96C\xa2-nGT\xea\xad3\xe7\xb4]\x8cd\x16\
Z[\xdb\xce\x9bS~\xd0;\xf6\xa3X\xfd%\xc8k\
\xd6rZ\xe4\xeb\x09\x22\xf5r\x106\xfa\xbf\x83\xda\x91\
\xa4z\x9f\x8f\xa2\x0b\xa9*j$\x97\x92\x8c\x85p)\
\x0f\xd8\xfb\xf1\x02\x99_\xc3\x88\xeb\xfa\x05P\xc0\xd9w\
\xec\xe8\xb9`\xfa7SjL\x0c\x16m\xf1\xe0\xed\x1c\
C\x84L#h\xbbS|`\x9d\x9d\x18\x11\xa6\xbd\x07\
\x8c\x14~\x84\xb2\x0f4\xba\x11\x90\x91|\x8d\x15(;\
1\xa2\xbabLk\xc1\xf2\xc6F\x8f\x91K\xb7\xcc\x8a\
\xc1\xd6\xa9\xa8\xfeF\x8e\xbbE\xc8I\x01\x12\x86Z\x1e\
$\xf8\xed\x8f\x05%#\x0d\xcc\xb3\xf7\xd4\xc7\xdbA\x18\
W\xcbe\x85\x0a\x5c\xff\xe6\x1e\x06Y\x84\xcc\xa2i\xb8\
\x14\x01\x94\x04d\x01~\xe4\xd6\xe7}\xfb\xad\xb9\x03>\
\x80\x93\xaeu\xfb\x1a7[Wu\x13\x16Y\x1f\xbc\xb9\
C\xc9S\x8d\x93\x13yZ\x03!\xf1&\x85\x95\xe7\xe1\
 \x8c\xebj\xd2k\xf0\xc0fC\xd6\xd8q\xf7~6\
\xaf\xea\xaa\x81\xdc\x03\xfd\x88\xe7#r\xa89\x05:\x1b\
\xae\xd2k\xe6F\xe4t\xbb\xd9\x0bG\xe2B-\xea\xc6\
\x7f@\xac\x95\xf1\x91\xbd\x8c\xea\xa2\xa7\xf1\x04~$K\
le\x00\xa1x\xd0\xc72\xd8b\x91\x9d\xd1\x96\x97}\
(j\x88\xdd\xf5\xba\xbb:\xb6\x80\x11f\x7fIHN\
\xf46L\xf9\x16\x10\xf6awy\xfb\x14\xbf\xfe\xb1$\
x\xee\x91\xe0\xd9$\xa8$W\x12\x06SI\xff\x14\x08\
\xf1M\x8e\xb8\x16\xc4d\x11\x1e\x22\xcfF\xe26\xc3\xc8\
\xb6\x14\xd8\x06q\x13\xbf\xb7y\x12\x81\x04>\xe0\x82`\
l\xd8B\xee\x97\xd9_\xe0\xea\xcb\xc0\xf4\x82jR\x91\
J\xe2\xac\xe5\xa0i\xcd\x89\xc4\x8b\xfc\xb0\xcf\xa7\x91\x83\
Ix\xd9\x83\x0f9:\x1by\xb0M\x81\xd5\x91E\xf4\
\xe6\xcb\x15C-\xd2\x11\xe6~\x7f\x97\xd9R/bn\
\x84\xbc\xdd\xca\x88\xf9\xf4\xc8\x11\xccv\xbd\xfd\xbb\xaf@\
\x02\xed\xa0\xfdi\x99v\xfdHn\x0e#\x94id\x01\
\xd1\xf8\x88\xab\xb4\x9b\x1f)\xf4LS\x05\x91\xea(\xbe\
=^\xad\x00IZ\xd5S\xa1\x1d%s#S\xa7#\
\xef=\x09!\x22gj\x0b\xff\x19i\x89bD\xedi\
=\x1c4\x95Qw\xca\xe5\xee\xee\xdd\xc2\xc0U=\xd8\
\x80mg\x8e\xa456r!n\xe4\x97 \xa1$\x1d\
j\xec\x94E\x02DH\xda9F\xa2n\x01\x7fd\x1d\
\xa6s\x05tV6\xac&cq\x22\x9f\xc8\x94\xc4\x8f\
\x08\x0fIc4\xd3L\x16\xd9/\xac\xc2\x15\x05\xf6h\
\xe2\xa3AHN$\xcaM\xa1\xd6\x0d\x8b\xec \xedN\
\x5c\x0bn\xc4\xd5G\x08\x11_CD\x19\x11\xb2\xf1 \
\xed,\x92P\x80\x8e\x82\x0f\x80\x88d\x7f}\xac\xb5\x17\
\xce. \xf1\x18\xa1\xee\x83S\xd82\x81-@\x04\x9e\
\xc4\xaf\x0cU\x09:XG\x17\x05\xbd\x9f\xbe:B>\
\x92wl)!Y.g\xba\x16\xf1\x08\xe1\xd6\x89\xba\
\x11\xc3\x8a\xbe\xeb\x0ds\xdenL\x14\x0f\xa4\x9c6\xf8\
&\xe4]k\x05b\x8fO?\x06A\xca\xee\xe3\x99\xef\
n\xc4={Q\xf8P\xa3-[\xfd)\xafD\xbda\
\xf0\x8bn\xe4\xb70\x99\x05\xee74\x98\xb0>\xe2f\
\x11!Y\x0f\xd2\xfet\xde,\xe0B,\xf3+Nd\
\x1c$\x9d\x85\xef\x17\x88h{\x81\xa4\xb2\xa0\x19\xee\xd8\
\xc8T\xcf\xe9\xe9\xc49\x12u\xd4\xb0\xa6Z\xa0\xc8N\
?\x027B\xd6\xee\xdc\x88\xd7i\xd4\xc2X\xb75\x9e\
\xab\x15HH\x0c\x22\xc7\xa0\xec\x05g\xd7\xf6A\xce\xea\
Z\xac\x85y\xf6?\xdf\xf8K\xdd\xf8\xb2\xca\x1eo$\
\xec\x8c\xb5\xac\x80\x98\x85[\x19DF\xdbf-S3\
\xa5u\xbb~=i'\x1f!!\xb9mfi\x09_\
\xf2\xf9E\xfaw\xc8Z{\xe9K\xc0F\xf2\xacM5\
k4\x1b\xba1\x90\xac\x1f\x9fC@\xbc\xc5h\xab\xb7\
+E\x8d=)\x0fHE\x99#i\xad\xe3\x17](\
\xff\x88\x91\xdc\x02j\xa8\x8c\xc8\x95\xa3\xbb\xae\xca\x0e\x98\
 ,\x8b%\x98y\xb6\x90Gl,\xdckp\xb3N\
\xb8\xa5\x98\xcaOIO\x08M\xf1\x0e\x84 q\x89_\
kh\x94\xab\xfa\xed\x03\xc9\xfcN\xd1\xf3+ Qs\
\xd3\xec\xe0\x22^:\xc8\xbc\x08\xad\x1c\xaf\x8aG)\xae\
\xa5\x08\x81\x19>|Z\x8b\xf5\x91\xd2\x8f\xecm\xff\x88\
\xf7#\x8aR5\x82$\xa7#\x1ci\x8f\xe7\xb0\x9c\xd6\
\xa5\x1f\xf9\xf5\xb27\xfa\x11\xea\xd01\xb1u\xa7\xa5\xf6\
\xa6\xaa\xaby\xad\xbd\xbft$j\xd3\x93\xfe-p\x06\
\x0e\xbe\x14\xea*\x0c\x86\x9bG\x92\xf7u|9]\xa7\
\x0e\xaeim\xae\xa4\xcf\xfc\x5c,r[9m\xdfl\
!\x22*\xf1r\xfc\xde\xe6\x8b*`K\x22\xc9\x08{\
\x7f\xf3\xf2!\xf3Z\xa6K\xb4\x09\x95\xd5\xd6\x01\x91\xaa\
n\xc2\xdb6\x11\xd6\xaaL\xc4\xd70h\x22t\xa6c\
\xc0\xa3/\xef\xeb\x9a\x19\x97\xe9\x14?bO\xf7*e\
\xd1V\x97it\xc41v\x06[.\xf7{\x05\x8ct\
u\xe3\xc9E\xe46\xcc\x15\xe8\x86\x0e$\xc7,\x91x\
\xce\x8e\x17(v+\x1c\x12#\x7fz?\xbb\xc7\xc8\x0e\
\xf9 /\xd4X\xec\xd5e\xb0u\x02\xcaN\xe1\xf8\x22\
\xde*\xfc\x88M:_9B\xe2\xfc\x88\xec\xb3\x92\xbe\
\xc6\xd5\xc7H\xd9\xb5\xd2\x8e \x19\x9e\x04 \xf9\xc5\x9a\
D\xbc@.\xea\xc9`\xf03FC\xac\x96<JA\
\xb1\x12\x90p\x08\xdcc\xc5\x13\x13\xe4\xb6\xd0\xa5+$\
\x07\x09\xa7G9\xaf\x1b@\xe4\x9f\xe0\xa4y@\x8a\xcc\
\xaf\x1d\xa5\x0b\xe1+\x1e\x89\x5c\x0d\xe9\x22!\x91|\x9f\
Y5\x9eV\x95d|\x11bi\x12a}>\x08U\
5F\x8c\xa5'\xee\x1d\x1d9\x95\x07#\x96\x10\xcd\x91\
$k4\xf3\x8b~FV\x10\xfb\x19;\x1b\xb6\x0c!\
.\xb5E\x90pm\xa8\xdb\xf6F\x01:\xa3$b\x1d\
\xd2\x0e\x8c\x1c\x7f\xdc\xaf\xbe\x16\xf7X\x95\x05D\xceW\
\x1d87r\xc8\xdc\xaf\xd0\x11\xeb\xfb=\x81\x1ba}\
\xa4\xa7\x88\xe8\xf4~=F\xe8H\x98\xd9\x9a\xd7U\x0a\
\xb6\x00\x11W\x1eA\xe7D\xe6C\xe4V`\x04\xaf\x12\
\x09\xb8\xde\xbd\x22\xe0\x02)yy\xf7N\xfeDe\xdd\
\xe5\xd1v\x0aBX\xb9=\xf6\x9bGCKJ\x1bi\
\xce\xe3\xb6\xb8\xb7u\x12\xff\xc4*n[X\x9b0\xb6\
\xeb\x89\x87\xb5\xe9\x80\x1fA;\x0a\xc8\x08\xbc\xc8tp\
\xfe\xf8\x84\x8a\x8d\x82)N\x96M\xea1P1\x9e\xe0\
(\xfcH_\xda\x97\xdd\x0b\xdb'\xba\x99\xcd\xa5\xc8n\
\x22\xa6j;\xe9\x08<\x09%\x1fv\xc9\xc6\xa39^\
\x9b\xb5F\x1c\xd35C\xcb\x16\xe7\xac\x1cF\x10k\xc1\
\x8f\xfc\xef~\xfa\xb5v\xed\x1f\xc9\x03-R\xf6\xdc\x93\
\xe4\xb1\x96[\xaf04e\x14b\xc4y\x12\xd2\x116\
l]\x11\x22\x18EDfKV\x1e\xcf,\xb35t\
S$\x88\x9f\x9d\x1f)\x8c\x8bc\xebH\xde\xe3`\xba\
\x82D_s\xeb\xf7a:I\x95\x12:\x13\x8f\x0e\xc7\
\xe1e\xdejm+A[q#\xe8\x12\x99\x82\x8d\xec\
D\xc9\xbc\xb8o\xben{\xe2[\xbdw\xfa\xf1\x85\xa1\
\x18(`\xd4\xde\xdfZ\x0c\x10\xa9\x9b\xc1\x0f\x91\xdf\xe2\
\xca\xdfv5h\xeaJ\xd1\x81u\x91d\xed\xce\x8f\xb0\
9^\xd3\x1fC\xb6\xa1`\x0fb5[\x9d\x01#H\
\xfd\x22\xd8rm\xbfr:\x8c\x5c\xd0P!)G\xd9\
!\xd3h\xb1\x96\x09\xc7\x93\x91\x1c\xd1\x8f\xe4\xad\xbf\xcc\
\xfd\xeec~D\xcc\xef\x9e>.\xf8\x88kh<d\
Z\x0b\xe6J\x88\x04\x89\xd6GF\xc8\xfa\xfa2;\xfd\
H\xe1H\xbcX\xe3\x9d\x0f\xb6bf\x8b\x94\x1d(\x19\
\xc2\x9b\x94\x94}\xd2\x1fl\x8d\xf5\x94\x80\xeb\x8b\xf4Z\
1\xde\xba\x90\xa2;\x9b\x1cY*\xd9m\x8b\xe625\
ZA\xbe~\x8d\x22\xc7sX\x90\x8d\xec\xc6\x89]\xc7\
\xcd\xb68BGB\xad-j\x071\xaf\x05i\xa2\xf5\
\xd3fP\xcd\xaam\xa0%\xcd'_\x9f\x00\xa5\xc7D\
\xd6%\x88\xac\xf1\xee\x90\x01\xa5\xa742!>\x86@\
\x891w\xb1\xe9\xc7\xf1\xbc\xde\x86Z\xa4#\x84HW\
^\xebR\x0f\xb1N\xa4E?B\x94\xb0B\xa2\x06\xbd\
\x87cGG\xfc\xc0.\xb5\x83\xc8G\xf6\xd2\x1b\x8fy\
v\xe6\xb5\x18j!\xf3kS\xba\x9c\xd3\xcd\x1dI\x22\
Y\xa5'\xc1\x8f\xee6,\xc0\x5c\xc3\x96\xef\xd8r#\
$\x1alIfK\xca\x88+ \x04W\xa3#r\x8c\
\x96e\x11\xd1\x81\xc4^.u*)\xe6\xf1\xd6C\x04\
\xc9DA\xb2\xb3y\xab\x14\xdd\x9a\xd7\x83\x17\xeb\xd6M\
n$=\x9eG72W'\xe2\x89\xfb\xbc\x17)!\
\xc2\x15\xeb\x16\xbb\xdb\x11sk\x01\x93\x8d\x06u\x11Q\
JH U\x1aB\xfb\xc4Tqt\x8e\x17\xe2Dl\
[\xae\xfc\xe4x\xd4\xa9\x8e\xd0\xe0Et\x94}\xc8'\
\xb9\x99i?#\xb3Z\xdc\xce\xe3\x04\xb1\xcd\x87\x18'\
q\xcd\xf1jVY\x06\x1b\xe9\x1b\x229:\x11F\xc2\
\xdex\x17k\x95\x189>\x14\xed\xa0?\x8f\x91\xcc\x8f\
\x9cF\x86q\x98\xc7Z.\xd4\x22Bz\xfc\x88\xa4\xb5\
\xdc\xa8\xee)\x8c\x1b\xda\xf5f\x8c\xddm\x9fV+u\
\xb1\x0d$1\xd8\xaafU\x0a\xb6\x8e\x8a\xb4\xd6\x90\x08\
\x91\xb30\x1fl\xa9\x01$\xd3\xc1\xfb\xc8n\xa1\xb7\x88\
7]\xa9\xb1\xa1\x88\xe8 \xd27WR\xcb\xe0.\xc9\
\x04\xaa\x1c)\xa9\xf5Kp(|\xf8p\xb9R\x1e#\
\x8eD\xaa\xf7\xf0#\xdd\xb5\x88\xa8\x9a#\xd8\x12[5\
\xf3\x0a^d\x1c\xde\xaf\x9f\xc0\xef[\x09\x02\xbf\x840\
\xae\xf1S\x03\x22c\xc7\xd7\xad#\x1en\x84\xa6\x91\x16\
*\x88\xf1&\xe3U\xf5|y\xe6\xb3Z\xde\x91\xf4K\
\xd0q`\xb7CG\xd8\xaf%\x97>\x91\xc6\x5c\x13\xdb\
\x93vX\x96\xfb\xdd\xeb~v\xce!\xf6j\x07\xc1\xb2\
\xd5\x0a\xc0\xc81\x12[C\xce!biW7\xfb\x9b\
Kc{7\xe2\x09\xc9\xed\x8d\x89\xc7G\xef\xfeI&\
v\xab\x14l\x91\xb3\xb3\xde>L\xd5\xae\x92\xb5\xf7s\
v]\xf4\xb7\xed\x8b\xd5x\x0b\xa4d\x13A2\x9e\x8e\
\x99\x03\xc6\xd91\xae\xa6\x0e?Q\xf8c\x91\xe3\xa6I\
\x10\x99\x1b\x12p\xe1\x03\x18\x1dMx\xe6Fj\xab\x8f\
0\xda\xea\x12\x12\x1b\xe4z\x08s@d:8[?\
\xb1\x18/\xa3\xfbM\xean\xe4JP\xf3#0B\x84\
\xc6\xfa!<3\xac\xc9B-\xd0\x11\xcf\xd9\xe9HH\
G\xaev\xedC\xf4\x89\xad$\x11\xe2\x0b$\xeci\xe4\
\xd2\xd0\xbe\x89v\xdf\xd3\x08\x90\xec\xaf\xef\x97|\x84\xae\
\xc4\xedz\xe3\xa0nW\x18;\xefE\xc1Z\xdd^\xe9\
 \x02\xa4\x88\xb5\xbc0\xb6\xb0v\xcdl\xdd\xa7\x9e\xad\
I\xc3\xce_\xfa\x13\xa6)}\xc3Vn\x16\x93\xe3~\
\xd6\x0cn\xd7\x92\x92B\x0c\xf3\xb8\x0ea\x1cAR9\
G\xb2s\xc8\xbd\x9ak\x91\x04\xa6\x22\xa7a\x067\x82\
\xd3\xe1\x827\x82\xa4\xa94\xd8\xc2B\x12\xa7\x89\xed\xdc\
\x08\x82-E\xe6kH\x12\xc6\xe3z\x19\xae\xf3\xe0\xec\
\xa9=\x1cL+\x00D\xa3,\xc2C? H|R\
kh\xd9_az\x9ac?\x88\xcf\x06B\xad\x07\x84\
Z\x02\x90\xd2\x8b\xd8\x8a\x1e\xb3\xdd\xed(g\x16li\
H\xce\xa6\xc6]\xeb\x10\xa1A\xd7\x9di'\x1f\xd9G\
o\xbc\x18\xb5\x83\x12N\xdfC`\xcb\xcc\x83D\xf4\x1e\
\xbc26\x13[@\x88\xdc\x99\xe6\xaf\xf7%N\xf7\xb7\
K\xdao\xbc\xee\x83\x94\x11\xa3<\xcal<\xab\x9b\x15\
J\xed8\xc9\xdb\x87,\x92\xd0r\x88x\x13\xea\x1eZ\
\x1d\xb0\xd0r\x9b\x80d2\xa64\x95Opu\x9b\x81\
\x9b\x89b\xc4tM>\x87\xc5\x1c&\x00\xb0\x04\x17\x0e\
\x02\x83\x0fd#5x\x8d1\x925\xf5\xe8:nD\
\x14\x84\xd0\x99\xbf\x1e\x8cg\xd5d\x12\x03\xc7\x07\x92\xfd\
x\xbe\x0eBD\x0em\xc2\x07\xbf\xf6\x22L\xfa\x16v\
\x902&\xcd\x85\x84Z\x9e\xb2{\xd1\xf8\x0eB\x80\x0c\
\x97\xf8u\xdbBAD\x86\xa5\x0f\xd1\xf2B\x1eeu\
\x96\xb3\xe7\xdaA\xac\x8f\xec\xbb\x86\x08O\x22\xf0\xe0\xfc\
\x88-W\xf0\xfasLmQ\xf6\xd7M\x90\x18;\xc3\
\x22\x12\xac\xa0\xa02v\xa7\x17\xc5Z\x7f\x11lE{\
;mfU\x0c\x89\xe9H\xf2\xb0\xab\xaf\x1b\xc5^\x06\
t$\x1e$u\x18<?\xadM\x94T<\xc9\xa4\xaa\
(\xe3\xb8\xcb8O\x12^\xe0C(W\x02|\x00\x03\
\xfdi`|\x8c\xefh\xae\x9f\xd0\xae\xd5\xc6\xcb\xaeu\
o\xac\xb4\x0b\xa4\x94\x09\xbd\x8b\xa4=r+i\x84\xb7\
\xef\x17j\xd5\xcc\xdd\x0f\xab\x1f\xba\xa1\x11\xe7Ih\xc4\
\x89\xfa\xe9\x83J\xda\xe2\x11j\xb1\x82H\xad_\x9f\xd4\
2\xc6\xceX\x0b\x9dZg\xf9\xe2i[\x858\x22L\
\xb8.\x94\x99_N\x8f0\xd2\x92S\xc7\x10#\x1f\x91\
\xafc\xf7\xf4\x1f\xefit\xfbG\x0e\xbd.\x0a\x15\xe8\
\x98\xda*\xc4\xe3IH\xbaB\x8dRJD\xb7A\xef\
\xb0.\xbb\xe31@B\x90p\x84\xc4\x82\xad\x87 \xfd\
(\xe3\x0f\xab\xa5&\x80\x8f\x19u\x0d\x19n\xf9\x9e-\
\x1a\xf8j\xf9\xaeZ7\x837\xe9%\xc12i\x0d\xb7\
\xc6\x95\xa9\xca\xbbr\xa27\xa1\xed\x0a\x10\x8c\xa5\xbf\x9a\
\x1b\xc9\x00\xe2\x01\xc3{|\xa1\x0a\x5c{\xf5\xa8\xd7h\
\xdcc\xcd\x19\xab\xceP{XT\x91\x8b\xfc\xdc\x0a\xd7\
\xa5\x8d\x867\x83i=.\xcd\xb2Z.\xa1\xe5\x1c\x09\
\xc4\xb4@\xf1(\xd5t0\xaf\xabz\x9a\x09\xa2\xc8\xe9\
\xdd\x08\x10\x92\x13\xf6+\x9f\xf9\xf52\x8drR\xe5\xd7\
i\x98\xe69- \x84*t\xb9#q\xfaZ\x18\xb1\
\xfa\x83\xedZ\xa8!b\x9e\xddCD1\x02\x80\xf8\xf4\
/t\x1a\xd9\x1e\xef\x9b\xe3\xd1\xb5\xe5\xf5\xb5.\x0c \
\x14\x8fO0Q\xcaw\xc3\xce_\x9b!\x91i\xc4e\
R@K\xd2\x0f\xbce\xec}h\x8ed\xe88\x09\xb3\
\xbf\xde\xeae\xec\x98O!\x0c\x12\xa6M\xa8\x01\x92\xd9\
\x8c\xf4}\xa7-\x06\x9fm\xfd\xec\x93\x0a1$\x80D\
\x03\x12HOx#!\x01#\x91%Y\xda\xfa\xa5\x1e\
\xe2i\xcd\xb5V\xa5\xf0/Zy\x95\xfc\xc4\x8c\xf5\xbc\
\x92\x9f`\xab\xc8%\x1d*G\x83\xaa\x9ex\x84\xe0F\
?\xd2\xede\x04\x11\x01]\xcf\xec\xe4c\xea\xd5jn\
\x0a7b\x9a\xf1\xe5\x14\x22\x0b\x88\xd1\xdc\x82\x1e\x86Z\
r\x83\x0bIL\x84\x96ia\x03\x22~9\xfbV\x18\
\x85Z\xa6\xd2\xf7\x1b1\x22~$ad\x1f\x8e\xa4\xab\
A\xd7!\xed=*\x8d\xec\x8f\xa7\x08\x1d{\x7f\xd1 \
?B\xf2\xb7\x7fqh\xb1[\xf7\xd2m\xeaq\x8e\xe4\
\xed\xa6\xa9\xabj.Zt\xf1\x00+Y\x1dg5\x12\
J@\x94\xa3\x88\x05U5G\x02\xab&\x83[\xf1$\
\xd6\xde\xfe>\xd4\xd5\xa4\xc2d\xdf.\xc5\x14\xfb\xecb\
\xa2>\x00/\xedU\x93\xd1\x11\x1cbY\xc1\xa4p\x22\
\x80\xd2\xb8\x01\xc6\xc0\xdaAD\xe4\x1e\xd6\xc2\x97`\xaa\
\xf0i\xbb\x88d\xb0X\xca\xb0\x08G\x167\xef\x94\x8a\
8\x9b\x90\x8b\xe0\x9eC\xba\xa7D\x095f\xc4\xa5X\
q\xa4\x9a\xe5\x13\x88\x85&\x8a\xa2\xe4\xda\xa5\xb5\x10h\
9\xca^\xca4\x82\xae\xcb\x85K\x15\xe8HN4\xa5\
Ey-\xd0\xf5C\x05\x88\xcd\xb3+g\xdf#Fl\
\xff\x08\xfb\xb5\xc4\xc0G\xf4\xe8Y\x8a\xf8Q\xe3\xc3#\
rv\xd3\x8f\xa7\x1b\x89\x07\xfbQ\xba\xbbCU%\xb9\
\xdb\x1d\xef\x92\xbfhGI\xd2\x0f\xe3\xd9x^}P\
|\xacp\x11K@\xa1\x04\x04\xe3-WDd\xa4E\
\x98\xa4\xb4\xe9#\xc6\xd2\x95\xb8\x0f\x14$y\xa7|\xbf\
\xd0\xa9\xe6\x7f\xef\x9e,\xb7\xf5\xf8\x95\x94\xddqu\xb9\
\x98o!V\x80\x9f\xf0\x0aB\xb2n\xad>B\x09a\
3\x84\x84*i*E\xfe64\x83\x07N\xc0\xb7O\
/\x830\x93\xba\xa17v42\xd0b\xab\x16[\x19\
\xe9EN\xec\xb9U\xed\xb9\xe5\xb4\xd3\x16\x7fWd\xb5\
\xbc$\xb6\x9c}\xb1\x96\xaf\xb1\x03#\xa7%g\xd7\x18\
\xbe\x1bj}\xa4h\xbc\xd3|\xd8\x1bF\xb2\xbc\x96\x90\
\x0cj\x07A\x12\x9b\xba(\x80pQj\x07H\xc0F\
\x8e\x87`\xed\x96\xfb\x95\x83\x18\xd99\xd1N>\xe2\xba\
\x1a\xb3hK&\xadV\xb3q=[\xad\x00\x8e#S\
3g\x83\xe3\x09\xb8{>jEC\xd6\xd7\xe1\xa4\x1a\
\x0f\xde\xaf\x1f\xc5\x91 \xd4\x0f\x03\x09\xb78rE5\
\x88\xae\xd5\xf3:\xe5\x7f\x81\x92u\x18/\xe6f@\x05\
B/\x82\xc6\xce\xed\xb7\xc9\x02xX\x0b\x97\xe0\x16\xed\
\xb6\xae\xafQ1\xf2\x18\x01}O\x9a\xbf\x8eB\x16M\
\xed\xd9\xba~L\x80\xe0\x1e|\xc4+\xce\x81\x8f\x0c\x81\
\x10Hag\xd3UD\x09\xdd\x88#\xedn\xb1\x029\
;\xfdH\x0e\x91!\xdbP\xfc\xd2i16\xa1D\xc5\
_\xbcQw\xf2Z\xd1\xf66\x87\xf8_\xc6ZGN\
\x83\xceQv\xb5C\xaeVP\x80\xa0\x16\x9aZ\x7f3\
\x80\x0c\x87DH\xde\x1b\xef1\xe2E\x1f\xfc\x06\xea\xdb\
\xcc\x91\xdc'\x0d\xa1\xa9\x12\x92#\xf3#.\xd4\xda\xcd\
\xda\x8d\xb52\x11Z)H\xc2\xbb\xf6\x09\x9cD\xc2\xad\
\x10tO\xb3\xd3\x9cv\x86\xcf/\x9aS\x14\x11\xe5\xee\
>,b\xba+\x1a\x01\xc1+\xa0A\x90\x98#\x99\x85\
M\xbe\xb3\x1d\xb6\xce\xa4\xb5h\x98E\xd4\x0c\xf1 \xc8\
]\xfc@\x17\x9eD\x88L|\xa4\xc5\xc2\xa9g\xed^\
\x9b\x11\x5cni\xa1\x96\xfa\x93\x03\xf9A'n\xba\x8a\
ev\xebE!J`\xbe\x15\xc5\xc6\xd9\xe5\xc6\xdc\xaf\
0WE\x08\xe8\x08u\x1a\xf3\x1a\xbb\x91\xf6\x03#\xed\
\xc6G\x9cv\xd0\x1ed\x1a\xb1\x0f1\x9a\xf54\xc2:\
\xe3#0T\xda1\xd0n\x99_n|\x13C\x9c\xd5\
\xa7\xf7K\xceN?r\xb9#\xfbKG\xd2Lg\xd5\
L'\xad\x98s9A\xa8\x15\x8f-_'H:\xf8\
\xa0U\xb8\x8de2)\x0cZ\xe9)\xdf\x8e]\x85P\
\x8d\xb9\xf1\xcaG[>\xea\x0a_\x1e\xd7\x80\x89J\x8c\
\xce3\x03\x83\xf7T\x04\x9f2'#c$\x90\x90\xe0\
\x8e\xf6\x9e\xd6x\xd8\x06\x10z~\xf7\xf2\x04w\x93\x1a\
\xe1W\xe2\x01\xe5\xdc\xc5H\x88\x90\xb3HD\x5c\x17\xca\
\xa9\xba\x91\xe5\xd0\xc8H<O\x9a\xa5\x84Z\xcd5\x8a\
#\xec\xfa\xfd\xcd\xbeP\x12\x92\xaep|\xa1C7r\
R\xa6yn\x8b\xa9\xad#\x94H\xb2\x12\x22l\xdb\xaf\
\x95r\xbf\xff\xdd\xcb\x8e\x1e\xaf\x89\xdd\xd5\xc3\xfeHu\
-5\xbfZ\xf7\x84 1\x1bQ\x13{\xc7Z\xc4\x1c\
%d\xec\x99VcI\xda\x1f\xde\xae\x9aYU\xcdV\
\xa0\x22G\xd6\x03LO\xa2}F\x08\x1c&z\xf8:\
\xa2CJ% \x99)H\xa0$\xf2\xd8\xbe\x03Hl\
\xcc\xcf\xdc\x863*\x09a\xe2\xea\x22,f\x8e\xb5\x13\
\x09\xe9\x1e\xb4\xc4b\xb1\xf4`\x1a\xb6\xac\xa6\xe5\x84n\
f-\xeb\xec\xc9P\x8a\xdf\x08D\xd6\xc8\x7f\xfd\x1cL\
g@\xbf\x03\x0a\x98\x18\x9c\xc8y\xeeH\x08\x93!\x9d\
I\x11k\xbd\x97\xe2\xc8\x18\x8c\xdd\x8d\xe9\xc2\x8d \xaf\
E\x94\xf8m\x88D\x88\x07\x09G\xac\x8av\xad\x8e,\
6[\x1a9\x89\xd8\xb7\xebM\xec\xcf\xefg\xef\xeak\
\x11#X\xcd\xa3F\x90XN\x8bd\xc4\x8b>\x18F\
\xca9D$\xb5\xb8:\xd4l\xd7\x98\x15\x1d\x89\x8e\xec\
F\xaf\xbf<\xd6\x0a\x09]\xc9\x89*7\x1a<\xcc\xce\
2\x80t\x0b\x89\x84\xcc,\x85[bIm\xf1y\xd0\
$\x90\x18LHLh\xb6\xe4*\xbc\x22\xfd+z\x0f\
\x0c\xb6p\xa3\xc3\x00g\xa7[\xc1\xe3\xc4\xda_\x10\xad\
\xad\xd1\xbdK\xb2\xce\xe1t\x88e\x89\x18\x90\xf6>\xb6\
VH\x11\x88Lj@D\xae\x17\xf1r\xb1\xfd\x01\xcf\
\xe5\x92`r\x96\xa0r&ndr\x9a\x94\x1e\xe2I\
Nr\x12\x8f2\xab\xb5\xfa\x98\x18\xfbH \x02\xb1\x87\
\xfb\x9c\xb3\xc7\xd3\xc9k\xd1\x1c#\xc9\xb7N\xc3l[\
(0\x02A\xd3|O\x0f\x17\xbd\x91\xb7\x93\x92\xd0\x8f\
\x80\xb3\x0bF\xfe\xb4\xbeV\x1ek\x1d\xd1\x8f\xc0\x89\xf4\
WG\xac]\x8bkC-\xd8*T\xe3I\xd8\xfb\xa7\
u)\x8c\xe26Y\xd1\x8f\x98#\x81>J]\x1f\xc8\
,\xa2\xb2v9)\xb5\x85\xc4\xd6\xd0\x8d\x918\xc6\x9e\
.>\xde\x1a\xd7M\xe0zC!\xbf\xcbzRu\xda\
\xe4\xe1O\xbc#\x09\xa6E\xba~\x92\xdd\xe9@\x09\x09\
;\x80\x00\xa0\x107rKv\xdfL\x9e\xd0a\xb2\x01\
8\x98\xf9\xa5\x1b\xd1S\x8c\x03'\xd8\xe8\xf3s0\xae\
\xb7\xe8\xb8\x00N\xc6j\xe7\x0a\x0f\x0eY\x9d\x99\x1bI\
\x9b%\x09\x11\xd4a\x87@\x88\xdc\x9a\x89\xe8\xa1@\x09\
\xbb\xc8\xfczq\xad\x9b~>B}\xads?bE\
Ql\x94\xda9\xce\x8e\xe6\xf8\xed@{2C\x88S\
\xc5v\x18\xd9\x83\x1f\xf1\xdaA\x04I\x07%\x94\x8c\x97\
\x1b\xc7\x10Q\x1eq\xda(\xddV\x14\xdf\xaeu\xe9X\
\xfb\xeehKY\xfb\x83\x95H\xac\x88h\xfe\x04\x9c\x84\
rt\xbeF\x82P\xc3\xe5\xb4\xcc\xeaf\xd0>Z5\
\xf1\xe9\xdb\xbb\xa9\x80\x84\x82\x0a\xbb\x1b\x81\xa3#\xf9\xfe\
\xb4\xed\x91\x97\x19\xab9@\x02\x032\x5c\xa2\xcb}\xa1\
\x0a-\xd4\xb4[\xc6Y\xddA]1\xb9n\x14\x1e\x5c\
\x9cH\x88\x8ca\x17\xf1\x80\x81\xab;\x80\xc8Y\xe0\xc3\
T\xe7\xa6\xac\xcd\x1e73\xe8\xa1\x98\x1f\xb9\xa7\x17I\
\x09\xfa\x82\x8etw\xear\x07\xc9\xa5U\xda\x0b:\x22\
\xe7\xc8*$\x88\xb6\x9c(\xb6\x87\x08\x9dH\xb9\x9f}\
_\xfbG\xca]o\xb9rPW\xa5\x11\xc6\xe9\x11\x93\
\x0er\xdbG\xd8\x87B\x8c\xb04\x92O\xb4\xbb\x0d$\
0VHn=k\xaf\x0e\x22\x19\xd1\x02\xa2\xc9m\xa9\
6\x0aV\xcb\xc4s\xe4\x1c\x09q\xc2\xe4o\x01\x93\x89\
,\x9em!q\x12\xaf\x1a\xba\xc0\x8f\xe4\x00\xe9\xea\x9d\
\xd6\x91MP\xb1\x01\xb5\xf6x.H8\x1cG\xe7\x17\
\x98\xff\x0d\x9f5\x5c\x13\xd6N%z\x02D\x0c~\x04\
\x18Ys\x9d\xfb\xd3\x8f\xc8E\xb6\x19\xad\xf2\xee\x5c\x7f\
\xe232\xf6\x9c\xb4\xcbM\xce\x91\xc2d\x14/\xa9#\
\xc58\xfbj*nDU~I\xd8{\xa6\x10}k\
<\xd7\xbdu\x17\x87\xe6b\xbf\x08\xb7\xc0\xd9\xe9F\xe2\
\xed\xc8tQ`\xa5\x9a\xa9U\x113\x8c\xecy~\xe4\
h\xd7\xfc\x083\xbf\x0e\x220\x8b\xb5,\xa9\x95n\xd6\
\x8aB\x88\xf4Qv\xd9\x90\xaf\x87s#L\xff\xd2\x91\
\xdc6\xd2\x8f\x12\xf5Q\x8eQE<\x16\xb4(N0\
\xb6\xeb\xd5\xb1\x09\x13\xce\x22\xf6\x9ad\xb7P'\x11{\
\xbc\x1fT\xd5\xd8\xb6\xc1\xf1H\x17\x9a\xaam\xfdP|\
\xc8\xf1\x15\x8c\x04F\x94\xc0\x18f\x15\x9fm\x9aG\xc3\
\x08\xd1Ac\xa4E\xd6n\x9b\x19\xbe\x89\xc4\x9cZu\
\x81\x0b\x11\x227\xb8\xd1\xb31\x1c\xc9\x99\xfa\x91\xd1\xc4\
\xd5G\xa6\x99\x17\x91g\xb6\x91\xa5#\x92\xf8%D\xf2\
\x01+\xc2\xc4/\x9evt\xe42k\xfduJ\xa6P\
\xd7RMl7>\x22\xe6\x05\x7f\xdd\xe6\xe9\xde\xfd\xec\
{\xc4\xc81B-\x8f\x92b\xc4\x8a\x0d\x8d\x5c\xae\x90\
K\x07\x91\x91\x8cv\xd3\x91\x1d\xad(\xd7\x85\xc6V'\
\xd8\x8a\x12\xf2\x91@\x8e\x0fPj\x87\x01%C\xba\x12\
\x05\xca$]\x9c\x8d}\x0e\x98\xd4\xbd\x0e!\x81\x04#\
\xe1'a\xbb\xa3\x9aKJ\xe8Fh\xb2\xad1`\xf1\
\xa7\x14+\xc2t\xe1\x83-B\xa5D\x0c\xe3.\xd5\xfe\
\xc5\x14\xc9#\x0e\xe7GZ\xda\xa6\xe52\x86\xc4\x9ef\
\x93\x94\xa3#J\x18i\x9d3\xad%\xb7-J\xa6\xc8\
k\x9da/\x8f0v?\x5c\x95d\xb5\xaa\xba\xb9b\
W<\xdd\x08'u\x8b\xe1\x11\xb9\xb1\xd4\x0e\x11:?\
\xcfN7\x82\xd7\x09\xfb\x1a\x0b\x88\xa4\x13\x9c\x9d\x10\xd1\
\xbeFrvb\xe4\x7f\xf7\xa4\xaf\xe5\xea#@\x09\xfa\
\x8e\x19j\xb9`K\xc2DF[\xcclu:\xe3\xf3\
\xcc\x96\xdb\xf5\xd6\x95jd\xe3\xef\xad\x82\xc49\x92\xeb\
\xa6\xaeT\xfb!\xf1\x11x\x12y\xcf\x9bJ\xf0,\x95\
\xf6!\xf8\xc8)\xf3\xbf\xae\xf7\xd7!\x84\x0f\xea\x10\xd9\
\xb7\xbe \xb5LRW@I\xde\xbf\xc5..\x82$\
|\x83Ru\xc4\xca[X(MQ\xa0\xc0\xab\xfc\xc6\
f\xf7\xc1\x94\xb6P\x1dq\xc3\xba\xe8\x96\x01!A\xe1\
0\xf1\xa0V\xaa\xeb\x99U\x9d\xbc]Y\x18A'\xca\
i\xc2\x06[@\x81\x8c!\xbd\xc8\xb1t\xc5\x8f5\xf1\
K?\xe25Q\xe8F\xdc@\xbb\x1a&H.\xfb\xa6\
\x10\x93\x1b\xc1\xd6P\x82D\x19.\xf9\x08\x8c9-\xc7\
HRo|\xac9\xeeK_\x8b5D\xce!\xc2\xe4\
\x9f/\x1b\xe39\xd2\x9eu\xfd\x1amW\xc3\x8f+\xd5\
\xd3\xbe\xfa\x08\xf7\xea\x82\xb4\xb3>B\x90\xec*\x91H\
\xfaw\x9c:\xe4#F\x84\x94\x1c\xe5k{@I\x9c\
\x8e\xd0/\xdbQ\xfc\x0b\xaa\x1e||z\xb45\xa0\xed\
\xa0\x99M\x80\x11\xe2\xc4\xc5[\x82\x1c\x8c\xb6c\xaac\
\x1d&\x0b\xcc\x97\xc8\xf9{\x9b\xc9!ZD\xe9\xef\xa0\
\xfc\x9c\xd7\xfaM\x06\x98\xe0\xdf\x02DP\x17\x91\xc3y\
G7\x89\x08;U\xba~\x8a\xdb\xf4D\x9d/tK\
O\xe0C\xd2\x9a\xd0j<\x8b\xc3U\x9f\x88\x90\xa2\xa1\
\xd1\xdc\x08S\xbf\xdd\xd5\x0ad#\x80\x88WE\x89F\
\xce^8\x12\xd0\x91\xc3l\xc8\xaa\xa3\x1d\xc4\x1a\x220\
\xf2\xaf=\xe8ku\xfd\x88\xcflQ5\x1eV\x0c!\
R\xceT\xe7G4\xad\xc5]V\xf1\xa4\xf9R\xbb+\
\xb4\x13!\xc4\xc8m\x96\xfe\x1d)#Y-\xf5\x88&\
\xdc\x1d\x04\x13\xc3\x88E\xad}\xe2p\xc2N\xf1\x9e\x92\
{U\x0f\xae\x0d$\xed\xd3W\xe1\xedt$bY\xff\
\x96^\xf5\x818\x12\xd5O\xd4\x86\x14\x94N\xfe\xb9\x09\
\xa9yE\xb1\x9e\xa9_\x82\xc4\x95\xda1\xd3\x95\xd4Q\
\x06\xa1F&\x0bH\xb9\xc0\xc3\xf1\xb9FZ\xe7\xc6\xc5\
\xce\x93\x1b9\xb5~F\x93\x0b\xd2\x08U)\xdd\x89:\
\x11I\xac\x7f\x18\xcf\xban\x84\x03V@HW\xa6\x91\
\xae\xa4\xcb\xd8YA\x04a\x97WI\xa1c\x0a\x84\x1c\
\xf5\xe6\xb5\xdcB\xc4x\x22\xd6:fO\xe3\x1f\xdc;\
]\xccX\x9d\xa27\xfeCn\x9cB\xecr\xf6L\xa8\
\xd1i\x99jc\x816\xe2x\x88\x18\x1fa\x11QX\
\xfb\x95k\xfc-Y;\xd6\xbe\xd9\xe27\x15\x11R\x98\
\xa4_\xa6V\x12\xc1I\x86\xa8\x91\x10 %D\xe2\xa5\
\xc7*m\xe0\xaa\xa2\x12\x84m\x93~\xba\x1f\xcc*\x05\
\x09\xd7\x9f\xcf<5\x91#m\x12\xdd\xb6Z\xb5i\xe7\
\xad\xfa\x87\x7fb3\x0d\xb6\x9a\x0b\xe4s\x15\x1aN<\
\x08%vS`\xb4\x11\xe1\x03@\x84\x85\xc3N\x0f\x0a\
\xee\x0a\x85_\x14\xd9G)\xca\x1a\x09J4unv\
t\x8cm\xd3\x8d*\xcf=\x00\x22,\xb3\xf7L\xea\xe6\
 A\xbe\xb2lEq\x12t\xf1\x14\x90X\xa4\xa5\x05\
D\xa6~\xbb\xb1\x96\x07IO\x0dq\x1f\xbd\xf1\xaa\x1d\
\x84\xdex\x87\x10\x18\xdb~\xbb\xfaZl\xfc-\x9bQ\
F\xd0}p\x08!JXEt\xbbu\x89\x92\xdbd\
\xf9\xa8\xd5j\xa9\x8edu$\x9c\xe4\xd8:\x7f\xb5\xd6\
\xceb\xe2t\x14\x0f\xc8\x9az\x980\xd6\xea\x1br\x17\
%7\xd8\xd3\xc7P\xcbL/\x03.\xd7\x0e\x8c\xa9w\
q$\xdf#F\xf0\xee>E\x1d\x91\x8b\xabw\xc3C\
\xce\xf4m\x8b:\xac\x05f\x02\x92\x1e\xcd E\x07\x0c\
a\x9d\x16Fj\xbaBg\x13\xf63\x82\x8a\xc8\x0d\xe0\
\x10B\x22\xcf\x90\xe6{G\xe8\xf7\x8d\x87\x15\x9d\x8e\x9a\
\xf1L:>\xe9F\xee\xcc\x91\xb0>b#Vj,\
\x8f\x14\x8b\xac\xe4F\x8c\xb08\x82P\xab\x94\x0d\xf2\xb2\
\xf1P\x19!_'D\xf2\xbe_\xf2\x91\xbf\xf7\xa0\xaf\
E?\xe2\x08I\x99\xd5\x92S\x07\x8bAG\x12>`\
\x96\xfd=\xd1\xa6F\xc8]\x9c\xf9%=]\xf1\xa0+\
\x96G|\xf2\xb7\xeck\x94Q\xab\x87F\x1d\x89\x8d\x90\
\x00(\x908E\xd3\x16\xcd\x01\x04\xc5f\x8b\xd5\xbd\xc9\
&\xc1\xcdc\xabc\xafi@\xa3\x9eXv\xcbN\xef\
Hj:\x129_\x06XyE\xe3\xe3\xee\xa7@\xef\
\x17!\xa2S\xfe\x02\xf6l\xa9=zN\xb2\xde\xeaz\
\xc9\xecze\xf5\x90\x8b\xca%\xb4\xe4\x86F\x14\x0d\xb4\
\x80\x94S7\x828T_2,&G\xe0F\xea\xe6\
T\xd9\xc8C\xd1\xf3k\x13Vf\x1c 1Ul\xb8\
\x91N\xc7V\xb9W\x17\x1d\x8d,\x8f\x80\xb43\xd6r\
\xc3\xba\x18\xd7\xcd\xb4LS^\xeb\x98\x18\xd9\xd3<\xfb\
(\x05O\x1f\x1c\x1fa\xa8\xb5\xa3\x8aH7b\xcd(\
0v\xa3\xc0\x00\x92\xd2\x89\xd8~\xf6r\xbf\x82+\x91\
xG2\xab?\xa2<\x92\x90\x822\xa2\xdeM\xe1M\
Xi\x97[i\xc4G\x97\xba\xcf\xc2\xe0Q@\xa2s\
}_D\x84\xa7t#\xbc\xcf7\xa3\xcf\xf5\x15\x0e\xe9\
\x87fQ\xcf\xe1B\x88\x06>\x9c\xf1\xc1\x0cW\xe9i\
\x99`dw\xdb\xac\x05\x98\xd0\x93\xc8\x09\x0d:\xf5$\
/\x83i]\xf4\x0c\x5c\xe0\x11\x09\xc9\x04]Z\x13\xcb\
\xfa\x1a<\xceP;D\xe9\xd5\x9eF8\xe7\x83\xf1\xac\
\x22\x1b!g'e\xf7\xeaZt$\xae\xcan\xecS\
\x11\xe2b-4\xa2p\x8d\x15Hn_u\xc4\xd2Z\
\xf10\x8c\x08\x84\xf6Y\x1fa\xee\xd7\xd5\xd9\xf5\x10|\
h\xa8\xa5\x07d\x8e\xb2\x19D\xd5\xd7r\x8a\x0f\xa3h\
\x9d\x09+\xd3\xc5\xe8\xb4\xc6S\x85\xae\xe4\xec>\xb3\x95\
\x94\xb6j\x915\xfd\xa0ND\xd9\xe5J~\xbb\xd8 \
z\xa2E\x12\x94\xdaGlG!>H\xdd\xfb\xc2\x94\
:\x8c\x9e0\x02(\xa2r\xa1\x1e[\x06\xd8\xc9\xca\xc3\
\x8f$\xb0\xcc\x1b\xd1\xc8Fs\xc8\xa7\xc8\xda\xd5\x88\x0f\
\x5c\xbc[!`\xa0\xfd\xa0\x9dX\xf9\x927\x9f\xd9z\
\xa2t\xf6\xa0\xb96/\xd2\xeb\x16\xc7\xe7h\xf8=\x8b\
\x17\xa0D\xa8\xba\x01e$\xa7\xd6F\xe0G\x90\xf6=\
^\xadf\xe2F\x84\x8d\xc0\x8f\x00\x22,!j\x82\xde\
P\xc2:;C-f\x7f\xdd,\x22+\x88h\xd7\x92\
\x97\xce\xf1\x10\xf3#je\xb0u\x08#F\xe4\x15\x0a\
\xce\x0e\x8c\xec\xb5>rf\xfdZb\x04\x0a\xe3-X\
\xb1\x11\x11?ED\x09\x1d\x89\xf1\x11\x0e\xebfN\x84\
\x0d[\x1e'\xe4\xec>\xf9[\x88?\xbc\xa9\xf8\xc3\x81\
8\x90,\xe0Z\x02&\x94\x92\x1fe\xb1\x96g$\xfd\
\xb1\x16\x00S\x8b\x8a\x82)\x94\x840\x1b\x13%\xb6\xbf\
\x96a\x17P2\x1b<s\xd9n\x18\xc39$\x04\xe4\
\x001.O\xcf\x82S2[T!Zs\xac=o\
k\xd49]\xa8L\xc8\xff\xadr\x8d\xf0\x95\xb1vt\
\xfbR{\x0eN\xe4T.\xa8\x8f\xc0\xdc\xf0\xa1z\xe7\
\xf7\xe3\xf9\xb8\x82\x1baV\xcb\xacP\x0er\x03$n\
\xa4\xdd\xc6\x10\x9d\xbe\x16\x1c\x89W| :\xfa\xf4\xb0\
a\xeaD\x18k\x81\xb3\xefO\xef\x97\x9c='$\x0a\
S\x8e\x90\x80\xb7#(\x94\xff>s[\xd1\x9cP\xa3\
\x22\x84\xa5\xf6\x8e3a\xb4\xe5w\x90\xdc\xc8\xb9\xd3\x91\
<$G2\xfd\x90\xe0\x01\x9c\xc4{\x84\xd1\xd0\xbfq\
3\xbb\x13\xeam\xe1u\xd3\xdf\xb9U\x81\xb7\x7f\xd9\xbe\
\x95\xb7O\xad\x14\xb1\x89\x11\xc2\xc2\xe2,\xa5$\xf3\xa6\
\x81\xaeid2\xc2\xda\xa3\x91\xb4\xe34D\xd8\xe7\xe5\
\x01>\xbfhn\x9e\x14\x01\x02\x0bBD\x0d\x10i\x1f\
\x01\xa3hw\x83\x19\xe3\xaa^Cz\xc2\x8b\xa1L\x80\
\x10u \xf2|)\x95\x03H\xd23\xfb!\xb2\x91q\
\xdd\x9c+\x1b!D \x1b\x04\xdb!\xf5\xab\xb1\x81o\
\xfau\xa3#h\x8cG\xe2W.T\xd7\xb2!\xc4\xc3\
#\x1b\x1d\xe9\xd9>\x92\xc5Z\xdc\x87\xa8 \xf9S@\
)0r\xc8=V\xdd\xa6-OH\x14\x1e\xf1\xc6\xb6\
F9\xb2\x8do\xda\xd0y\xe6H\x89\xbe\x8f\x5c\xb8Q\
\xc4\xbeUV\xc0\x08+$\xeaH~\x8a\x8a\x10V\x88\
\xae\x9c\x8c\xd01\x123\x86\x10Z\x9f\xf8\xafw%U\
\xd9\x03\xbc\xd6\x17\xa9\xd2b`\x04F|\xe4\xfcd\xf0\
\xf2\xb4\xddh\xf86Xp\xa3;=\x09\xc1\x81\x0f\xe1\
H\xb0\xf7}\x12@\xfa)g\x1a/e\xac\x05&\x22\
\xb77\xe9\xf5\x15'\xa2\x17g\xe7\xb9`\x90^\xcfX\
@\x94\x93N\xc4\xd8\x08\xdc\x88<\x9f\x99\x1b\xb9\xcf\xd8\
\xc8\x8e\xbc\x96\x1c^\x0f\x1b\xa6 9\x97\xc31v+\
!\x16c\x88\xc5\xe8\x08%\xe3]\xd7\xefG\xa7\xf9\xc0\
\xbc\xd6\x9f_=-}\xbf>\xd6\xf2\x03\xed&\xd3h\
\xb5\xf6\x5c\x16;\xd3Fq\xbb\xac\xdc\x0c\x89k\x8fG\
\x81\x84\xe9\xdfB\xce\x94\x94\x9d~\x04\xc1\x960\x12)\
\xb6+m\xd7k\xba\xa9M\xfbEM\x09\x13\x8a>\xb8\
z\xbb\x15\xaag\xe1\xbd\xb4\x95`\x06v\x15f\x09#\
\x15\xc0\xe0 \x82\xa2I\xb5\x88<\x06\xc2W\x22\xd8\x08\
\x1fA\xe2\x8e{<R\x84\x00B\xb8\xca\x9e\x85\xf5\x93\
I\xc7S=\x1e\x96\xf8z4hq\x0dV\xb3\x9e\x10\
\x8b`\x99\x80\x90d\x03ff\xe0\x22\x08IO\x0a\xad\
\xa0$\xce\xff1\xb9\x91\xd5\x05\xd8\x081\xb2\xa3\x86\xc8\
X\xeb:\xefg\x14\xeb\x08b\xc3\xa0\x1c\xd4\x8d\xb5`\
\x10\x15AJ+^Q\x1d9`\x95=\xab\xb3\x0fY\
\x1f\x01\x91\xf8\xd3\xb1\xd6\xe0\xec\xd0\xb4\x83\x5c\x83\xbc\x9b\
\xd7-\x94\x1a\xa3\xa5\xab\xebF\xa1\xc8\x96A\x84\xa6\x08\
\xa1\xc4\x96\x83H\xb9\x81\xba\xd3\xd8h-\xf2\xd2\xfe\xbb\
\x92C.\xb6\xba\x1d\x97io\x03pw\x1f\x89C\x09\
\xaeRJ\xfc\xebqm\x1a\xba\xa1Q\x90\xc0f|\xc0\
\x9b\xf4Z\x86\x8d\xd5\x11o\xc3\xa2\xe6n8\xe7S\xe0\
Pp\xb1o\x93`\x0b\xe1\x1a|H\xd1\x93BA\x14\
=\xdf\x09t=.h\x13\xaf\x16?Fu\xc4@\xa2\
\x86\x01g\xb3\x95\x9eR\x1b\xf1lD\xce\x82\xb3\xb3\xa3\
\xd1\xdc\x08\x1dIw\xc4\xaaD\x88u\xa2d\x00\x19\x22\
\xa7\x85\xe9\xaa\x82\x8e\x00\x22\x07zb9\xbba\xc4\xb4\
\x83\xfetZ+\xdb\xab{&\x88\xcdg\xac@\x88\xe0\
\xd6\x04\xbe6e%\xb6\x9d\xa0\x84\x96\xa9CH\x0a3\
\x95\x8c\xf4f\xb6\xa0\x92l\x00!D|\x0d\x91\xb9_\
c$o\xf7A\xe2\xff\xaaa\xb3\x96-JTY\x0f\
\x14\x8f\xfbC-GFh\x9c\x04\x17\x0d\xdd\xd7'\xd4\
(\xa4\xf5\x5cI;QB\xceN\x98T\xf3p\xaf\x5c\
:^\x9f\xc3\x16\x18\xd1\xe4\xaa\xf7`\xe7\x9e\x99\xc4\x07\
\x08\xb6\xac\xdf]\xe1\x09\x90\x96\x10Q\x1c\xdd\x0e\xe8E\
\x8c\x94\xf0\x9e\xbd(\xd8bu\x86\xa6x\x1bcG\x99\
uD%lnb\xd5\xda\x88\xb8\x11C\x08\xe4\xe2\xcd\
\x970\xf7\xebe\x1a\xd9\xf8\x9b\x8c\xad(P\xfcu\xab\
\xd9\x8d\xb4\xdb\x967\xcd\x96\x82\x90`\xcd\x9b\x97|8\
\xf0\xba(\xc0\xc8>\xf7\xb3\x9f\xa6\x17<\x9c\x88k\xd9\
*F\xdaQG\xb4\x95\x88\x9c\xd8u\xb4]\xf7n\x8b\
e\x10q\xba\x0f\xf9(\x22\xbc\x08\xfc\x08\x0c\xb1V\x16\
m}J\xa9\xad\xb4\x8d\xe4\xa3\xa9\xd1q\xddn\xb4\x13\
kj\x1c\xb9)\x12\x18\xf1\xd1A\x09\x95\x80\x03\x94D\
%\xdaz\xafm\xf2]WB\x84\xa4\x09\xc9\xb0\xde\x0e\
u\xa4\x85\x9e}\xbbFq'\xf7\x80L>\xd1\x08\x8d\
m\x0d\xf4\xa8C\x875\xa0i\xa5.f\x82_\x84\x8c\
\xec4\x05\x07H\x097 \xc2\x8f\xc8\x8dc\xec\x82\x8d\
\xa1i\x05\xa9T\xc0\xaa\xa9\xcc\x8d\x08\x1d\xf9\xd9\x0d\xb6\
\x8c\xb4\xdf\xba\x9eF\xd2\x11\xceX)>J\xa5F\x88\
\x1dX\x95\x1d\xe5\x91\x84\x8fR\xedAn0\xc2\xa3\xc0\
\x08\xeb\xec\x02\x91\xbd\xf5\xa2\x1cY\xac\xf5\xa1\xb7\xd6\x0e\
S4\xc3\x03\x82\x8e8\xe9\x07\xeb\xd8B\xac\xd5'\x1e\
\xa4\x07\x22-\xd6\x11\xfdH\xbb\x1e\x80\x08\x83\xadTl\
\x9f\xa9#Ab\x0b\xc5v\xb6my\x15\xf9\xfeqD\
\x5c\xbaV\x87\x8bX\xcb\x83#i\x07\xd3\xaa\x06F`\
\xe4#\xf8\xb0\x8a \x09\xdfL\xfc\x97%\x12\x12\x13x\
\x15\xc2\x85\x8f\xe6\xd0\xd8\xbe{R3\x15\xf8\xac\x8e\xd8\
&\x04Bc(4]\x88x\xb7\xc2%\x88\x110g\
\xe4\x22\x98b\xd7F\x14\xcc\xdb\x18!\x11n\x17\x0fa\
#*\x18T\xd0\x11\x1fk\xc1v\x0b\xa3\x5c\x94\xfdZ\
\x17\x9c\x1e\x19\x15\xab\x158_\xa5f\x99\xdfx\x92\xb1\
\x9bj<);u\x1aYC\xfc\xc3\x9c\x1d\x18\xf9\xad\
v\x10\x10\xe2\x16\xb4\xc3tF_\xa7\x919\xcf\x0e.\
\xe2rZ\xfdN\xc4\x15\x111\xad\xeb\x0b$\x9a\xd9\x8a\
\x8ed)\xed\xbf\x0ba$\xc9\x81\x00$\xa8\x90\x0c\xa9\
\x8c\xdd\x0f\x11\xbf\x99\x83\xc6\x1cQ\x85\x04\xb0f\x99\x96\
\xe2H\xc4\x88\x13b\x85\x8c\xa4\x09Ok\x94\xda\xdb\xc1\
x\x0eGB\xa0\xa4\x13A\x16\x0fJ\xa3.\x96\x0d2\
[~\xf1\x08\xdc\x88\x0d\xb1\x7f\x0c7~p\x9d\x11\x16\
\xee\xf1\x03\xb2\xca~\x8e\x8e-W Q\x9c\x9c$N\
\x827\x9d\xa6\xaa\xc7\x18?DZ\x0bVpv\xbfT\
\xd7e\xb6\x8a\xf6x}OT*Z\x0a\xc7\x8fL:\
\xfe\x04\xf9\xdf\xbe!D\xc3I\xd9\x1c\xef\xfc\x08\xe5\xb5\
\xfe\xa8#q\xdaA\x88\xb4H\xd8\xdd~\xf6xZ\xc7\
\x16\x8c|dh\xca(b\xa0#=b\xbfp\xbe\xdc\
\xac{\xd5U}\x80X\xa3O\xfeJ\x87\xbc\xb4\xff\xca\
\x1cI\x8dM\x0b\xe8\xc1;\xb6\xac\xd6\xc8\xa2-'\xfd\
@\xf3y\xdf\xee\xc0U3\x88o\xe1h0\x8c\x8e\xa4\
\xae\x18n9w\xa2&\x9e-\xbc<nm\xd5,\xfc\
\xc2\x12{l\xfe\xc3\x99l\xc6\x02\x08\x9cZ\xbc\x8d\xe7\
\xca)\xd3\xf6\xb5\xcf\xf7^\xf4\xe4}\xcf\xcd\x97\x00\x1b\
\x5c\xc8>9\xa5'\x11\x8fk;\xbdWi)\xcfL\
\x9e\x80\xdb\x92\xb0\x93\x8c\xe4\x82\xd8\xdd\xcex\xad\xb4\x93\
\xb5sRW\x00\xa2\x9c4kE\x19%\xde\xce\x0a\x09\
v!R\xcc\xd4\xefV\xe8\xdb\xf5vxD\x8c\xfc\xf9\
B;\xf8\xc8(\xab\x8f\xd08\xd2\xde-\x8f$\x92\x8f\
a]\x01\xbfEZ'@H\xbeV\xd7\xc7Z\xd4\xfb\
\xe5z\x85\x82\xb3\xbby]\x92v)\x91|z\xbbH\
\x8ed\xf9Q\x80\x017\x82i\xc4x\xa0\x01i\x14\xcf\
x\xe05\xe1\xf0\xd1\x1flU\xbc\x9f\xcc\x06\xb2\x5c\x1a\
\x1b\x0e\xfeBK\x8a\x8b\xb7\xf2G\x95\xb0\xf6\x0b\xdbD\
\xf59\xcc\xdd\xe0\xbb\x8b\xbb\x1cN \xb1\xfd\xf6\x08\xeb\
\xeeA\xa4\xc8\xe9f;\xbf^\xf5\x90\xf4\xe2A\x9a\x1e\
\xb1\x8eF\x9d\x1eA^\x0b\x83\x88P\xed[\x0eA\xe6\
\xe4]\xe7c\x1d\xdd\xc8\xd4\xb9\x11v\xfd\xee\xdc\x17z\
\x95\xf7k1\xafU*\xc7\x9f\x19F\xe4H\xdd\x18\xc5\
\x8e\x1e+#r\xcf\x1bA\xd2\x91\xa0;@\x9d\x9d\xb1\
\xd6\x9f\x95\x0eB\xb0\x95\xcfX\xb9\xc4\x16\x13\xbf\xbd\xab\
\x15P\x0d\x05J\xe2!\x8e\x04\xa1Vz{\xa00\xca\
y1?\xe2\x8a\xec\x94|\x00mw\xf5\x11b\xe4g\
*\x91\xa4\xc9\xf6Y5O\xc2\xa6(\x8f\xa0\x13e\xba\
=\x9c\x01%\x8e\xb7{x0\xd6\x121\xe0\xc1\xb3\x15\
\xbc\xd7\xef\x96\xb3\xf1\xaeX\x8b\x8eD\x86\x09!\xbe\xbb\
\x0eS\x06[}0\x91\x13F\x8c4\xd7\x021N\x91\
@\xa9[0B\xf0H\x0f\x0ag\xaa\xbc\x13!J\xce\
\xac\xc8~\xae\x17\xb53\x19\x1b\x99hbK.\xa9\xd8\
>\xd505\xf9\xe4\x83\x89\xfc\xac\xcd]\x91\xd4r\xfa\
s\x82\x92\x1b\x8a\xfd:\x94x5S9\xd2/\x9d\xa4\
\x9d\x0d[\xa4\xed\xbe\x8a\xe8[\x1a=F\xf2\xdc\xef\xf0\
h\x0f5D1\xcc\xeaR;\x08\xc1\xd6\xfbR=\x08\
\x00\x91\x83\x8c\xdd\xd7\x0f\xcb\xd5\x0a#\xee\x1fQ\x90P\
\xa7q\x1b\x9a\x0aBH\xd8=!\x01H\x84\xb2\x17y\
-8\x92\xdb&u\xa4\x1f\x90\xae\x8b\x0b\xc1(\xdd0\
:\x14#$#Mj\x91\x94\x8cqz\xfd\x87\x8b*\
G\xccdR7\xe1\xd1h\xbbD7bu\xedpR\
\xd9\x83h3QHA\xee\xe9:,\xea\x12\x1d\xbc\xe1\
\x01qB\x19\x22\x90\x8eR\x80\x8e\x0d\xf1\xdb\xd1\xaf\x89\
\x03\x88\xf3 \xf0\x8f\xe7\x90|\x00'9\xd3\xcex$\
\xb6\x22V\x04!\xd0$\x13\xf7;T>\xb2\x9a\xc9\x1e\
\xd2\x95\xba\x11$\xb5\xfe2G\xa2\x18\xe9oF)\xfc\
\x08\xc5\x83\x0c\x22\xcaF\xcaUoZm\xb6\x8d\x88\xd6\
\xb0E\xb1\xdf\x12%T\xc4fO\xa3\xd4\xd9\x8f\xf6\xd5\
\xaf%|\xe4\x7f\xd8\xf7\xcbXK!\xda\x11F\xe9U\
\xfcUcy\x04\x8cd\xe7\xc6P\xd0u\xbd\xef\x9b\xb1\
\x22B`w\xd4k\x84#y[M\xa3#\x99\xc9\x1c\
\x09P\xc2\xfd\xa1\xd6^\x81\xf4\x7f\x8f\x13\xf9UWc\
\x05\x90\x8ccs\xa3\xa5_\xd7\x83f\x96\xfc\x081\xe1\
`\x22\xe0\x91\xa6\xad\x04\x91\xd4\xb7\x8e\xde\xae\x7fn\xf5\
|\x16Z@\xac\xd0E\x11\x88\xa0x\x98\xd2\x01\xf5\x04\
\xe8\xc0\x85\xcd\xf0\xb8\xc9aj\xf1g\xe8\xf8=\xb3q\
va#\x09!\xf0#\xd8\x01\x96z~W\x1fS\xde\
7<\x90\x8d\x90\xb1\x93\xb4;B\xd2\xbf\x9e=]4\
5\x83P\x8b%\x12\x8d\xc3AGXET:\xe2\x15\
\x1f\xdc@\xfb\x81\x9cN\xa7\x11\xba({\xab\x8f\x90\xb3\
\xbb)+\xe7G\xcc\x9c#as<\x8b\x88#\x0cY\
e\xe6{~\x81\x0e\xd2u?\xd2N\xcaNB\x02G\
\xf2\x90\x1c\xc9\xe4@\x09\xfb1fG\x86r\x00!L\
lI\x8b\xd2\x19q\xc2\x1atGI\x88\xf1\xcb$\xcd\
[\xb5[\xf2\xfc\xf8\x1d\x8eD\xa0@`\xd0\xf0\xa5w\
\xeb\xedT\xba\xf4\xa3\xfcs\x8c\xa0\xe1^z\x7fQ\x86\
,\xc7t\x1f\xb9.\xeb]\x98\x0b\xc6/0(B\xe3\
t\x95\xdd\x19R\xe4\xde\x08\xc9\xd94\xa1d\xa4(\x19\
jo\xe3v\x93\xf7\xc7\xa9\xb8\x91\xd5\x10l$\x9eE\
\xacE\x94\x18F\xdczv\x17m)\xe9\x04g/j\
\xed\xf0\x22&\xd3\x88\xe9\x91>q-\xe6\x7f\xb7F\xce\
\xee\xf4\xb5\xf6R\x1f\xf1y-0\x12\x8f\x11\x96\xd9\xff\
mF\x90\x88\x1d\xb3]\x0b\x95\x119F\x0a\x8f\xd2\x8f\
`\x87UW\x15\xc5!\xc4\x17\xda\x85\x90\xfc\x94:\xe2\
gQ\xff\xad\xe7\xf3\x8flC\xa14\x94\xae\x19\x17\xda\
n\x12B\xfd\x1a\xf2\xb4\x8b.-\x99Lfa\xc8.\
\xf5\xd0\x80\x91T\x0e\x1c\xbcG\x89D;\xaeD\xfb\xa1\
\x1f#\xf3\x9d \xa9e7\xa2\x16X0\xb1\xcb\x85#\
\xc8\x0a\xc7\xaa\xff<\xf3\x81U6ph\x99`x\x91\
sd\xb6\x12m?\x13w\x92N4\xe6\xc8;\x07\x95\
LQ%\x91\xb5Uu\xcd.\x94\x84\x90\x0c%~\x10\
\xd1\x18\x89\xa1\x84\x18\xc9\xc9\x88\x9a\x93\x8d?\x95\x17G\
*\x90\x9cZ\xe6w\xc8\xc4\x96\x95Hl\xd7\x9b\xadg\
g\xb8\x05?r\xb4\x87\xfd#\xc4\x88\xf7#\xfd\x8e\x04\
\x06BB\xd6\x0e\xf1\xa0\x9e\xe5\x0a #>\xf9{Q\
\x8e\xeara(\xab\xecbER\x0bvOB\x22\xc5\
\xf6OM%S\xe0\xefSiX\xe9\x08\xaeb\xb8\x07\
f\xd0\xd6\x08Nb\xdd[Jf\xa3\xf5\x08\x00\x83\xb6\
o\x1eaO\xdfR\xff\xafX\xad\x17\xc0\x03\x8eE?\
\x9b:\xe41G\xfbe@f\xff[Cwd\xda\xd4\
\xb0N\x1ecM\x93\x0d>\x5c\xca\xbe\xac\xb8f\x08\x9c\
\x9c\xca@\xc5,\x80`\xe6\xb2\xaa\xe4L\xaf\xd9\x04\xa0\
s\xaew[\xaan\x90%:\xc4\x0ejq#\xcd\xd5\
[|\x8e\xe3\xdb\x91\xd4\xa3\xee\xe3)\xac\xe4\x8e\xb5\xf6\
\xbeID\xaf\x1fD\x94\x00$\x85\xde\xef)\x8d\x85v\
\xb7{\xc4\xfb\x91\x8fVi'B0\xcf\x8e\xbd\xba\xfb\
\xd8\xcfN\x8c$\xc0v\xca\xec4bD\x0b:H\xff\
\x0aH\xac7\x9eKz\x8c\x90\x8cz\xd7\x8f\xa8\xeb\x05\
D\xf4\xe04{g\x0a\x11\x8c\xfd\x0ei\xadDHb\
\xb4u\xd9H\xaf\xec\xea\x83\x80$\xb3\xa1d\xb7Fg\
L\x9d\xc5\xd7\x05\x98\xcf\xd55\xc7\xe4\xea\xab\xcbb\xab\
\x7f\x8e\x0d\xbb\x9f\x85c\xa5\xed\xb2\xea\xf6]\x93\xa6\xad\
\x10U\x15\xf8\x90S\xbfP\x0b\xaa\xd0\xde\x1e\x92\xce\xbd\
WR\xf1\x80\xc1\xd7\x00&\xa9\x90p\xaa}\x8d\xfd\x87\
\x08\xbf\xe4\xee<\xba\x11\x18\xb0]t\xf4\x8e/k}\
\x16\xeb\xfar\x1c!#\xed\x89j\xcbf\xb9\x14\xe8\x8c\
\xb1\x85R\x9e\x97\xd4)\xbf}\x1b\x91+*\xec\x13q\
#\xa0\xecz\xa8\xf5\xc5ZVG\xa4uj\x88\x0a\x10\
\x22D\xf9\x88\xebi\x14\x8c\x1c{Al\xaf\x1cD\x88\
\x80\xb4s\xf7\xf4\x9e\xea#\xc4\xc8\x89`\xd18\xbb+\
\x22\xb2\x8cH>\xe2&\xac\xbct<\xf8Hz&|\
\x11\x91|\xbd\xb3\xa1\xe7\xaag\x9a\x1d\x05D\xfa\x91\x9f\
\xf1L\xf9\xdfj\x1e\xa3\xadfe\xd2\xa6\xd3\xf4\xf7o\
_\x19!\xd9\xc0Yx\x17\x925\xcdr:\xae.\xeb\
\xeb\xfa\xaa\xae d\xd8\xad\x97T\x92\xff\x85\xe2\xdb\xb7\
Am\x8e\x84@Qd\xc8\x99l\x1e\xee\xb6J[O\
wa\xc1\x16\xc8BF\xbbw\xcbb\x02\xd3<|\xc5\
T\xbb-A\x84\x9c\x96\xe6\xb5^\x06\x13q#\x80\x06\
A\x9e6f__W\xe3e\xfa\xc1\x07\xbf\xb3\xf4\x14\
\xac\xa6\x93\xb1\xfc2\xce\xa6,\xb2\xd7i\x89\xee\xedg\
\xb8\x11\x14HR\xc8\xf5\xd7\xff\xa3\xedK\xbb\xda\xd6\x92\
\xae\xbbWc\x92\x10\x92\x900\x83\x81\x80-C\x9ee\
$y\x04\xec\x8f\xef\xed\xfb\xff\x7f\xd2[uj\xab\xf6\
9\x15\xa5\xd7\xfd\x80K\x93mF\xcb\xda\xaa\xda5\xe6\
j$D\xda\xb3v\xa6\x10g\xec \xed\xc7\xba\xef\xa9\
\x1f\x81S\x8b\xf3\xd9\xe1\xd8\xf2\xa1\xa1&\xa0\xec\xb1u\
\x10s\x1a?\xbd\xeb\xfc\x11\x8aB\x04z\x041DT\
\x90\x84\xfa\x11\xd9\xfa\xe6\xf4\x84\xe2\x11\xd99i\xe7P\
\xdd\xa0H,\xbbMO\xd9il\x1cTN\xe8\x81\xdf\
\xb7`#BF\xc6\x9d\x1e\xd9\xac\x1f$9U\xdc\xa5\
\x02\x12+\xc8\x15`\x00\x15\xbc\x0a\x8e\xe4w<m6\
\x9b7Y6\xf2\x99\x8fF\x17g\xc7\xdf&\x13~\x9b\
\xa2E.0\xb9\xf3\x0e9\x82\x16ru;\xd9\xe7\x14\
\x83j\xa2mu!\xe8sJ\x90\x80\xabL\xbc\xf7\xaf\
\x8c\xfa\xb9\x0d!y\x80\x82\xa8\x08\xf5(\xda\x16u\x8c\
bD`\x04\xe3\xd8U\xf4\xb0/\x84\x9d\xc9\xef&C\
\x85\xf9\xb5\xbc\xa7\xee\x1d}9\x1bm^\xd7\xab\xc5\xac\
m5:\xefXk\xdb\xd9|\xbeX\xad_7\xa3\xa3\
O\xd9y\x9a\xc8\x09\xbc\xbcL\xa7\xf0\xeaF\xfd\xbe\xf7\
\xff\xf7KN\xb0\xdd\x8eP\xcc\x1e\xba>\xd0\xb3\x15\xf5\
\x08\xa7\xeb\xa21JZXdE\xca\x1e\xf2~\xbf:\
gGV\xe3gf52_\xabH\xd8\x92\xd5\xfbk\
\x1d\xec\xbcV\xf7[\xd7\xcb4\x16\xb3\xc7(b\x9ce\
\xf5\x19\x18\x89\xd9\xf1\x16D\x0cj\x04!\x12\xcc\x0b\x8d\
\xa1\x91X\xcbN5\x92\xe9\x11\xa8\x11qmI!\x89\
\x94\x8d?\x8c\xc4Zx\xe45?9z\xf8\xb5^\xb4\
]\x5c\xfa\x99\x1bl\xfa\xa9\xed\xea\xbai\x17\xeb\xb7\xa7\
\xf3/\x15\xa0r\xaf\x03Gnq\xe5y7\xf9\xc1\x0a\
%O5\x15\x099\x09C&\xdd\x93\xe1`9\xad\x93\
\xb5\x04c\xabha\xc7\xbe\x5c\xd4,x\xdd\xe4\xe7\xe4\
\x11\x88\xac\x9b\xce\xd2zN\x92^]#4\x82\xffR\
\x95\xc7\xd9\xe5=\xd0\xf1x\xbeY\xcf\xe4\xa7\xf0\x1e\x09\
n\x84\xfe\xf1\xba\xac\xf6\xb0n\xe7\xab\xb7\xf1\xd9~\x87\
\x151\xc6n\xc6wB\xd9u\x88\xee/U$O\x06\
\x13\xe3#\x81\xb7\x13$\xb2\xf4\xf7F\x81x\x7f-]\
\xfb[\x99\x8a\x84\xd1#P#1\x84\x18\xc7\x8f\xc0\xaf\
u\x100\xb2\x93>\x8d\xdf`k1;\xbe\x9f\xb4\x9b\
8c\x8f\x89\xf1\xb2P\x8d\x84v\xbf\x05@\x98\x82\xa2\
\x9bw\x8c\x0fI(\xa3N\xc6[8\xb5\x5c\x04\x22\xab\
_\x927xu\x9f.\x90\xfd\xc7\xb3\xcdz\x9e:S\
\x01\x09\xe6\x13\x12ie\xd5\x1d\xda\x1c\xea\x86\x8b\x18\x97\
K\xdd\xcc_\xc6'\x95]'\xd7\xc3\x8bs5\xe5]\
\x91T\x06\x11\x15\x89\x91\x10#\xb2\x82\xab\xdb\x0a\xb9\xad\
\x8e\xa7S\xfc\xea\x87\xea\xae\xa7\x15\xaa\xb1\x12\xdb\xeb\xd1\
6|\xcb\xdd\x95\xe8!\x9432\x93\xd1\xb3\x81\xbd\xfd\
\xb5\xe2\xe3\xfc\x06\xf0\xa8\xbe\x8c^Z\xa4\x04\x03\xd0I\
|\xc4\xa3\x08\xf6mcR\xe3\xaf\xa4?T\xcf^\x9e\
\xce>\xda\x09\xb8\xbf\xbe\xbd~X\x8b\x16\xf9eZ\x04\
z\x04\x9ad\x9b\xe5\xc7\x07\xd6N\x94\xe49[*\xa1\
m\xbc\xa3\xc4gX\x95\x9c\x9d\xbe\xdf>\x90\xc4\x8av\
\xefA\xa7\x18\xf9\xcbl\xadw-D\xe4\x8c\x9e\xaf}\
\xb5\xba\x19c/\xca\x10U\xb9\xc5\x99\x88\xd4$\xd6\xa4\
\x911\xc4\x18\x1f\x09yZY\x0eJl\xf5\xcb\xd0H\
'\xeac\x11y\xfb%\xc6\xc0\xd3\xf8\xa1\x1a\xc8E\xfd\
\xf0k\xd5\xd4 \xcai\xc8\x93\x98\x14\xb3Y;kM\
\xd8K\x1a\xf9\xb386\xb8\x84\x80\x00\xd9\xb7\xeb\xf1a\
\xbaP&W\xa77jy%;f\xf0\x92\x08\xb8\xec\
\x9e\x7f\x0d\xc4-\x1a\x04\xc4\x84O\xae+#\xf9R\x93\
\xb8\xa4\xb1\x15:\xcfc\x07\x0b\xcb\x8ex\xb8gy\x91\
P$m\xf3\xac\x02\xdco\x06\x0fFDn\xee.\x86\
\xe9\xe6\xb0\xf7\xf84\xab1\xd7\xb7h\x11<\xc5\xbb\x82\
\x0eeQ\xa3\xc3\xa7;;\xf2\x0cu\xf8\xedj\xfc\xb8\
/\xbfu\xa4\x05\x08jn\x11&O\xaeJ\xd8?(\
h\x92\xa8H\x98\x1e\x7fZt\xc5\xce\xe3\xec\x16G\x8b\
\xe3B\xa3[\xeb\xc0\xe5So\xdeo\xe9\xd7\x12\xd9\x99\
\xef\x97\xf5#\xfd\x81vcL\x85\x22\x81\xc4>\x8d\xd4\
#\xe5\xa07H\x9e\x12\x8f\xd1#\xd4\x22\xb2\xb2\x87)\
\x03\xec\xa2I\xc0\xd7\x7f\xe9\xc7\xf7p=\x119~]\
\xb4(\xfaV[[\x05\xb8\xd0E\xd7\x1c 5\xb6\xd8\
\x01Q_\xc3s\x91f\xf1K/\xbe\xea>\xd1\xf0K\
T[Y\xf3\x85g\xc9%\x04\x12\x08\x8f\x88\x92\xdb\xc1\
k\xaa\xb5\xd5]u\xe5 \x81\x1e\xe1\xa0^\xf0\x10\x12\
\x12\x13\x1b\xf8\xa3\x98H`n\x13>\xa0\x1b\xc5\xef{\
\x9a\xc8\xb9$\x1c*\x96GKkqd\xb6\xa3\xaeI\
\xec\x00P\x846D\xa1\xbf\xb6\x9e(b\xc5\xd4\xd7\xf2\
\xedb\x22$\xedz\xf4\xf4KD\x0d-0\xf7hm\
qPO\xacF$!!k\x07!\x81\x1e!ig\
\x8dU\x18\xa9\x8b;\xf0\x9f)\xfb\x07\xdd\x88\x91\xdd\xf4\
\xd7\x8aq\xf6/\x8c\x8fPXe%\xdbA\x9cf\x05\
\xa0\xe4m\xe8\x98\xd5h\x12H\xbb%\xc5\xd3\xaf\xc5\xe0\
\x88I\xec\x19\xbf\x95\x15td\xf3\xeb\xed\xd7\xaf\xf1\xf9\
\xa3\xd0\xcc\x1f/\x0b\xb8\x9b\x04\x1b\xf3\xf9\x1c\xf0\x804\
Xu\x07\x01J\x5c<\x15\x8bWQ\xed\xf6z\xf3\xb6\
?\x00N\x84`\xbc$\x0a\xad\xebIu\xe7\x8a\x846\
\x97\xed \x97w\x95\x848Lt\x82\xe80TeQ\
\xa3\xe4\x08\xa1\xdcUc(\x05DF@Et\x7f4\
\xb8\x91d\xe2a\xc2\xc7xY\x83\xc6\xe3o%\xc1\x13\
g\x1f\xfe\xb4\xa7\x1c\x85\x92p2K\xda\xb71}\xdc\
\xae\xdfN?\x8a\xcb\xe3\xf2A\x81\x82H\x22\xf4\xc8\xd6\
P\xb2\xa5g\x8b\x10\xe9\x89\x22&\xb3\x9a\x11\xc4\xbeJ\
]B\x84\x84\x9d\xe8\xe8\x8f\xb1+<\xd8\xef\x97\xb3\xa7\
w\xc6\xd9\xa9G\x00\x12r\x92\xfe8\x22+\xadL\x8f\
\xe8\xc6t\x14X\x98\xddY@F#\x9c\xbfp\xfc\xca\
.\x14\xb2\x9fE6\xc2\xd9\xd3\xb2=)\x8b\x14\xf5Q\
U\x07\x9bu[\xeb\xd5\xd0\xb4DG\x04\x88\xb3\x10\x88\
\x0fKs\xb1[,\xa5\xe30\xdd\x8b\xb3\x8d\xaa\x13\xf1\
yM*\x0f\x9d/\xb4\x88\xdcy{\xbfH{.\xfc\
\x0e\xed;\x04\xd2N\x01(\xb0#Z\x1c#\x93\x89i\
\x06\xd9\x1b_\x07nU\x8d\x5c\x8e\x86j`}_7\
\x0e\x08\xd0s<\xd7GP-\xdd?m+\xf5\xa63\
\x14;\x90\xb0\xb5\x22P\xc6\x820\x05\xcaj\xf3c\x22\
\xc6\xac\xe2\xe4Mp\x02\x80\xe4\x0e\xe0\x12\x22\x00\x08\xbd\
Z\xcc\xf9E\xb1\xae]\x08&\x80\x08\xda\x06EC+\
\x8eA\x8c\x13\xac>\x94\xfd\xb5d\xb6\xc2nb\x886\
\xa0=\x9f\x87\x08c\x8b\x10\x89]\xe8\xec?\x05D\xe0\
\xd8\x12\xd8\x83\x90\x00\x22\xecA\x87`;\x11\xc2\x1a\xc4\
\x88\x11RvtC\xd9&\x84leSg\x96\xe1\xe3\
\xdbf\xd9\xa4\xbc\xbe\xd9\x5c\x05\xbc#\xed\x88\x10\xa8\x8f\
6\x80\xa4q5B(\xd4\xb8E#[\xd7Y/\xdc\
\xaf\xeb\xe3\xe4\x10\x98?7x1\x05\xb9M_\x14\xba\
\x84\xa2\x83\x15_\x9fa\x03i\xfaaVt\xc2\xfe\xc0\
DFLl\xb9K\xc3z\x80\xd7\x06\xf8\xd0US\xc6\
\x04!\xd5\xc3\xd2'X\x89\x80\xa9;\x8e\xf8~HC\
\x0c)P\x9a\x9cd\x0dim\x85@\x9f\xcc\xe7I\xa5\
\x08Pf\xafjy]\x8dL\x9d\x18B\x14*\xb1\x1c\
\xb1\xc8F!H\x80\x12@\xa4g\xea4GX!\xe9\
\x173m\xdc\xab%\x97Z\xac\xd4\x05H\xa0FB\x0c\
q\x07AD\xd6\x8f\x10#t\x00\x1bZ\xcd#\x0d\x90\
\x04\xe7/\xd3QBVc\xccFaj|\x82\x87\xae\
\x08\xb2\x83\xafg\x9d\x1e\x80\x10\xa5$j\x0c\x1b>~\
\xbc-\xeat{\x9b/\x16\x0a\x0f\xc5\x07\xd9y\x8e\x12\
\x98Z.\x0e\x11\xc2\x04V\x16\xe5\x19Kw\xf5\xb9s\
iu1\xd8\xc3\x15\xd6L7\xd5\xcdU\xd0$\x11'\
\x12\x9c\x9fL\xd9\x1d\xfb\x96Y+\xfd\xd5YAn\x87\
\x1a\xa9\x7f\xee \x92M\x06\xad\x05\xad\x07\xb3\xba\xf3\xea\
:\x93\xc7fO\xa9[\x0a\xdf/\x98I\x1cAJ\x9c\
@\xf9\x168\x11i\xeb:\xe1\xe4Lpr<6\x98\
@\x97\xd0\xb7\x15Pr\x86\x08\x09\xfcZ\xbf\x8d\xb1\xca\
\xd5\x08\xea\xab\x98\xac\xa5\x12;\x99\xc66\xa6y\x03\xba\
P\x87\x08\xbf\xd6;\x0fh\x8f\xb5\xba\xff$\x1bE\x11\
\xc20\xa2\xf6\x0fb\x98\x1d8Q\xa7\xb7M\x0de\x84\
\x04\x18ay\x95\x02\x04\x82\x06\xa6\xe4\xeb\xb2\x5c\x8cF\
\x8a\x8f+\xf9|\x04\x1f\x8d:ig\x0b\xe0\x03b \
qEBM\x82\xa5\xcd\x0d\xadH\xd0Arq\x91\xd1\
\xa6\xd1#b\x0aftl^\xac~CS\xe4\xaf5\
\xd2\x08=\xd2+\xdax\xa8\xe9X\xf6\xa8\xba\x8d\xd5\x8b\
\xb1\xca7\xca\xdd`\x05\x16\x8e\x91n\xd8\xd5g\x83E\
\x8a\xbf;\x1c\x10W\x84L\xf9B\xc9N\x88\x12o\xb2\
\xc2\xca-H\x06\x90\x99.r0\x9c\xc8\xe9\x9e5\xfa\
\xd7\x17o\xdf\xc5\xf0|\xd0\xa0I\x99\x00\x1c(\x09p\
\x22\x02\xcf>\xd2~{\xf9\xc87Y\x91\xd0\x08S\xab\
\xc8g\x149\xf4D-F\x10]\x88\x11\xe6\xfd\xeen\
>;\xf5\x08tHh\x8c\x12z5\x0a>\xd8\xcf\x94\
Y\x8d\xf4\xfd\xc2\xb5\x05\x81\x11\x8a\x8cF4Ca'\
\x94\xd8\x0b\x05\xa2\xfe\xc63\xd1\x1f_7\xaa?\xeaf\
\xbeX.\x17\xc9\xc2\x02H\xda\x0c!\x91\x8e`\x8d\x9a\
\x84|\x9d\x1d\xachdenV\x7f`.\xaaz\xbe\
^*L\x9e\xbfT7\xa6Gd\xdf+\xf2E\xf5l\
\x19\xc4\xb4\x88\x04\xac> !\x02\x86)\xf6?5\x9b\
%\xe5\xfd6S\xf6\xbfn\xd6\xaf-\x00\xe3\x98\xe6\xaa\
;j\x0e\x00\xc5\x96N\xe0\xe4.\xc6\x8f\xd6\x04\x08L\
T\xe2DV\x88\xe0d\x91p\xd2He[59U\
ub]M\xb7F\xddc\xf3\x07N\x0e\xed\x0b\x8f\xa0\
P\x97\xc1\x91\xef\x02\x91\xd8\x17\x05\x18A\xcfx\xd9\xdc\
\xa9\x15\xbcZ\xe4\xec\xcaGv1\x9f]$`\x84A\
D \xc4\x83\xed\x81\xb2\x83\x90\xc0\xda\x02H\xc2|\x05\
\x10v\x13\xef\xf4{\x9cej\xc1\xd2\x8a\xd1uM \
y\x1a]UUu\xb6n\xe5\x83n\x13>\x16s\x13\
c\xeaT$fi\xcd\x08\x12\x11\x92\xf6 \x19e\x87\
\xb7\x94\xbaD\x96\xc8OtI\xae\xaf\xe6e\xf3\xb6\xd2\
N\xbe\xc3\x14\xdf\xb6\x05\xfa$bDi\xb7\x91v\xed\
\xf1\x08\xe7\xf0?\x95;\xffiA\x0a \xbczY6\
\x09\xaaSB\x01R\xe0{\xea8)\x5cZe-J\
D\x08v8u\x1d\xbf\x9b9D\x0c&K\xc1\xc9\xb3\
\xa8\x93\xcd\xd1dr\xa5\xfa}T\x8e\x22\x89\x93\x11\xc9\
H\xd4As\xdaA$\xcc\xb0\x8aU\xba\x80H\x9c\xcf\
\xf3\xa9d$\x8c\x1f\x92\xb3C\x8f\xec6\xa7\xf1P\xfd\
Z\xd1\xd8\x82&\xe9\x9b\xd3\x836t\xa1\xcc\xea\x8b\x19\
\x97Gl\x1a\xcf\xc1\xd3\xb2)@\xc2\xa4P=\x9d\xae\
F\x00\x90\xf1\xd3H=*\x9bE\xa3\xf4\x5c\xf1\x01\x80\
\xc8~&\xabl\x00H\xa0\xecA:P\x18\xe1.\x9d\
\xa0\xb8\xb5\xa6\x97\xa9C|\xe7\xcf\x99\xcd\xb2\xd8l\xe6\
\x8d8\x84\xd9f\x88\xec\x9d\x8f\xe4+\xd7U\x03\xda\xfc\
|Z\xdd\xa1Y\xf0?\x10\x85Rjeg\x0dMk\
\xf3W\xcd7\x9bU\xaa\xf5\xf2\xff\x93\x8a\x84\x8a\x8fG\
\xd2\x93\xb4\xa8\xe0\xd0y\x02Jq' $\xa2$\xe9\
m=\xf7\xcb\xe5\x5c\xc3Q\xed\xcb\xe9dr9\xfe\xf5\
\x14S\x80\x89\x11\x8e\xa0\xa6\x22\x89t\xc4t\x89;\xb6\
\x0c&!zx\x18\xe7*\x1c\x84L\x94\xe0\xfb\xb58\
\xfb\x0e\xca\x10\x83\x1e\xe9\x1d\x89\x18 \x12\xa2#}\xc5\
\xbangQ\x8b08R6\xf8\xbd\xa0\xa1\xa5\x9b\xf0\
A\xa1\xe8\x9f6s\xb9q*>\x14!*s[ \
\x05'\xc1\x22\x8f=\x1c\x86\x9e\x86\xa4\x17\xbc\xa6h\x84\
\xd0\xd5KzK\xbb\x85F\x97.zlW\xcb\xc1@\
\xd3\xfe\xd8%8\xea\x11\x9ba\xfd\xda]\xa3k\xaf\x83\
\xff\x07\x82\x0eD\xea;\xb6A\xed\xb2\xbdl^gu\
A\xcd9\x7f\x04\xc7\x8c\x9c;\xc1\xca\xb1c_\xe4Q\
$}_\x09\x0f\x0a\xe0\xd1\x12 \x90\x85\xc2$\xe9\xf5\
W!''\xeaNa\xfaV\x96\xdbx\xc1\x18\xc9i\
\x1fH (\x1eqU\x12\x83\x88l\x1c\x04\xa0\x00$\
\xb92\xf1\xd9\x0a_>;F\xdey\xb6\x02\xf9\x88\xe7\
4v\xe8\xb4\x9cF\xce\xd65;\xab'e\xcb\xe9\x08\
\xde\xa4\xceIUQ\x80x\xf9\x08\x10\x12\xa7\xf20l\
\x08SK\xf4\xf7q%\x1ad^\x8b\x02Y\xaeV\xcb\
\xc5\x12\x00\x11!DHJx\xbfStx\xa8\xb9\xd1\
\xe0\xc9B~\xc1\xfaE\xe5U\xb6\xb5\xc8J\x7f\xa3\xfc\
d\x8b\xec\x95\xdc\x1e\xe1S\xea\x0e\xc2GV\xa3\xf9\x9f\
\x06{\xf777y\x17\x15E\x86\xae\xc4H\xf5\x88\xeb\
VI>\x22\xf1\xff\x14#7\x92\x8dR#Ik\xf6\
\xb6]\xd7en\x22\x14T\xb0\x07!\x98,\xd4\xc8[\
\xd7w\x0e\xc1\x03=\x01\xf6\xf6\xf1\xee\xa7\xf0\x0c\x14\x10\
\xa1\x0a\x81\xa4s\x0d\x88\xc8\xaa7\xad\x99j\x93\xd7\x03\
\xe5&@\x09XI\xcc\x91'%\x89(a_\x14\x91\
\xb2\xe3/S\xe33\x94X\xa6\x16\xbb\xa2\xc4\x1a+\xc5\
\x08c\x88\x7f\xbf3\x1f\x09\xb5\xba\xd1\xd0\x02D \xec\
\x89m]\xb1\xe3DD\xb0\xf5dk\xe9\x1a\xaa\xab\xbc\
\xa7\x16\xe9:\x03\x87\xdb\x0b\x01\xc8\xd9c\xb5?^\x08\
@\xe6z9C\x85\x00\x1e%F @\x87_\x1d\x8b\
\xe5\xfa\xe5\xf5\xf5-\xc9\xab\x08\xa0!\xa2{y\x9c \
c_Y\xc9]\xb1\xf10\xb5\x87K<nM2\x8f\
\xe7\x09H\xcdv\xa0\x09\xbdT$d&\xba\x8ah!\
|\xc7\xf8\x0f*\xe4\xcd\xffs\x8cT/\xd3dg-\
\xb7\xc7/5\xc0@\xa7\x9b\xfb\xa5\x01\x0f\xe2\x1a\xef^\
\xdf\x9d\x00BO\xdfB\x16Jz\xff\xfe\xee\xf1\xf6;\
\x1b\xb4i`\xb4\x02\x22m\xc6F r\xfa\x01\x13\xf9\
\xc9F\xb4\xc9\x9b\x84\xe2/\x80\x92\xa2\xba]\xc4\xfd\xbf\
lC\x170rd\xed~m\x1a\xa2nY1{\xac\
g\xf7\xc9\x0aq\xae\xael\xf4\xfd\xfe\xbd\x83\xfa\x11\xcc\
\x1f\x89\xb5\xba\x1ea\xef\xeb\x8c\x22[\xaeF\x00\x13\x0e\
\x9f\xf6\x0a+\xd9T\x91\xb0m\x10\x8a\xabN\x9d\xac;\
W7\x90\x8c\xc6\x17\xf7B\xd2\x85\x18\xd7\xa2A\x12<\
d\xcbQ\xa2\x0b\xd5\x88\x1d\xed\x22W\xd6\xb2zI\xd0\
\xc0\x05\x02\x80\xcd3\x22\xa3K'j]\xafp=\xad\
\xf3k\x85\x04\x9e\xf7i.H*\x1f\x0d\xf6D=h\
\x06\xbd\x0f\xc9\x01L\xd0-x\xb0\xee\xba\x9b\xbc\xfcc\
c\x8b\xd9(\xbf\x94e\xbfl\xb7K\xa2\x15\xba\x03Z\
\x84\xfd\xe3\xf1\xa8n\x17\xa67\xd6+\xd5\x13\x1e\x14\xe4\
\xfbMB\x93)\xc1\xe5Uo&\xfa\xfegm]\x1b\
R\x80\x0f\xfe N4Q\x22\xab\xc3\xe4y>\x96\xf8\
\xe2X\x08|\xc1\xdc\x03%\x01\x05E\x14\x91j\xc4X\
;Ju\xbf\xf6\xc4\xda\x99\xd3\xa8\x1b\xec\x98\xa8H\xe8\
\xd7bN\xe3\x8e\xf8\xc8\x81r\xf62~\x18|Z\xc0\
H\xd9\xf6\xa1kg\x9a\xee\x01\xc4\x08H;\x03\x88\x1d\
\x1bA\xbe/[\x05\x81\x8c\xc8\x9d\xe8xR}ym\
\x13@VK\x88C$\xb0\x11}d\x17v-&\xd9\
\xfaU\x0a\xa8\xd2\xa7\x9d~\x927O\xca\x82F\x1b\xb4\
Pw\x11\xcd\x05+\xe9\xc6\xba\x9a\x0b\xdc\xdc\xdf\xcb\xfb\
77\x14\xe1\xaa'z<\x90\x1es\xc0\x07=Z4\
\xb6~ \xed~\xdaH\xe1\xa0\xb7xT\xa4\xf0\x01\xc5\
_\xb02\xad\xb1\x84d\xce6\x8b\x149\xe4\xff\x10\x1c\
\xd4S\x15\xc0\xe3\xa5\xd3\x0a*\x06\x8d\x02\x13\x14\xdet\
\xf4e\x05\x0b\xd4\xee\xab\xde)\xcc\x93\xd1\x14|\x84(\
Y\xd8\x22\x02\x98\xa8\xd1U\xaf\x0f\xab\xc7\x07A\x89\x17\
\x5c\x9d\xebj \x09\xb4\x9d\xc5\xba\xb2\x81\xae\x16)\x8d\
\x1c\xabK\x88@@G\xd0_\x8b)[\xe4\xec6\x7f\
\xe4\xbf\xef\x0c\x11\xf4\xa0\xfb;\xeb\xd3\xa8\x10\xe9K\x8e\
\x0f\x8c\xfd\x80\x94]\x85i\xbfpkA\x8b\x90\xb1\x83\
\xaf\x07\x84`\xd4\x88\xd0\xf4\xf3\xfbj\x7f3K\x1f\xf8\
\x8a\xf0\x90]\xa9HdM\x8ff\xea`Q8\xbdh\
y!\xd1\xb1\xcad\xc9_D\xa4\xa5\x8d\x9c\xc6X\x8c\
\x92\x97EB\xcaz\xd1\xd6\xb8\xfe|\xaf\x0b9\xb0\xee\
4\xf8\xdc\x1c\x0f*\x1bo0\xa4\xc5\xa5;4\x0b\xf6\
\x14\xdcj\x826\xa8\x04F\x8e\x90\x10<\xd1\xc4\xe1\xfb\
\xc9\xdb\xa7m\xabX%\xfd\xc6\xff\x11\x8ez\x7f\x10x\
\xa8_V\xc5\xc0\x01\xa2\x9d\x0e\x10^\xdb\xb9\xf5\xc5\xd3\
\x9cx\x1b\x902\xd38\x90\xe0\xc4\xf0\x81\xdf\x17\x7f\x0f\
a\xd2\xd4\xa2L&\xc2L\xc6#\x80\xc4PBFr\
\xc6\xa4\xad\x9eH;\xd3Q\x02i\x07\x1d\x91\xc5\xae\xb8\
\x18kg\xbe\x161\x02>\xb2\x83\xbc\xdf\x80\x91\xde\xee\
A\xec\xb1\x95\xf1\x91\x8e\x92\xfc\xd6\x17%\x05\xd9\x0b\x8c\
\x00$\x8c\xaeS\x8b<\x88\x1f\xab\xaa\x8e\xc4\xf4n\x16\
f#A\xa2\xa9\x05\xde\xde6v\xf7\x5c;< k\
YD\x96\x06\x0f\xcaB\xd7\x0e \x99\xcch\x7f\xb5)\
\x5c\xd0\xaa\xbd\xa6\x97I\x9d\xd3c\xbf}\x07\xf04\x8f\
R\xf14\x84\xbd%\x02U\xd2\xf5A\x05\xa4\xb4\xd0\xca\
\xbb\xa0\xda\x16\xfb<\xc2\x10C\xc1\xef\xdd\xd5`o\xdd\
\x90r\x14N\xdc\x0c4\xd3V\xf1\xb1\x12x$\xda=\
+\xc5\x8c\xd1\x88\x11\xe2\x84Te\xc5s\x0e\xa0\xbc\xbd\
\xd8\x19@\xce\xa8,\x85\xad\xc5_\xe5\x0c\xbey\x9dH\
\xea\xa3\xa2$\x9f\xb4\xe0\x09)\xde\xf2\x17z\x84\x84\x1d\
\xf5\xec\x10\x03\x88n\xec\x89M-\x22K4\xb58{\
Z\xbe}'|\xa4\xa7\xdfo\xcc\xd7\xfa\xf8\xe7\xac_\
\x9f\x87\x08\x8cP\x91\x84\xf8\xa1*Vj\x91\x13W#\
I\xb4d\xfd\xb1\xaa\xdeZI\xb4-\x00\x92no\xba\
R\x96\x82\x8f\xf4\xd9)<\x14\x1f\x02\x0f,\x22@\x08\
Q\x22K\xaf\x1a\x81\xe02\xca\x88\x7f\x9b\x0a6\xe6\x09\
'\x1a\x99\x81\xf3\x88>d\x06\xba-\xc2\xb7\xac\x06\xd7\
\x17\x09%\x16x\xb7\x83\xcay\xb5\xe9F\x1b\xae\xbc0\
+\xa1\xc1\xf6\xb4\xba\xec)\xb02\xd4\x1e\x16\x83\xb7\xe4\
\xf7e\xd8\x5c\x85G\xdd\xa9KC\xf1\xd1&d\xd34\
\xcaC\x7f\xb6\xc0.\xc5\x9bW\x89D>m<q\xa6\
Q\xe4\xde\xb3lk#(}t\xa4T&r\xb2j\
iS>\xb9\xe0P\x92\xe8\xda:)J\xda\xf3\xe4x\
\x06\x12\xbf\xa2\xb5:,\xad/\x8c\x91\x98\x1a\xc9\x08\xbb\
sv\xfa~\xdf\xb7O#\xc59;\xf5\x88\xad.t\
\xfe\x8a\x00\xca\xfd\xddL\xa9Hl>O\xd1\xea\x97n\
\xad\xc2\xd2\x12g\xaf8\xb2>\x89\x0ai;\x12\xb2\x0a\
\x96\x80\xa2\xc4\x0e\xa9\x12\xb7Y\xbc\xbc\x19<\x5c\x88\x8f\
u\xb4\xb4\xc8iHEJ\x90Di\xf5\x8f(N^\
\xc4\xec\x822\xd1\x03\xc1Q\xa4~\x08-\x19\x9e_\xa1\
\xf9.m-+\x22\xa9\xa7h\x88u\xe3=\x87\xfc\xe0\
\xe4\xa3\x08\xd1+B>3\xc6\xc12|\xbcb\xcf\xda\
\x85*\x109\x1d\xae>\x02\xd3\x0ea\x8d\x02!XI\
\xda\x88\x90\xfc\x14*N6\x82\x93\xd4\xa6\x1eL\x10\xbe\
\xc5\xd2\xda\x822Y\xd4u+&W\xd6&\xa5 $\
\xe8\x8b\x12\xd4\x88nq>\xbbO\xd5\xf5(\xbb-\x22\
\xb4\xb2\xb20bQ\xab\xbb\xdb\xfeZ\xdf\x11\x1f\xe9\xcf\
hL\xb85\x18\x87\x12\xab\xdff\xbd\x81\xb2\xcb.#\
$9\x1d\xd1s\x06CK\xe4a2R?\xd6\x0at\
B\x96\x88\x12\xdb\xcf\xf4\x8a\x98g\xf8x\x91%\x87H\
\xda\xe1#\xce\x7f\xcf\x22\xd3$\xf8\x88\x01\x13\x18\x12\x99\
\xb4\x8e\x93\xda,\xfde\x8b\x82\xd7\x10gd8\xa2\xdd\
\xd3F\xc0\xa1\x85\x1d\xbc\xbf\x88\xb8LR\x97\xf7\xb2G\
\x04\x90b/v`\xd1b\xf6\xc1\xcay\x88\x89\xfb{\
\xf1r\xbb|Q\xf7BR \x04\x06\xf6E\xfe\x08\xb5\
\x08h\x5c\x0f\x1fYaq\x84\xc8\x92\xc4p\xb2Q\x9c\
4V\x8b\xe0\xf6.\x85\x841}B\xd3z{?\x82\
\x1a\x89\xcd\x1f|n\xe8\x8fN\x8d\xa4\x86 G\xa6E\
8\x7f\xe4KY\xcenJ\x84\x8dQ\x10h\x0f\xb6V\
\xba\xbf\xa3\x9e}\x07u\x88\xa2\x9e8\x7f\xe4\x0bL\xad\
\x88\x11O\x8dgM\xfb\xe7\x22@\xc2\xea\x91\xac+\x0a\
0rt\x9c+\x91hi]\xec\xd5\xd3e&\x84\x08\
\x9f\xa7\x82\xdcv\xf5\xb6\xd9&\xfa\xc1\x90\x18P\x02\x80\
@\x08\x12Hd\xfdT# \xa4DH\xab\x0ba\xb2\
X\xab_tZ\xc4\xb5!\xf4\x03\xbf\x8a*\xb9\x15\x0a\
\x025\x02\xd12x\xb0\x9a\xb1\x10\x92\xcbP\xdbk+\
\x9e\x02/\xb7\xc2\xf4\xcf\xe1\xcbbn\xa2\x1d \xcdR\
\x19\xba\x5c\x8d\x0d\x9c\xb4-\xffk<r\x98\x18Jx\
\xfb/n\xfdQ\x8d\xe8\x0ej\x848\xd1'/\xea1\
\x5c\xcfk\x87Ip\x94\xf17\x8a\xd4\xcd\x87\xf3\x91|\
\xa6\xe7\x8e\x13\xe8\x913\x14\x91\x94\x8a$\x95\xb3\xb3\xbf\
\x16\x93\x1aCv|\x00H\xcci\xa4\x1e\x01g\x7fo\
\x94\xd0\xd6:D\xbf\xdf\xd8?\x08B\xef\xaf\xae\x09\xda\
\x87\xb1\xc5\x16]\xbf\x1e\x1f!\x1dA\xe1\x08 \x82\xc0\
\xc8\xe8j\xbf\x86\x85\x0ct\x94\x0f\x0c \xf5|\xbd\xd9\
n7\xaf/\x94\xa4I\x5c\xfc\xb3\xcd\xf8H\x8f\xd7\x97\
\x08\xc1\xe5\x13\xb4\x88nX\x5c\x9b\xac\xe4\xa2l\x19\xcf\
\x96\x8d\x08\x01w\xaf\x06\xf7\xb7\xaeF\xdc\xd8z\x14\x8c\
\xa0x\x11\xe1\x13\x95\x08\x0e<H\xc5U\x83j\xc6\xdf\
\x8f\x8d\x8e\x02=\x0b\x0a\x103\xb1P4\x83%h\x12\
\xf8\xa2H\xb6K\x84\xb8v\xf6sM\x90\x00!\xb2\x11\
'\xaeN\x00\x13\xfa\xc8\xb0\xb82\x99\xfe\xb8\x1e\xb3\x95\
\x10C$\xa6G\xdc\xda\xd2+\x02\x08\x91\xcd\x8b\xacL\
8XA\xc4\xb3\xe3\x83W+\x09\xebG\x0e\x80\x11\xf0\
\x91\x1d\xe4k\xc1\xd6\xf2\xd9\xd3\xbaF\x88`\xf4t^\
@R4F\xc1\x94\x1e\xcb\x8c7\x90`>\x0f!\xe2\
\x8c\x9d%U\xa3\xc9\xc5\xd4\x82\x85%:\xf0\xc1\x19@\
^U\x81\x88mEIO\x82\x1a!cO[\xf0j\
\x01#\x99&q\x07i`\xbc^@A\xa3k\xbd\x9a\
\xd7\xe4\x22Y\x06:\x9e\x8c\xb5\xa9\x10\x98\xbb\xc9\xd5\xcd\
\xe3\xc0\xbe\xaf6B\x12\xeb\xb1\x80\x0el\xd2>\xf4v\
2\xb8Hu\x83\x1e0\xcc\x13a\xd4\x1c]'\x804\
V\xdaA\x80\xa4\xe7Dx\x81\x93\x9c\xb4G\xce\xbe\x08\
\x08\x81\xd8\xd9t\xb1\x93l\xead\xd5\x1a9\xc9d\xc9\
\xbdb\xa4\xdeL\x04#ENJ\x11!\xb1q\x88\xb2\
\x98\x11\x8e\xb6\xf1!\x11%\xa1\x04\x12\xabu\xbd\x12\x91\
0\x09\xf3\xd9w\xc2G\xfe\x8a\xb3\xa7\xc3\xd4\xd0\x18D\
\xd4\xeds\xc8\xd7b\xc2\x16\xc2#\xb2\xfd\xd6\xe7\xf7\xf4\
8\x1f\xe9\x86\xd0a\xf5Z\x93@\xe6(\x11\x80\xe8G\
\xb2x\xdd*@D$\xca\xf7J\x88\x14\x9c\x1d\x10!\
J\x9c\x8e\x00\x1ed#\xd4$ \xb6A\x8fd\xa6K\
z\xac0Q\x0a\xaf\x8e\xaeH\xe1\xa9J\x96\x83\xea\xe6\
\x86\x10\x19\xa2\x0b*8\xcbdr\xe3\xfd\x1d\xa9Kx\
<\x1d\x9e\xde\xdd\x88\x12\x01\xf6\xf8G\xbc\xec\xabY(\
N[sb\xc5\xe4\x5c\xea?\x0a!\x12\xdcQ\x91\xb1\
\x93\x8f\xd0\xd6\x22JL]\xcb\x0a\x98\xa4N\x02\xf5\xac\
$$\x04\xc9j\xba\xac\xd4\x01\x0cMb\x02k\x0b\xcd\
Q \x9d\xad\x85\x91\xa1G\xb4\xb6\x12B\xe8\xfa\xf5\x8c\
F\xd9\x08\x12\x17\xea\x91\xbc\x0eqG}Q\x8eX\x87\
\xd8G\xd9)\x18\xaf`\xac=\x01\xdd0b\x93u1\
y\x1a\xf3G\xf2^(\xd4\x22 \xec\xba<<T\x8b\
f%g\x97\xf0\x00@\x92M1\xcf\x00\x92 B\x84\
`\x07\x84\xf4\x11\x12\x0a\x1d[\x0c\xd5\xcflW\xe0\x84\
\xc6\xbd\xad\x0e\x93\xa6\x91`\xbc1\x13\x1a]<j\xe1\
\xfa\xc7\xc1\xd5m\xce\xdaOn\x07O\xcf\xf8\xe2XI\
{(\xed\xc5&-\xddOD\xc9\xdc\xdd\xef}w\x5c\
0a\x0c*\xa4]\xaa\x0ai-\x82\x0e\x80\xa0`\xc6\
AM\x0d\x18\x10\xd2gm\x11$\xab\x0e%\xb2\xe6z\
$\xa0\xa4\xe3\x7fB\x09M\x9b\xa0^!\xa0d\xd54\
\xd5\xc5\xf8\x22+\xdc\x0d\xa1v\x12\x12\xe4\xc6\xff\xd0\xeb\
\x841D\xaf!\x89\x13C?\x07F\x92\xf0\xc1\x18\xe2\
\xc1a>3\xf4\xbdA\x12|\xbf&\x01%\xb1z\x04\
\x9c\x9d\x09[\xb1\x95)2\xe3\xe9\xd5\xe2\x84\xd0R\x8d\
<\x9cUM\x0b\xab\xb6\xb0\xb1\xc4\xf8\x9dI\xc2\xd2\xf6\
\xed\x95\xf8\x90\xed\x8fzd\x95;\xb5\xa2\x1a!@\xca\
\xc4a,\xb9\xb4$&\xbc\x14\x15%\x9a\x0f\xa6&\x17\
3\x0aE8\xf0\xe0y\xba\x19L\x0a\x90\xa4)\x0bu\
\xc2\x88DHJ>Rru\x81\xc8d\xf0Z\x1bW\
\x97\xc5\xc4'\xb1\xcf\xe5\xef.\x80\x90\x96(!\x1d\xa1\
\xea\xeb\x89#\x86\x08\x22\xe8C\x100\xb8?\x18[X\
r\x984\x1a\xe2\xf7\x10/\x0f\xb3\xe7\xc7\xeb\x84\x11&\
7f\xc3z\xc8\xda}\xb0\xae\xc5\xd9\x01\x92\x10d\xb7\
k\x0b\xa6\x161\x12c\x88\x1f\xc3\xcc\xd0w\x1f\xabK\
\xbf\xd6\x01{\x07\xf5U\x91\xd0\xbf\xc5\xcc\xc6Xf\xf5\
\xa5h\x8b\xado_\x1c|\xd6J\xdf\x93~=\xca\x9e\
\xea\x0cF\xf7\xfb\xf5\xcc\xe8\x1e\x01\x92\x02\xb7\xabD\xd2\
\x91\xa2\xaa\x8b\xadDHFGl\x89>\xad\x18>$\
:\xe8\xcc\xa2\xd0\xc4r\x99\xe5\x8f\x9a\x945\xb9Z/\
p\x7f'B\xf0\x5c\x90P!\xcdQDl\xab\xfbA\
w\xd97\x03O\xa0\x8fb\xafV\x95\xa8\xa8(@\xc8\
ze\x99&m\x9f\x00\xc3<\xb6\x91\xbcC\x16Q\x97\
\xc8F\x0a\x18\xbd\xbfX\xa0G\x00\x14\x8a\xc2d)o\
\xcd\x94\x09\x90g\x87\xe9\xf9dL\x80\x00!d#*\
\x0c\x8fp\xf2\x883\x11\xbd\x8e\x00\x0e*\x90\xd8->\
\x91\x11\x04\xef\xf2\xfa\x91\xc3\xdd\xccgg\x0f\xbat\xc9\
g\x10\x01H \x19Fb5\x22\x13R\x0e\xe5=\x22\
E\x1e\xf6\x96*T\xb2v\xf5n\xb8\xb5\x05\xca~2\
\xed\xbc#\xab\x8e\xa6\x0bK\x7f\x03@ \x80\x89\x0b\xed\
\xac\xe0\xfa\x8d\xb1\x91\x82\xadc\xed\x85\x0a,{\xac\x9d\
\x9d\x85\xd5D\xe8r*H\x99M\x8b$\x15B\xa5\xd9\
\xab,\x13\x05\xeb`\xa1u\xe9\xb2\xa5\x11X\xbd\x00\xd1\
\xef\xbf\xbd\x1c|\xe5\xefRa\x8b\x13M^\x83\x0e\xe9\
\xc7\x07\xad\xc2^h\xc4\x10y\xd4%D\x89\x0b\xd0A\
\xe9\xec\xda\x5c^\xe5\x03z\x9d\xc9[\x9e\x97)C\xcb\
\xe9k\x05>\xc26B\xd0!q\xb4\x82\xb2\x11\xc3\x87\
lf\x85\xc42]\x95r\x9a.5\x08\x04\xb6\x96\xd5\
X\xed\x00# \xedy\x8d\x95K\x08\xb4C\x80\x0f\xc7\
H>\xce\x8a\x06\x172\xb6\x0as\x8b\x83t\xbb>(\
F\xd97\xcf\xb8\x96\x0d!b\xcc4\xebM\xb2\xb1^\
\xdf\x00\x0fB\x84z\xe4\x8fjd\x09\xc6NwVP\
\x22t\x8aR\x12Vx\xb5\x05M\x82\xe7\xd0%\xc2\x0d\
\xe6e=/\xeb\x16?\x09H\x12<d\xbb:\x1ft\
\xe9(\xcf\xe7BH\xa2\x1a\xb1\xe7JE\x06c\xaf\x91\
\xc4\x01\x90\x99\xaf\xb4\x86\x1f\x08\x89\xf8p!<\x02\xb9\
\x8a\x88\x89A\x12Z\xb8\x91\xb4\xe3\xacFs\xcb\x04\x9f\
\x82:\x1b\xb5\x8c\xa1\xd5\xdf\xe1i\xc4\xf5\xbc\xba\x18\x89\
\x0d\x1d\x15\x89\xde\x1d\xd9\xf6A\xc5\xbb4~eh\xc4\
\xfaka\xaa\x02g*\x84<\x14H\x89\x91C`\x04\
\x10\xd9\x01F0[\x01z\xc4\x98{H\xff\x0d\xcdQ\
\x98\xdc\xd8EIrJrd\xa6\x96C\x04\x96VP\
#\xe7B\xd9\x97S\x5c\xc8zq\xb7\xda\xcaIU\x88\
\xc8\x9b\xae@\x09\x96\xe8\xf6}\x01F\x98\x87B\x88\x00\
y \x22\xd4\x1aP\x11\xb1\x0b\x88\xb7\x91\xa0\xcb\x88V\
\x0c\xa5V\x94\xa8.)[\xbfyn\xee\x8f\xc1U\x07\
\x92\xeb\xdb\xaa\xea\xbc\xc4/BH\x90;\x1fA\x22.\
\xdfun\xb4\xb1\x04w\xb6RgF\x1fBf}\xdd\
KZ\x116\x86g_\xb9P\x01\x12\xfd[\xd1\xda\x82\
\x87\xd0%\x00\x04&\xaf|&\x22I\x99\xd4SS&\
*\xf3e[ONF\xe8\x91\xedzD\x16@\xc41\
r\xf4\x03S\xa7\xe1\xf8u\x80\xe4MQ\x0e@EP\
\x91\x01\x848_'F\xe4{\xdc\xaf\xf5\xde\xe9Z\xf9\
\xac7\xc5l9[\xa1\x1f#I@\xa0\x92\xbd\x08\xcf\
\x96\xc2\xdfT&L-\x0f\xb4{f<\x1a.y\x08\
\xf1|tZ\xb5\xcd*}b\x96\x18\xb7R\x15B\x84\
P\xec\x93qS\x8btd\x855\xe6\xc3\xdb\x0eq\xe1\
\xfc\x1a\xaa\xd3\xd2'^/\xe1\xea\xc3w\x14\xf5\x04+\
J\xda\xd8\x1c\x02\xa3\xab\xa4\xff\x96M\xc3\xba\xbe\xbc\x1f\
\x98\x1a\xa9\xa7\x89\x90\x94\x8c\x04uY\xb7\xd5`\x96\xb5\
\xc3\xe2\xafl\x15!\xc2\xcc\xea\xf6Ob\xc8\xb0TL\
\xf6\x97\xeb*\xda\xdd\xef\xc6\xf9<\xf6\xfebx\xc3\xbd\
[\x10\xb2\x11\xa2\x04k\x81\x12\x11S&\xebF\xdd\x5c\
\x08\x94\xcc\x9f\x8f\x1f\x95\xb4?\x94y\x8d'\xde9>\
N\xd5u\x8c0\xe1\xb7l\xf9\x00\x1f\x91\xcf\x9c&\x1f\
\x11A\xfd\x88\xa0\x09|\xe4/sk\xbd\xb3\xb9\xe51\
D\xbd\xe2s[\xab\x08\xb7\xf7\x84I\xf2^tE\xaf\
FU\x9dz\x7f(\xfa\x06\x9d\xe4~-\x8f \xde?\
N\xe7\xf69\xcd\xc5\x901G\x16\x8a\x09\xdft)\xf4\
H.N&\x03\x15!H\xb4j\x1d\xb0h\xca\xee\x9d\
\xfa\x90m\x830\x92\xc1\x1a\xa5 \x8b\xd6~\xb4_\xe4\
;\xb5\x90o\xbd\xa8\xd3UM\x85b\xd4\xe3I\x02\x86\
i\xc4\xcf\xf5\xd5P\x09\x89q\x97\xea\xf1\xc6\xcb\xb1p\
L\xa8\xb9\xa9\xaa\x9a\xbf\x80\xa9\xef\xcdR\x11\xb2\xc8J\
\xcd\x836\xf1\xf2\xfd\xa4r\x0c\x1b\xfe\xf3S\x87\x84\xa1\
\xbe\x15\xc9NB\x0b\xa4\xc4(I\x01\x12\xdd\x11!\x05\
\x1f\xb1\x8f\xc3DQ\xb2}\x15op\x0b\xd0=\xbfU\
c\x05\x88nt\xfeB\x91\xa4;%\x8b\x10\xd14\x9e\
\xd5UI\x8c\xb1\x83\xb2\x13$j\xba\x18:X^E\
=\xf2Ym\xad\xff\xfc\xeb\xaf\xf7W$^?\x82Z\
\xdd\x03\x83G\xdaL\x95\x18@J\x90\x1c0\x05\xd8(\
\xbbl\x19DXe\xa5\x82\x5c\x14\xbd\x87\xa4|\x049\
a\xaa\x7f\xad\x88}\xecQ\xf6z\xda\xc2\xc8\x12\x808\
>\x02!\x01N\xa0D\xfac\xec\x8a\x0e\x94\x19\xea\x95\
\x90>\xfaT\xc3\xad\x1b\xc5z@hA\xb0U3\x22\
\xbf\x16\xb7`/\xc4\x8b\x9a\x04\xb4\xa4M>\x86Y\xd6\
'\x91\x85\xef\xaf\x09$:\xaeS#$\x08\x08>V\
\xb7^\x8beJ\x04Z\xa4\xaa\x8b\x9f\xc7Q\x88\xc8|\
\xa9\xce\x0b`#J\x0amzoy\xfc\x1c4\x1c\xd2\
\xd9p\xde2\xb1\x9e\x0f\xfa\x86\xbbR\xde\x04\x15\xb2v\
\x80\x841\xc4hq\x01!\x8e\x12\x135\xb963\x89\
,\x82\x90\x80\xb4\x97\x18\xa1o\x0b\x8a\xc4\x86\x93\x7fs\
\x8c\x98\xa4\x8e\xf1nk\xc1\xd4\x92\xbd]o\xee\xd5\xfa\
\x10z\x07=\x9a\xad\xf5\x9f\x9d\xd8Z\xc5l\x05\xea\x11\
\xa8\x90P\xb4\x1bj\xadB\x8a\xbc!\x84\xa1vLh\
7AFcB\x08\xd3\xb5\x1eF\xd5\x8bbd9\x9f\
\xb6o\x09!\xd6\xa9\xc1QR\x10\x12\x0a\x19;\x03\xec\
\x0a\x0f\xd4\xac/\x16\xa8T\x87\x00Y\xf8n\xe6#\xf9\
\xd5\x94\xaa\xc0g\x0d\xb3m\xf5\x88\xb2\x8c\xb6G\xb4\xd6\
e9_\x98\xc1\x05aS\x9e\xd7\xc1\xe3\xf0R1r\
SM\xba\xcb~\xa3\x11\x92\xb2\x85\x8aBd0a\x81\
#\x0d.1\xb3\xe4\xe2\x9d\x09T\xa9CxH\xf5`\
h\xb4\x8a\x06\x5c\x02\x8e\xf4\x8e\x0d\xf7\x221\xfc!\xd2\
\xbd]=\xc7\xd6\xeeb\x09m\xa9'\xac\xc7\xb1\x95\x8e\
&v\xc2)\x84_\x86\x92\xb9\x82d\xbel\xea\xea|\
TL\x7f\x83c\xcb\x11\x12\x86X\xd9\xf5\xc2\xe8\xe1W\
wk\x99\x1cX\x8f\xc6\xb2l\x04\xf8\xa0\x1eA\xef\xa0\
]\xa9\x11\xe6\xa2\x80\x8f\xfc9\xf7W\xc49\xfbg\xcf\
\xfd\xa5W\x0b\x10\xa1\x12\xa1\x16\x89\xd5U6\x89\xa7\x9a\
\xd7\x8a\x91\xb69\xde\x0a\x22 \x00I.LD\x01\x83\
\x0c\xa5#K\xf8\xfb\xf5\xf3\x0c\xb8\xa0\x92\x09B\xc7'\
\xda\xec \xa56kUW\xe0$\xa8\x92\xe5BP\xa2\
3@bC\x9f\xe9\x9bh\x92k\x01\x09\x22$\x88\x22\
\xba\xa5e\xf8\xd0\xb5:\xab\x9d7x\x5c\xbd^\xaeU\
\x894@H\x8f\x02\x11\xf1\x09p\xeaVZ\x03\x1be\
\xd1\x14|\xe0\x14j\x09\x9e%\xeb\x111\xc7\x8d\xa5\xc4\
I.p\x94\xc0\xd0*\xf4\x08>\xaa\xed\xbf_j\xc5\
\xc8\xac>\xbc\xd2\xfc\xf8\x18jW)a\xc2\xd9\xd3\x90\
\xd2\xe0\xb2\xc2\x8b,\x0f\xc5s~]2\xbf\x96\xe5\xc6\
+\xbb\xdee\xcf\x87\xd0\x17%b\xa4\xbfU#z\xfe\
\xc6\xd9\x0ah\x1d\x94\xcfw;\xcd1r\x96,\xad\xf3\
\xd1I\xd5\xb4\x8a\x91f\xf5\xf5\x8d\xd2gl\xbd@\xa2\
O\x0bWF\xd7\xe4\x83\xd8\x88\xe2\xa4>\x0a)>\xee\
\xc5\xab\x05\xc6ot8\xe9E\x89\xda[s\xb9}\xcf\
\xddi\xeb]\x86\xea\x8d\x9a[\xa9`\xb7}\xb6H{\
;\xa0\xa5\x85\x9d\xcc\xfe9\xcfC\xf6S[g\xaaD\
\x9635\xb3\xa2\x80\x81\xe8\x96\x80\xd5\xcc\x0d\x1ef`\
.\xff$e|pE\xddk\x9a\xa5\xeb\xa2\xb4\xb0N\
\x8c\xe4\xec\xc0\x89\x9f\xee\xc0Gt\xcda\xb2\xd9L\xe7\
\x0b\x01\xf7t4\x19\xb3\x91\xbc\xd3v\xb6}(Y{\
\xff\x8c\x9e\xde\x8cF\x08!B=\xd2\xf5\xa0\xdb\xc9h\
\x85\x88\x11ru\x08\x01\xc2!\xed}m\xe8X\xac\x8b\
\xd4x\x80\xe4\x18\x03\xa7\x95\x8a\x9c\x86\x9eZ\xa3\xc7o\
\xd3\xe4Z\xa9\xdf\xb6\xaeEhf\xe9\x16H;\xd8\x88\
\xee\xbd\xc9\xc3\x9a\x9a\xa3H\xc3\x83Pm\xa4\x03^\xa5\
\xa9\x06g\x18b\x8d\xaa\x8b\x0c'f\xe3\x8bxC\x9d\
Rj\xb1\xb7\x163Q%M\x16G\xc4\xc8\x8f\xb1@\
B\x88\xbb\xd4\x90$*\xad\xed\xe6\x85\xb4\xb3_\xdde\
\xa2\xebg\xec\xec\xe5\x89'\xcb\x95\xfe\x13-\x95H\x00\
H\x0d\x80h\x86\x8a\x16\xf2{d\x02q\xf3\xa8\x05\xd2\
#\x7f\xff\x90B\x09;RR\xef\x88\x05\x80R\xc6\xda\
\x0d\x22\xe4#\x01\x22\xb6l\x9bv)?<]+!\
\x81\xf7\xd7\xb3QBs\x94,\xd2\x9e\x07\xdb\xe1\x16\xf5\
jv\x83\x08$\xc4\x11\x83\x1e\xd9A\xef \xcc\xd5e\
_\x94\xd0_\x8b\x12R\x7fCp\x04\xd9\xf1\x8a\x0fW\
#(Bd\x99n\xccg\xec02\xae6\x89\x8e,\
\xea\xed\xd6!\x82}\x8c\x8e\xb8\x121|\x00\x1d\xf0\x81\
\xd1\x06\xc3\x91\xe0\xc0%\xc0\xaet\xee<vq|\x81\
\xd3(\xf3\x95\xe7\x12\xcf\x84\x8f(\xc1\xa4\xfd\x1d%T\
%l\xaa\x9d \xf1|!%#JH\x8e1\x87p\
\xfa\x11\xc9\x5c\x1d[\x17\x88|\xe7\x9cC<\x02\x13\x99\
\x97\x0e_\xe6\x1f7M\x93 \xd7.\x15\xc6\xcb\x85\xfd\
\xaf\xa4\xe9\x05k#\xc7\x16\xf1\xbec\x22T*\x85\xb0\
1\x9f\xd9\xad!H\x12#$D\x08@\xf2\xb6]\xd4\
\xc9&h\xab\x07\xb0\xf6PE\x22\xc2\x84-\xc4H\xb4\
\x0a\xd1\xcb\xd9\x0d%(\xd5e\x0d\x22\x01\x12\x14I\xe8\
\x1b\xcf\xbc\xdf\x9d\xf5\xd7\xf2zv\xd9\xfe8\x81\xc4\x19\
\xbb\xf3\x11DG\xf2 \xfb\xd7#\x04G\x5c\x8f\x9cZ\
\x1e\xcaY\xa4#\xabZ\xed\x9cY{\xb6\xe95\xb5\x02\
e')\x15t\x10\x1e.D\x87\xec\xec[6\xfa\x8b\
\xad#\xe3\xac\xf5\xb1\x98.H\xdb-\xfa\x9e*T\xf4\
\xde\xac7j\xc9\xad4\x94\xd4\xc0I\x09\x92z.\xaa\
D\x9cP\xfe[\x1d'\x9f+\xf1\xfe\x0emn\xb5n\
\xa3\xc1\x9dB\xc3\xd7\x9b\xc1'\xef(\xe7N\xdf\xf9Z\
17\xab\x9b\x08\x11\xd3 \xcaA\xac\x8ed\x95\xd0\x01\
'\x969\xab:\xa6R\xf4Sq\x8f\x97\xbe\xc1eq\
\xd6\x1c*\xaeVy7\x81JQ\xf8\x05\xcf\x16\x8d\xad\
\xc0H\xe4\x97n\x95\x90hHG\x1a\x01'E\xc28\
\x22\xf5\x886\x90\xe7\xec\xe9\xe4\xdd\xca\xdbk)m\x07\
F8\x0e\xb1h\x19\x9f\xab\x11Y=7^~\x00\x18\
y_=\xf27\x14\xc9\xdf\xb9\xad\x15\x13\x7fu#e\
?\x08\xfdLU`iQ\x8f\x80\xb4\x03#y\x99.\
\xd5\x88,\xa3\xb3\xaam\x15#\xcd\xe2\x98\xf8 DB\
\x90\x1d\xf8X\xbf@\xd5\x04|\xf0\x8e\xa7\xd0\xb0\xaeB\
\x8a\x0c\x0e\xbaI\x1bGh\xda1}\xc5\xebA\xf4b\
\xd2K\xcf\xbc\xa4J\x87\xadA\x8a\xdd\xc2\xf5\xab!V\
\xa2\xf6\x96\xd4*\xb6\x9e\xd7\x8e\xdd\xf4c5\xbc\xbe\xbc\
\x1e\xb4\xa8!Y\xabc\x8b\xb5\x8a7{\x93\x1a\x98\xf2\
V\x12\xf5j=\x9f\xfdng\xcd\xa8A\xa6ja\xd9\
\xd5k&\x94B\x83\xed\xc0\xec\xc0\xe4\xfa\xf8\x5c\x8f\xb5\
%0\xeb)\x92S\xe8\xb7\x1c\x11d\x8a\x02(\xb8\xb1\
,M\x9f\x14\xa1v|\x1a\xa5\x1e\x91\xfdvS[Z\
\xe3\x99E\x11C\xea/\xeau\xbd\x0f\x9dAD%\x12\
\x12\xc5\x08I;k\xd9\xdd\xd4rq[\xcb1b\x84\
d\x07\xb9(qFO\x1c\xad\xe0:\x84}\xb1?\x87\
RDv\xfc5\x84\x88\xc8I F\xf4&\xc2\x16\xbf\
\xa8\xaf\xba\xfeT\xcf\xf4c\xa8_\xce\xe4#\x8b\xac=\
\x87\x09 \x90.\x7f\xe0\xe353.:[\xc1\xb1\xb1\
\x98\xa1;68\x85gg\xd8\x81RcW\x9b\xc0j\
\xd2Rv\x5c\x86\xa6M\xf4\xea2s\x87%N\xc8\xe0\
R\x1f\xeaB\xec-\x95\xacAp\xb37\x19^\x0f\xb5\
\xa5)H\xfb\xd5\xd012<\xaf\xaa:^\xd7\xb3\xf5\
R\xbdKM\x1dB\x86\x8d\x88i\x90\xf9\xca\xf8\xf9J\
\xd1\xa1\xd01p\xc5\xa1\xd2\x0d\x8e\xb6\x88\xf0X\xe3\xaf\
%\xb8\x0b\xe3\x87\xa2U8\x80\x98P^3/1L\
VY\xa9G\xa8F\xb0l\xb6\xcdL<rB.\xab\
\x8c\xb4\xff\x9e\xb4\xa5\x8aDVk\x97\x9e0\x22K\x1c\
\xcf\xeez\x84\x8c\x04\x10\x09\xa4\x9d=\x1f\x0ew5\x9f\
\x9d\x189<D\xfdH,h\x8f\xa1\x11\xdaZ\x09\x22\
L\x8c\xcf\xf3\x19\x15#Gtk\x09@@G\xc8F\
$\x828zN9C\xd3\xcd6\xe2C\xb7\x92\x8a+\
\x02\x1c\x1fIX\xd8\xde\x81c\xbd\xf4\x88 b\xe6\xc5\
\xfc7\x13\x0c\xb2\xeatK9/0}\x15\x97\xad\xe0\
\x01m\xa4\x01\x13CZ\x0c\xbb\x0b)Q{+\xbf[\
\xeb\xa3vp}yYm\xba\x99\x9d{Z\x8b\x08\x91\
\x04\x94:\xabgD\xad\xfaB\xcc!P\x91\x80\x10E\
\xedL\x01b\xf1\xd6\xb6q(\xfaT\xf9\xb4s\xbdD\
\xdd\xe1\xc0\x01L:\xcc\xd5\x08\x06\xa5\xb6{\xe9\xec\x09\
\x1aB\x1a\xbc)\x14\x03\x0a\xce\x03\xf9H\xe4\xec\xb2n\
gMr\xc0,\xaa\xd1\xe8\x82 \xc91\x22\x12\xf8\x88\
\x08\xba\xa2\xa0\x8f)\xf5HglA\x08\x11\xc2$\x9b\
\x87\xc8\xfeZ;\xe8AW\xf6\x8dg|Dw\x90\xac\
\x7f\x10\x84\xac]\x85\x84\xc4\x0b\x11\x99\xd0\x98\xf7D\x01\
F\xb4G|\x17A\xd44\x14)6\x94%\x90\x11\xdd\
\xcc\x8fe\x18H\xf0p\xf1\xcfP\xebL6\xaf\x88l\
({\x08\xc8\x90\x1d.\x0a\xe4\x0b\xb2\xfa\x83\xc3\x99\xed\
y^\x0f\xe2~\xaa\x06\x86\xfc\x8bR\xf8:\x0e\xebP\
H\xceW\x0b\xb5\xf6\xeb\x225Q\xe7N_\xddU\x87\
\x1d+\xaf\x1c#W\xd2\xfe\xa4)\x87\x01Mk\xd1\x0c\
JE\x9ek\x22\xa4i\xd2\xc3\x04\x90%\xa6\x22\xb4\x88\
\x1aB\xa6X\xd9$\xdbq\x8aWLjE\x7f\x9f\xe0\
D\xd4\xcd|\xfd\x0a\x1d\xcc\xe0*U\xc6\x1buM\xaf\
k\x0b\x84de\xc1\xae\xba:\x1d\x13#\x22\x85\x16\x89\
\xbe_\x8c\x0ce1{p\xfc\xc6\xb1#.17\xfe\
\x13\xf8\xc8\xeerQ\xbe\x1e\x84\x18b\xaeKhp\xe9\
J\xcf\x96\xda\x8a\x1eF$\x1fa|\x04\x13\xd9\x8f}\
\x9e\x82\x13v\x85I5kV\x82\x91v\x0e:\x12B\
\x88\xa8T\xc8\xf0\xa1{~a\xa3\xf2\x86\x0e\xbd\xcf\xcf\
\xbd\x11?\x05\x07\xc7Q\xd5\xca\xcd\xc1D#\x97Y!\
Vo\x83\x1a\xca\x0e\x89jz\xbd\xbc\xbd\xad\xb5\x12\x0a\
\x13I\x09\xc2\xfay\xb6Z*HZ\x83\x96\xe3\xe4\xdb\
\xde\xa8\xaa0\xef\xf3\xf9\x9b\xccQ4\x19N\x06\xb3\xcc\
s`\xfe\xac\xa5z\xa8Z\xfd\xe5\x1c\x9d\xad\xfb\x94\xff\
\xab\x0d\xe7\xe4\x89\x0f\x80\x80J\xb0\xc4+\xba|C\x85\
?\xde\xce,\xa9\x1d\x0e\xb12\x98\xe37\x00\x8c\xe0*\
\xd2=9\x03\x8aa\x818\x81c\x8cA\x15\xe2\xc3v\
\xdb\xb7ir\xa0?\x7f\xbd\x1f\x87t\x14\x11\xc3\x88t\
\xa2\x03\x1bI\x94\x95M\xe3C\xbb\x87hf\xd1\xefK\
\xc6\x1e0\xc2\x18\xe2\xbf\xde}\x1e\x22\xf2\xb5\x88\x11\xf6\
3%H\x14\x1f\xbaAb\x8d\x95\xb9\xb6P\xd2\xcey\
\xa1\x99\xb1\xa5\x8ba\x04\xd3s/F?*\xa5\xbcb\
\xc0\xae\xcf\x04\x089BT\x92\x92\xc0\xeb~\xab2\x80\
t\xcaC\x1b\xbdCu\xb0\x1d\xa9l(\xaf\xada\xf7\
X\xaa\x06\xc3(\x08=B\x16\x10\xa6m\xd8\xe5\x95\x1a\
o'[\x1ep\xd1K\xe8E\x03\xeb\x811\x90\x94\xcc\
\xb2\x94+k\xd0x=h\xec\xb2\x96l\x94[\x1b~\
5\xbc\x1e\xbcxX\xc4\xf6\x0bUD\x1aZ\xcf\x869\
\x02!\xcdB\xfe\xe6\xac1\xdfTBx\x97\xad\x9bW\
\x5c.\xa2\xd8{\xe1\x98\x1e+fLJ\x08\xca\xd6\x91\
\xe2\xef\xc2\x92\x22\x9b\xf9\x8a\x1a\x05\x1ee,\xf4\x89\x01\
'\x81\x92l6u\x0a\xd5<?M\x9e\xd2\xf4\xf0\x08\
\x92\xd3rLO1\x101\xf4\xd6\x0a\x05$=qv\
\xa642\xce\xbe\xa3:\xc4\xff\x9a_k\xf05\xd8Z\
\xc1\xff\x0b\x8c07\xde\x13\x7f\x09\x12\x0e Q\x16\xc6\
L\x14\xad\xae\xa2\xeb\xd7\xb5\xc8\x185\x88B\xf2\x94\x8e\
\x00\x0eND\xe49^\x80\x1fKE\xe1!\xf8Px\
X\x07\xc5\x16\xed\xcd\x19I@:\x93\x88u\xc7\xb2v\
\xe8]P%\xb6N\xeb\xebN\x87\xee\xf4]\xb7hG\
Kj\x92h\x0d\xb3\x9b\xa6\xb0\xe7\xa6\xf5be\xcc\x9d\
\xc3ne\xb7\x1c\x5c\x0d\x16v\x8b\x96\xce)7\x8a\x11\
-\xcc\x1dq\x04P:\xe8\xcfj\x80\xba\x86\x86\x82\x22\
I\x8d\x8dm|A3C\xe1G\xd6^2=\xe4\x80\
\x10\x0a\x8a\xf6\xd9\xe0\x98\x81V9\x0di\xa6!@\xdf\
P\x1b2S2\xf9\xc2\xe7h\xa8\x0c\x9en`\xd0\x03\
\x80\xa2/\x96\xae-\xdd\xb6m\xab\xf0}^ks\x14\
\x15\xf7k\x9dcV;\x8d-\x0e\x9f6\x84@\xcaJ\
\xf6\x03\xcb\xd6*\xc6N\xf7\xc5\xd9\xbd\xbf\x16\xea\xd9\xdf\
\x7ff\xa8c\xe4\xe0K\xa6G\x02D\xe2l]\xe3\xed\
\x90\xc3\xcf\xd67\xcc&\x86\xcaR\xe4ki\x01\x22\x0a\
G@GT\x1e\xc6Z\x83\xa8\x09\x8d5\xe8\x08\xf9\xba\
\x88\x01\x84\xf8PI\xf0x{\xb1\x18x\x839\x02(\
 D\x13R\xf3\xe0\xd6\xf0o\xbe\xf9<\xa7\xb2\x87\xe7\
\xc2V\x0aG\xc9\xe9\x9e\x02\xb4,\xf0\xdd\xb3\x99\xba\x83\
\xaco$o\xf8\xb0\xb74R\xb2\xc8\xfaV\x8b\x8c\xaa\
\xc1\xd3\xb4N\xb6V30:rS\xed3\x19\xde\x90\
\x94 2\x07D\x80\x90\xda\x0c\xbc\x05\xd2\x97\x0d\x10\x80\
\x04\x8f\xe5\x7f\x0ax\x07A\x19M\xc0\x8a\xfc\xb7\xb5\xfd\
\x9b\x8e\x14;\xe2,Z\xa42u\xc6|s@\xb8\xd0\
\xf5\x9e\xa3\xe4m\xbb\xec\xa2\x88\x17c\x1fk\xe5AD\
\xe65\xfe\x80\xeb\x17\x13z\x92D\x8c$\x88\xe8&\x92\
\xcf\x9d\xee\xa1#\xb4\xb5\xfe%\x01qP\xf6\xf7\x14\xb1\
\xb5\xfe\x1f\xe2\xec\x81\x8f\x18JP[\x0f&\x92\x95\xb3\
\xe7y\xbf\xe8\xab\x17r\x1a\xe5,\xb0\xd1/Zk\x01\
\x22[\xe5t\xd5\xb2^I\xa8\xae\x9d%\x8c@\x14\x1d\
|\x0a|\x98\xf6P\xf5\xa1\x9fl\xa2\x15\x22\x06\x0f\xa0\
\xc3\xf8\xa7\x8d\xb3z{3SaU\x14Gd\x10\xc9\
\x97$\xc4G\xb7t\xbb\x5c\x0c@j\xf0(L\xdc9\
\xd0X\x92c\x02\xc9\x12\x11s\x10\x80\xc9\xde79\xd4\
)\x1b\xe5~(9\x5c\xb76\x05\xcem-e\xeb:\
\xbcp\x86<x\xfc2\xabZ\xd2w\x08\xa5\xd1\xd3\x0d\
\xde\x0e\xc4ID\x08\xdb_\xbb\xe09\x82L\xafJs\
\x80\x94&Vo\x99w\xa0\x99\x89\xe5\xb5U\xcb+\xc0\
\x84Y\x0b\x99\xf7w\xfb\x9202\x9b~\xba\x02i\x8f\
\xac\xfd\xe44\xe44\xd2\xab\x15(;\xa3\xec\x16\x93\x03\
@\x22i\xff\xc8\xf8\xc8\x01juwQ\xcfN>B\
[\xebC.\xa1|\x04\x92\x85\x11\x15\x1e\xc1\xfb+o\
\x1e\xa6\x16\xd8\x88\x0a\xd3\x19\xd5\xabuZ5\xedJo\
;\xcbS\xc5\x84\xc1\x82G\xe7!\x86\x0f\xe5\xe6\x80\x87\
\xe3\x03#\xa8\x9b\xda\xa2c\x12?\xa0\xbb\x9f\xc2~B\
9@t\xa5\x10\x1f4\xb8\xa2\xf0\xea\x9c%^0k\
\x0a\x17\xda\xb3\x83$\xcbp\x5c\x0c\xf6:\x17\xef\xbe8\
\xb64\xcd\xf1\x85m\xe0E\x1a\x81\x88\xc0\xba\xcd \xd2\
\xa4^\x88\x06\x10\xdd\xb8\x9f\x17z\x84\x10\xa1,Bs\
\x07_\xf3\x9c\xe08ld\xa5^\x0f;\x85\xec\x0c3\
SI\xaf\xd7\xad\xb4\xea\x07P\x1c\x12\x04\x8a3\x92D\
H\x16*\xd3\x0bIk\xe4\x98\x85\xd8\x1e\xc5;l\x09\
J\x10\x1a\x01DL\x91\xd0\xd4\x22i\xa7\xe7\xb7\xb7\x9e\
=\xe4\xc6\xbf+JB\x8d\x151\xd2-\x90\x02$\x92\
\xae\xcf^t&\x8a\x90\x1c$V\xcb\x8e:]bD\
A\x02\x8cl\xc7\x8f\x87V\x83X\xbfn\xcd\xd4\xa2\xc5\
E\x80d\xeaC\xc3^Ix\x81`\x8aa3S\xaf\
\x13x&s\xc0\x03>\x82\x1e)\x95\x88#\x04K@\
\x09o\xdd|\xae\xed\x18:\x944\xd4$\x0bf\x97\xc8\
\xf1\xd7\xa0\xeb\xbe\xf8\xbd\x92\x84\xf9\x9b\xc1\x99\xbd\x8e\x17\
\xeb\xd5R\xb5\x08\x12\xe1S\x90SU\x88\x22\xa4\xb0\xa9\
d\xc1j\x7f\x9b\x00\x89\xe2Vch8\xc7Z\x12o\
\x82mO_\xf4\xd4)R\xe6V\xb6\xe5\xed\xe8\xad\x14\
\x1e\xb7\xa0\xc4P\xb6[\xc7\x09\xadb\x11\x83\x08\xa2\x88\
\x0b\x8d\x09W\xc0\xc8\x03\xf5\x08\xcbHR\x7f-S#\
$\xed\x1c\xf3\xd6U\x8f\x10$\xbdn-\xf4\x9f\xfb`\
\xb5\xba\x9c=\xbd\xd3\x1a+b\xa4?A\x1e\xd2\xef\xd8\
B\xee/X\xbb\xc6\x10\xf5\xddg)\x8dE\x9f_\xf5\
j\x8d\xf67\xf5ri\x09\x8df_\x19F\x00\x14\x83\
\xc7V\xd9\x87\xfa+\xed\x9a\xccH)f\x85\xb6\x99c\
\xdf\xfd\x9f\xba\x07J\xd8\x06b\x95\x93\x11\xec\x22NH\
\xdd\x89\x12Z5\xdcpX\xa8Q\xcfZ\xc1i#.\
\x5c\x05\x89\x09\x86\x8f\xbc!D\xf9P\x0d\xef\x87\xf7{\
\x0d\xbeb\xaf\xae\x84\x8b,\x05\x22\x80\x99`^\x11b\
\x18\x98\x15s\x84\xb2?\x8d\xc7X\xb0\xaa\xf8\xec\xe1\xd2\
\xde\xb2\x05\xc2\x1e\x0f\x9d\xe8\x0b\x08\xc3\xa6QwS\x11\
Nz\xe3T\x16\x1b\x1d\xb6\xdd\xaaFqV\xa2+\xe3\
Z\xdby\xdb\x11\x92Q\x8c!\x16\x05$\xa8\xd6e&\
\x0a\xd4\x883\xf62+\xde\xd5\x88\xc1\xa3\xb7/J\xc7\
\xd9\x81\x90\xdd`Dg\x86\x12\x1dy-{\xe8\xae\x05\
\x88\xb0\xca\xeas>\xcc\x8a\xf9Zy\x9c\xfd\xd8\xbdZ\
FG\xe4\x1cVk\xa1#Hh\xc4\xe2\xf80\xfa\xb1\
\xd6\xa9<h\xc2\x9c\x9b\x13\x16\xc0\xc8\xe3^\x90\x17\xd4\
\x1a\x06E\x12\xa7\xff\x00(\xc4\x075\x09\x00\x12\x84\xe8\
\x08\x17\xe8\xc2,.\xf8\xa3\x00\x92\xe54\x93\xb7=\xb1\
a4\xfbc3\x90$\xc7\xbd\x17V\x04\x8b\xa4Z\x91\
\x95\xfe\x06\xcb\x93\x99Z*1\xf8\x07\xd5\xc7\x1c\x8fp\
\xa4c+J\x18\xea\xc9\xe6\xbe\xb6\xc5\x1e\xbf\x99\xab[\
\x1f\x22VkSW0\xc2\x0a \xf1\x09\xc6\xb50\x14\
S\xee\x9eOL\xd7\xcav-\x84D\xab_&\xc7c\
\x85\xc8\xd6@\x82\xc4_\xb5&\xf2\xeeA\x8a\x10\xa5\xec\
G \xec\x9e\xf2\xfb\xd9T\x89]_\xa1\x07\x1d\x9ba\
\xebV\xceV@|\xe4\x9d!\x22\x82^\xa6_\x0f\x83\
\xad\x85\x15nh\x80\x84(\xa1\x16\xd1\x0d\x10I\x08\x81\
\x1e\xc9\xa2#\xca\xd5\xce\xd8\x0f\xc5\xa2#\x17U\xdb\x18\
\x1d9\xde\x00\x1er\x141|\xbc\x08>j\xef\xe5o\
\xd2\xcd\x0a\xad1\xec\x8da\xe1\xa2b$\xf4\xc7\xb6\xcd\
Mq\xce\xec\xb1#U\x08\x90\xc2\x85B]B\x98\xb8\
\xc5E^2\xad\xcd\xdc\xc2\x08+\xddj\x9d\xd5c#\
\xdf\xaeo\x06\xfby\xeb\xf9Z<Z\xc9\xd02Md\
\x081\x15B\x03+<\xe7\xebT#&Dxij\
\xf9\x1b%B\xa2*A\x9a<\x14\xb1\x01e\xbdhP\
:\xe3\x885\xf3\xd6\x14\x8a\xe2d\x03\x9c\x98X0+\
\x91v#$\x22\xbd\xfdL;:r\xc49oz\xd9\
\x80\x8b\xa0\x06\x91%\x88\x9f1\x1a\x0a\x8e_\xc6G\x82\
\x1e\xf9\x06\x8c\x88\xa9\xf5\xce|\xe4\xbf\xd9\xccP\xce\x1f\
\xe9\xcd\xd7\xa2&\x89\xa9(\x80\x88ntl\x1d\xfdp\
\x90X\x0bS`dk\x18\x19\x7f\xffX'\xe3u\xaa\
tDE\x01\x02\x03k\xd5*>\x16]\xef\x1f\x00%\
Y\xc6\xc9\xd3\xb2\xd1\xcf'o\xd6\x11\x9a@\x04\x948\
@\x5c\x88\x8f@\xda\xb1F\x014\xb0\xc3C\xa7\xef:\
3'\xe7$\xeb\xb9\x1aW\xe8\x94\xf5\x0a\xb5\xd2\x0c\xae\
5\x0d\xd8\x8b{S\x5cD\xb4N;\xb5t\x99:u\
\x92H\x88\xc0\x92s\x11.\x80L?%\xe1x\xe8h\
l\x15\xb2\xe2B\x9c\xf8\x09D\x8fx\xe3\x81\xc8N\xc8\
C1\xfaAh\x02Y\xb2\xbb\xde\x1c&FHR@\
f\xfaRa\xcan\x99\xb0\xa5\x17\x02\xda\x07u\x8d\x1f\
\x0c#\x22\xdf\x8c\x8c|\x85\xb5\x95Qv\x80\xa4/\xa3\
\x91\xf1\x11\xdaZ;\xa0#\xec\xd3xx\x80\xdcx\xdd\
\xf0\xe7\xe9\xd9\x8a\x18\x01N\x1c#\xba\x89\xd8M\xe1H\
%a\xe4\x04\xfd\x1e\xd0\xe6\xd7]\xbf\xe3\x8f\xe7\xa0#\
\x1b\xa5\xec\x8e\x8f\xcdJSv5\x0a\xb1\x8c\xf8P\x07\
\xcb\x06\xc4\x91\xe0\x08\x9d\x84b\xdfF(\x91\xe8\xfa\xa5\
:)\x81\x02\x94\xf8.P\xf5HIT\x8c\x97\x00%\
\x00\xc9\xac\xcb\x0bS\xc6\xa4\xfbT\x8a8\xd8\xe4\xa3\x0e\
\x05Js\x8d\x8b4\xde(\x15\x08)\xf4\xc6\xef\x0b\xd6\
\x02\xb4\x94\xa8F`p\xc5\xf9.\x04Hl`\xcab\
\x92t/J\x84\xd0\xfc\x89\xf4\x16h\xa8(9\xa8\xd7\
I\xe7\x93\xbd\x0b!I\xed\xe3g\xd5H\x8a\xda\x99\xb1\
\xe5c\x11\xa5\x92\xc8{l\xa5\x12DNU`\xeb \
\xba~?\x91\x91x\xf5\x08\xf0\x11\xf8\x88\xd7!\xbe\x7f\
w\xadX\xab\xcb\xbc_j\x92\xff5_W\x7fHW\
\xef\xfa\xc0ao>R\x97\x1dQ\x18@\xdc\x8e\xaaW\
\xd0\x91\xed\x86\x06\xd6\xa2II\xdb\x22\x98M\xa9G\x1d\
\xb4\xa7\x11-\x85G\x8e\x0f<b\xe5CP#\x9c\x8d\
\x18t\x08\xbd\xbfE\xb7\xd3\x10o\x8f\xc2KS\xa5\x1c\
\x15\xa5e\x1fS3\x98fZm\xbbn|\x8eH]\
\x83|T\xd5\x87\x04\x10\xbc>K\x10YN\xebD\xd5\
\xd5!T\xfc^\xec\xdc\xb1\xc5\xd7a\x82\x01O\xc40\
\x8d\xc4\x00\x13\x12\x12\xe2#\xccS(\xba\xc5\xa3\xbf\xaf\
\xe1\x04\x0aE\xc3%\xf0\x9c\x00'\xf6\xc1\x08+|q\
z\x22\x18Y7\xd6\xad\xf1\xc3\xe9\x98\x81\xf6\xc2\xd8r\
\x84\xfc@|\xc4\x9a\xfer\x14\x22\x10\x820{\x0a\xb4\
S2\xd7oY\xcf\x9e\xe6\xb3\xff\xcd\x94\xc6]\xccV\
\x881DF\xda\xe3\xc47\xaa\x12\x96Yy\xc1\xae'\
5&\xbf^>\x9d\xe7,\x89\xaa^\xa3#6xD\
\x13\x1a\xe5S8>6\x03\xab\x9d\xb1{\xecR\x16\xd5\
\x1f\xf2\xea\x0a\xe6\xafA\xa3\xa7Gv\x0f!\xa1\xf4\xe2\
$\xba\xb4\xc8DH\xdbq\xe8\xa1\xec\x05jpgm\
\x0d$)\xe2\xbeX\xd7\x88\x81$\xc6\xaeK]\x0d\x16\
\xe9%[\xda\xf5B!\x22\x16\x16\x9cYn`\x01\x07\
\xba\xfaS\xbe\x94[{8B\x16\x19P\x08\x8f8\xdd\
\x0d\x18\xe9\x19\x83\xd8\xdf\xba\x94\x0ae\x0d[7\xc1\x04\
o\xda>\xa0\x16f\x97\x18[o\xf5<\x11\x92\x93\xfb\
\xf1\x05\xe2\xec\x9c\xd4\x0e\xd7\xafH\xd9\xa7\xb1(\x1cI\
b\x08\xa1\x0aa-\xbb;\xb6\xca\xdeA\xe5l\x85\xf7\
\x9e?\xc2\xdc\xf8\xc3\x83/\xc0\x07\x11\x12=[DH\
6]\xa1\x1ce\x95\xc4g\xea\x96y\xf1h\x85-t\
\xe4jR\x9b\x9f\xf0\xe5?\x82\x8f\xf5\x9c\x0a$\x89\x1e\
\xf53i\xe6\xean\x84}\x15\xda\x9aB\xe2\x88],\
\x11 \x8e\x11w\xf6\xf4\x07\xdaieE\x09\xf1mn\
*\x02\xee\xb9\x19\x5c\x1a\xf5\x91dv$\x0d3\xa4>\
\x18\xc8c\xc6\x0e\x97\x89\xaf\xd7mkD\xc4uD\xc1\
\xce\x03n\xf0\x8c\xb4$\x09\x0ea\xa8\x1b][\xd4%\
\x11&\x94\x9e\x1e\xd8\x10\x94'\xbc!\x90+T\xc4<\
\x8d\x99e\xd7\xd6P'\x82%\xa1\x91\xda\xf8\xe1m\xf2\
\x94\x97\x22\x16\x9c]\x03$I\x18\x1ea\x00\x91j\x84\
\xce\xdf<\xd0\xde\x9f\xf7K\x8c\xbcw\xeb \xcb\x8d\x07\
FB\x1d\xa2\xecsE\x02a5\xa2\xac&\xccEQ\
\x88|\xf3\xce(\x82\x11\x0e\x1e\x01D\x90\xf5\xbb\x15\x8c\
<~\xb5\xa1\x0a\xb3\xd7\xcd\xb2M\xf8\xe0\x05,\x22\xe7\
=\xdd\x9f:\xfb\xea\xb7\xe2\xf6\xd0!\xfb\x1f\xc0\xa4\xcf\
\xdc\x8aB\xefP\xc4\x09\x11A\xca\xee;;j\x16\xc6\
T\x9d[\xcb\xd4\x0a\xc2[/\xa6\x07\xc2\xd9_\xf18\
y\xb9\x96\xc6\xd7\x1b%\x22\x86\x10\x15\x22\xc5\x9fS\xa3\
\xe0\xe5\xe0X\xa3\xc0\xab\xf5[\x7f\xf8\xa0C2%R\
\x18[\x0e\x13\xbb\xeb\x10'(\x94\x06N6ZHC\
\x8f<\xf9b\xdd\xc8\xed\xec?\xab6uk\x5c*!\
y\xd8\x0aJ\xce\x0d$\xceHN\xb3\xc4_L\xb1\x12\
\xe9S$=\xb3\x15\xa8F\x1c!>\x7f\xe4\x0b\xf5\xc8\
\xbb!$\xf4\xc4&\x1faM;\xd5\x08\xb2\xe3\xe9\xfd\
\xe5\xe4P/ a\x98]\xdf\xb8\x99Z\xb2\x94\xd3t\
1\xe2m<\xd9<\xa7\x8aq\xf1&:>\x903\x91\
\xf8`\xbbLnx\x0fW\xf5\xf7\x80 @\x82c+\
\x92v[\x02Hd\x89\xa1v?\xf6\xc2\x84x\xe8\x17\
\xed\xc9\xda4\xcf\x8dP\x12un\x91\xb8\xcb\xda|\xae\
\xd9\xa7n\x99\x5cZ\xf3imf\x96\x8a\xf3\x0b\xf2\x10\
\xc2\x85!\xc5\xf2\x85\x08\x92\x9e\x94\xad\xc0E\xfa\x87\xb2\
\xa7\x1d\xe5\xa5\xbf\x9f\x96>\xb6O\x05\xc3\xa8\x0d& \
\x8e\xe9\xb6\xb62\x8c\xb4\xcd\xfe9;\x08\xa9\xb8\x229\
\xd6\xe58\x01D\xc7\x85\x82\xb5\x7f\xf1\x18\x22f+\x10\
 }\x95\xec\x1dIN\xf7r`D\xf9\xc8\x0eg\xf4\
\xa0\xc6\x8a\xbd\x83\xfe4\x7fZ\xd7\x18\x1fA\x10\xd1+\
\x11S\xeb \xc4G,\xa1\xd1kG\x90\x18\xff\xa05\
\x88+\xa1\xec\xde;\x0d\x0f\xb4\xc1\xa6\x1aX\x8b>|\
\xf4\x0cZ L\xfagQS\x8d\xe8\x9e\x92\xab\x91\xe8\
\x02\xe6R\x10\x92\x08\x8d^\xa8Xr\xa2z\x80\x15$\
m\xd1\x1b\xb5\x9ey\x0d-\x5cZ\x8b)\xa9:\xc1\x11\
\xfdV8\x10\x1a\xbe\xe0i\x06\x10\x1c\xa2\x1e\x11))\
;\x11\x12\x9a\xc5\x17\x08\x09(\x812\x07N\x8c?\xc2\
\xecr\x9c\xccZ{0\x9f\x1e]\xa3\xa8}k(\xf1\
\x5c\x94S\x8eW\x105\x82i\x88\x88\xb3GE\xc2\x02\
\x92<\x84\x08)\xf5\x88\xcfC\xdcy.\x8a\x00\xa3\xcf\
\xd2\xea\x9fc\xa5\x9b\x85\xd9\xcd\xaf\x85\x5c\x94o\x8a\x12\
uk\x81\x8f\xa4f\xd8\xc4\x88\x9e4k\x89\xb2\xea\xfc\
\xf6(\x1a\xb2N\x0d\xd1\x9f\x98 \x12\xf5H\xf4jA\
\x8fDC\x8b\xe2~O\xce]\xc0B\x99\x87\xe9\xd4\x8c\
]\xf6j\x91~\xd1\x92\xf4z\xaa\xfaQx\xfb4\x13\
{b*e\x9d|\x12\x89\x88\xf4\xe1.^\xff\x84\x0e\
9\x08^-\x85\xa9(\xba+B\xa5\x81\xaec)\x01\
\x12\xa6)\x10\x1f\xac 1A\x99\x9b\x0em\x17\x9c[\
\xe5W\x91*\xb6\x9cn&c\xf0\x91\x10!\x11\x8cd\
\x84\x04\xba\x04\x18I\xf3G\x22\x1f\x01e\xa7*\xd1\xdd\
\x07N\x0cE\xef\xa0\xaf\x87\xbb\xa8\xb1\x02\x1d\x01FX\
\x87H\xc2\x8ec\x98A\x0d\xa1\x22\x09\xd5\xba\xda_K\
\xa3#G>S\xf74k\x85\x9dd|/\x09\x8d\xce\
>`a\xa9\x83\x17\x04\x9d\xf2j\x0b\xa5\xd3\xfc\x14B\
\xa47\xd2\x0ez\x1ah{\x0fD\x5c\x8f\x84\x04\xe0\x7f\
\x22\xfc\xde\x95fr\xd4J1RRJ\xd6-\xdb\xd5\
\x88U\xe6\xce\x9e[\xa6\xd8\x94\x9a\x82F\x15\x89z_\
\xbe\x96\x1eJ6\xd2\xabG\xfaC\x88T!@\x09\xf5\
\x08\xe9H\x81\x13\x977+wcB\x84\xa8\x93\xb2c\
\xe4t=\x19=d5$Zeeb\xe3\x15`l\
\xf9pv\xa3#\xb0\xb5Dr\x88\x90\x8b0a\x8bZ\
\x84\xf3\x10\xdf\xb5\x9e\x9d\x94\xc40\xf2\xe7\xfa\x11\x97\xd8\
\xf37\xb6\x8dg\x19\x22\x08\x09\xbbk\xb1E#L-\
\xa3#S\xa7\x04\xa9\x99\x01\x15H\x10`$\xf6\x12z\
%>\xd8\x19*(\x92\x9c\x93D\xd2N\x8fO\xa0$\
\x22\xb4\xb4\x82\xad\x15\xa5?9}5\xafam\xcd\x14\
\x1fe\xeb\xad4\xc2M!\xb2\x98:D\xa8\xa4x$\
E\xe1\x16}k\xb1|\xc4\x17\x02\x04\x8b\xc3\xc4\xd3}\
K=\xd2\xef\xd7b\x17l\x96\xe6\x12%\xc4\xc9\xdb\xd2\
\xf2\x22\x96~\x16\xad[c $\xf4\xfe\xb21J\xca\
kt\xef/\x04\x18a\xa0\x1d\xe2\x18\xb1-\xc7\x08\xfa\
k\xed\xaa\xdfo\x89\x11\x16\xb3\xebB[\xcb\xcaum\
\xc9\xfcZl\xb1\x05\x94\x88\xb8[\x8b|D\x84\xd1\x91\
\x8b\xad\xd1\x11\x84\xbb5EQ\x18\x88+\x90\xd0\xb2Q\
\xb6\xd8\x1f\x1b \xa1D5B\x84\x90\x8f\xe4(Y\x84\
\xac\xc6\x1c$\x01 \xff\x5c\xa8y\x96\x8b\xe6Y\x9dU\
\x88\x92ds\xdc\xf4\x81ZZ\xca\xee\x1b@\xa4\x04\x0a\
YGx\xde\xebM\x9b\x95\xb1\x11[\x83\xfc\x9e\xd1\x88\
\xce\xf2\x90~\xbfV\xcf8\x05\xc2\xe4M7]\x0c'\
A\x9dX\xb7\xc6\xc7c\x8b\x90l/HH\xce\x12B\
\xb2\x8e\xbf(C<\xfa\xfa-\xce\x0c\x85\x1e\xe1\xc8\xe9\
\x8f\x81\x8cP\xc8\xd9\xa9Gv\x93\x8b\xe2\x18!:(\
d\xed\xaeIB=\xbb\xbe9@D\xa4h\x1c\xf4\xdb\
Tv$4\xda\xf8\xaaF3L\xb6\xff>\x06@d\
\xc1\x0a\xf1\x86\xb2\x11%\x102\x92l\xf6[O2\x0a\
\x19\xc9\xc2\xe7\xb6\x170\x99\xfb\xa6\x0b`R\xb0vl\
}\x923|\x8b\x0d.-O\x1e\xf1vv\x18\xd5/\
h\x5cH \x12\xb0EX\xe0\x18\x9f\x13%\xfd~\xdf\
?\xeb\x91$<\x03<1\xbd|\xc48\xbb\xadq,\
\x0f\xc4\xdbp\xb0\xce\x07Q`\x80tzn\x11\x12P\
\x12F\xda5\xf7\x17\xa4\x1dZ\x043H\x8aN\xbf\xc8\
E\x89\x8e\xdf?\xc7G\x0c#\x7f\x01#\xbb\x8a!\x1e\
\x848{\xec\xb0\x15\x03\xed\x0c\x22\xb2\x0f\x1d@\xa2\xfe\
\x0a\xd7#*4\xb5\x12g\x1f_\x7f\xa8g\xab\x14\x06\
\x11|\x1c\xff\x90\x18\x08\xf0AxP\x91\xf4M#!\
g\xefukE\xbf\x16\x968M\x81\x08\x89j\xa4\xaf\
h\xb7_J\xb5\xa3\x9b\xf9\xac\x1a\xcdIY\xd5\x1cT\
\x8d\xddl5\xd7\x8c\xa6\xe6\x7f\xa6P2oK\x97(\
\xfdH\xf5\xff6*\x11\xec T\xa8\x04IL\xd8\xb2\
\xb5\xc7\xb1\x15`\x22\xab)z\x83\xc9\xa9\x8c}\x13\x05\
9\xf3\x99o\xde\xf4\xf7\xe2\x8c\xc6\x96\x87G0\xa3\xc7\
\x92\x1aAH\x92\xe3\x17)\x8d\x90\x08\x11\x98ZT#\
y\xfd\xc8Nz\xd0\x09Dz\xf8\x08\x93\x19#D\x8a\
\xf8\xc8\xa7\xcfHF\x09\x10\xb1zv&\xfd\x9e\xc1\xad\
\x85\x22\xc4\xd4\x12E/\xd1U\xbb>\x00>\x92\xc8!\
\x98Z\xd4#\x90\x17\x22$\x0e\xed\xe9O\xfc%Lb\
Vc\x7fR#\xa9{I\xa8\x11\xb2(\xe3yT\x05\
\x012\xcb\x85\x0clS\x85\xc2vp\x18N\xb2Z*\
_\x87\x16!\xd3.\xf4\x89\xff\x8dB\xa8H\xa2D=\
\x12\xd2\xb5\x8a\x19+\xb6\xa3\x16!a/ABs\x0b\
g\xba\x0f!V\x84(\x82\x07\x9b\xed\xc9\x97\x99\xe6O\
\xac\xeaYeeV\x0f[o\xfc\x90\x17\xebzr\xbc\
\xba\xb5`jY\xd6/9{\xbf\x1a\x09\x08\x81\xad\x85\
\x9e\x0f;\xf2kA\x8f\x00#\x0c \x1aR \xc0o\
\xe1\xfb\xb5y\x88\xb0\xb6\xb2\xd4x\x15\x8b\x8e`X(\
\xa2\xectk\x8d\xaa\xb7\xe9R\xa5\xdel\x81\x0fj\x11\
;F\xbf\x16\x1b\xd0a\x8d\xb3\xdfb\x10\x91\x02\x86\xca\
b\xc4`q\xf5\xe4\xc8\x03\x16\x103\xcb\x82/\x99\xf0\
\xd0\x15G\x12\x83\xe5,\x85\xdb\xd7\x8dA\xc3\xe7\xb9%\
\xc2\xbehq)Se\x81J$\x08\xc4\xd1k\xe8`\
\xa4_\xcc%j\xb2no\x12L\xadEtk\x85t\
-P\x92\xe0\xfc\x8d\x9e\xadtt\xa1\x1eQ\x01P\x8e\
\xd7\x8d\xe2\xb2\xa9\xab\xb31I{\xe4\xecl\xd4\x98\xd4\
\x88n\xe6\xd5\x92-t\xa0c\x85U\x06\x91\x9c\xb2c\
\xf64\xf5\xc8\x0e\xd2\xb5\xac~\x041Df\xc6#m\
+\x0c!q\xd2\xce@;\xd4\xc8\xe1\xe1W\x96\x8f\x88\
\xc0\xab\xe5\x18a\x0d\xe2V[\xa2\xa4+\xb4\xd9n\xa9\
At\x17z>\x84>\xf2\xbd\xe9\x8c\x11 \xcc\x8e\x0f\
\xc6V\xf0j\xf5d6Bg\xb0\xf9\xa1;\x000\xed\
\x03\x97f7\x19mY\xb0\x96\x228\xaf\xb1f\xcd\xdb\
Z\x02\x1b\x9d\x7fk\xadld\x96\xe9\x8d\x22\x1b\xdfF\
<,\xad\xa1\x97\x0a\xfa\xf9\xe0\x0f\xae\xd7\x110\xd4h\
iq%X\x1a[\x91\x92\xc4\xe2\x11N\x89$B\xb0\
\xc4\x18\x22\x9bjaa!\x22j\x11\xad\xcej>\xfd\
v\x8f\x06B^\x8b\x08ER\x18[\x16C\x0c!\xc4\
\xc0\xd8M\x90\xe5\x01\x97\x96C\x84}Q\xd8\x13\xfb=\
!B=\xd2\xdf\xa7Q\x97\xd8>\x1e\x8c\x84\xe1\x11\x18\
[\x8c\xb3\x8b\xb0\x91)\xdcZr\x8ad\xed\xd4\xc8\xa9\
F\x10\xc5\xd4\x9a\xcd\xbe\x03!\xa1\x9e=\x82$N\xd9\
\x0d\xa4\x9d\x84\xa4\xcf\xd6\x8a0\x89M\xb6\x98\x9fG\x5c\
`^\xcf,\xebl\xaa\x8b\xb7s\xb0\x92\x8a\x85|\x17\
\xaeO\xec\x16\xb4x\x96\xcd<)\x92D\xd7m\xd5\x11\
#L<\x9c\xfb\x11;\xcd\xf2\xd2L5j\x1d\xdd\xf4\
!\x1e\xd7\xd6\xbe\x14x\x81>\x03Z\x88\x95L\xa0(\
)\xab\x9eZ]\x9c+\x22$\xea\x918\x9b\x87\x9c\xdd\
QB\xd1\x11\x0bKY\x9e7B\xda/\xb2n\x8d!\
;^\x04\xad\x83\xb2\xfa\x11\xf0u\xdd9Fz\x8c-\
\xe7\x01\x81\x8f\xec\x80\xb3\x03#\xc1\xafU\xe8\x92\xc8G\
\x98\x18\x9fv\x99\xade\x13\xda]\x8f`\xd2\x1b\x1a\xd0\
\x05\xb7\xd6\xfda\xeab\xbajW\xdf6ni\x11 \
\x94\x88\x90~\xaf\xd6:f\xc6\x13\x22\x11\x1e886\
,*lM\xd1}\xdc\x0d\xfb\xa0\xb2\xc5\xaeHjl\
\x8a\xb5\x9e\xdad\x83v!?A\xc2\x0e\x80\xc0\xe4i\
\x84xh[:\x12\xf6Z\xd5\x88k\x0e\xff\x01\xac\xab\
\xf5\xb2M\xdf\x97\xfe\x14\x84s\x11\xf2\x0e\xc4\xd6\x83O\
\xd0BL\x03-\xb4\xb7\xf2j\xb2\x5c\x18i\x8f\xae\xdf\
\x1eER\x84\xdam\xa5\xc0\x16\xb6#\xfc\xf6\xd6\x1cE\
\xf4\xe7R\x07\xb5s\xc2.\xea\xac\x12\x1d9\xb1 \xe2\
w\xa3\xed\x80\x08\xd4\x88,\x9fsE\xd2ciQ\x89\
P\x8fx\x0f\xba\x1d\x10\x12\xe64\xa2Oc\x08\xb4\xd3\
\xd8r)\xdcZ\xbd\xcdL\xbf{\xba\xd6\x09\xaa\xd9\xf3\
0\xfbv<\xd9N\xd3\xc7\xd6\xbc\x1e\xbb\xa1E\x9c\x14\
t\xc46\x06\xad\x98\xb1\x15\xf4\x08%\xd3\x22\x91\x95d\
\xc9\xf7\x00\xc6+\xa0\x91\x06z\xa0\xd4\x03\xa0hrI\
\xc0\x00B\xb0\xc9\x8b\x1a\xee\x10\x94Py\x14\xe1\xee\xf9\
L\xf6k\x8c=@\xf8\x10\x10!\xa0\xd8\xfbn\xbdL\
sN\xfc/A\xf0W)\xc4\x8b\xed8\x86\x8b\x0a\x90\
D*\xe3#\xd1\xd4\xb2]\xaf_\x8b\x10\x81\xf4\xf9\xb5\
\x10&)\x19\xc9\xe6\x18\xcdQ\x9aJ|\xfc\xbd\x84\xc4\
\x93Q\x04\x22l\x1c\x04\x8c\x98d\x08\x91\xd5\x03\x88\xbd\
\xa3\xa7\x81\x11\xc6\xd9wAH\xc8\xd9\xe9\xd6\x0a\xca\x84\
\xf0\x90}\x89\x11\xce\xd6\xa5\xadu\xe4Cuu\xbc\x97\
\x08,-dkU\xaf\x16AD\xdb \xa2d\x13\x01\
\xd23>\xd43Ps\x80\xe8\xae\x80IT$\x06\x0e\
\x1f\xc1k\xe3\xce\xac\x88\x8b\xe5\xb3\x01\x17\xf9\x9d\x1c\xd0\
\xe0\xa1\x81j\xb1A\x9f\x0e\x12.\xd8\xadg0\xb3\x92\
\x1a\x81E\xa6k\xf0\xa1\x89V\xe5,_\xea-\xff\xc3\
\xc5WD\xf0\x92\xff\xef\xd6\x97T\xfb\xd7S'\x92k\
\xb9W\x0b{\xf2u\xe0\x83 \xe9\xcf\x8f\x97-\x80\x84\
q\xc4\xb7B\xb6\xeb\xae[\xe3\x8f\xf1\x85e5B\x8f\
0\xf37+g\xb76\x8d\x9c\xa8\x0b\xd1\xcb*\x03\x88\
\xa3$F\x10\xbd\xbf\xd6.l-\x98Z>\xa3\xe7\xc0\
\xf4\xc8\x07\xa2\xc4@\xca\x89o\xaci\x8f\x8d\x1f\x98\x1c\
\xff\x0dSCm\xfc\x08\xe2\xecP#\x8a\x12=Y\x0f\
\x17\xd5\xb2\xd1\xcfi\xde\x9cl\xc1F\xa8C\x02k\xc7\
\xd2\x9b\xf8K\x90\xfc1;\x1e\xba\x03Z#\x01\xacS\
\x1a>\x87\xd0\xa0\x81\x818m\xc0\x06\xe0\xa1G\x83\x86\
\xad\xb2\x98$e\x22\xe4*\x04)\xa8U\x96+P\x0a\
\xd9\xcd\xd7\xf6j\xaespX\xadT{\xe1/\x10\x0c\
x\xc1a*\x07\x02\x88R\xab\xe0\xfd\xd8\xe8\x1d\x80\xc5\
\xd1\x02\xb8\xd0\xca*\xc3#\xd0A\x8e\x90~5B\xde\
\x0e\xdf/\x0d-\x8a\x90v\x85$\xa2\x88\x17E\x99\x15\
\x9bb\xc3\xa9e\xf9\x8c\xba\xc1\xd2b\xd2/\xb2f\xfb\
&\x85\xeaJ\x8c\xecD\x8fP2\xce\xae\x0a\x81z$\
o\xb3\xc5\xa6\xbf\x04\x89\xacLGqkK\xdf\xa9\xb5\
\xc4\xd6H;<[\x96\xaeEc\xeb\xfcA\xc7\xb2+\
Ffs\xd0\x91B\x97\xe4s\x16\x8a|-J\x1c\xd8\
\x1e\xa3\x88T\x1f\x06\x0d\xe8\x0d\x9b/Pc\x04\x5c>\
o\xc7\xa1\x11\xa4\xe6\x03\x5c\xa6|Z\xf3jMQ\x0f\
fDR\x95\xe8\xba\xf6\xb6s\xa6F\x8ahe\xb7\xd3\
\xceu\x8e=\x1f\xd0\x06]Be\x86\xa5\xa1*\xf3\xaf\
;\xbe1\xb2\x0e6c\x9a\xefh7\x07\xb6\x07_\x06\
\xe72\x16\x0a\x10\x12\xdc\xbf!i+\x02\x04\x8cD\x9b\
\xa3$B\xf2\xaa\xa4=\x9b\xae\x8b\x12+bDn\xa3\
\xd9T\x85\xaf\xe6\xf8E\xd7 ]~C\xc8'\x16\x8e\
\x88\xe0&\xce^\xa6E\xde\xef\xdf;\xc0\xc8g\x15@\
DW\xc2$\x10\x92\xbc\x86$\x0dF\x04B\x94m\xb1\
M\xa3\x12\x92c\xcf\xfau\xdf\xafbd\xf4x4]\
(F\x9a\xb5b$\x92\xf6\x98\x89b{\x88\xfb\xe9\xa9\
Gl\xd73r\xda\x8c\x00\xc3F\xdbtC\xd5\x08\x0b\
t~\xeb\x84Oz\x81\x82;<\xaf\xd9\x9c\x99hS\
R\x00$D\xdd\x17\x1c\x03\xf7<[\xcf\x0b\x84\x10&\
\xda&\x18\xba)\x87%\xe0\xc0c\x13\x9e\xf7~\x9dC\
x0\x11\x15Xq+S\xcf\x11\x8c/6\x0e\xc2\x0e\
\xf8\x80\xa5\xf5\x87\xe9nq^\xa8,\x94\xcdvfc\
e\xe6\xd5\x08C\xa8\xb7LF\xc1@D\x11$\xfe\x12\
%_\xbf:\x199\xec\x99\xca\xde\x1fA\x14A|$\
`\xe4\xbd\x84~\xadA\xece\xfa!F\xdb\x89\x13\xaa\
\x91O\xee\xfc\x0d\x95\x88\x02\x11\xf4\xc4>)\x9ak\xa5\
{\xcaH\xc7\xb2\x8b\xac$\x82\xb8qa\x9b\xc6\xe8\xfa\
\xc5\xc7A\xe9\xa9\xb12\x81\xd2\xb0\x9f}\xc1tD\xc4\
\xb7\x1b\x82CV\x22\x82:\x04\xc7\x08\x95\xdav.\xc0\
\x97\x13y\xdd\xa7\xdaCRp\x1c\xc1;\xd6\xa6\xbb\x10\
\x1b\x010\xb0\xe9\x92\xec\xb1\xa9\xe3\xad\x0f\xb4\xfd\xf8\xa0\
\xef@\x97\xf0u\xbe9\x90|\x95\xd4\x95\xc9\xa7\x15\xe9\
\x0d\x858\xa1\x90\xb1\x07c\x8bH\x09\x8e_\xec\xed\x16\
\xb7]5\x1ai\x9f5\x93\xd31Z\xfe&A\xfdH\
b#@\x08\x13\xe3\xc9\xd8\xf3\x1a]\x91|\x0e\x22;\
\xfdR\xf6\x81\x91/Y\xcf\x87\xf7\x8f\x8f\xfc\xbf\x10\x1f\
\x89\xf6\x16\x19\x89\x0b\xeb\xacHH\x18\x1fA\xc2VV\
auJ\xdf\xafT\xea\xa6\xa4_\x11D\x10\xa9Gt\
\xe9OF\x89\x5c\x04k\x189\xed\x13\xa7\xdb\x14\x950\
\xaa\xc11\xb84\xab\xb0A\xfc\x9a\xe7u\xc9\xdb8^\
\xe7w\x81(w\xa4\x1a\xa2J\x82 )B\xe8\xab\xb9\
\xc1\xb4]w_\x034\x9c\xb9\x8b9\xe6\xec\xc6L%\
\x92\x13\xa2\xd6\xd1\x80\xd5_\xe2\xcb\x8d\x83'H\x8b\xc9\
^>\xc7\x0aX\xd1S\x0c\xb0\x00)T$X(\x81\
\xb3\x93\x93\x94\xb2}\xad\x97h\x8e\xa2i\x8d[\x8e\xea\
\x81\xef\xb7\x88\x8fp\x16\x22\xe9H\x22\xec&d\xec\xfd\
y(\x9e\xf7{\x98\xe7\xfd\xfe\xbd\x9b\x5c\x14\xc4\xd9!\
\xb1|D\x960b\x81\x84$o\x8aM\xbf\x96\xa74\
Z\x80Du\xad\xe9\x11\xabAT\xca>K\x9e\xdf\x92\
\xb5\x07>\x12L-\x08\xe0\xf1b\xd8(\xa6\xea\xe2\x96\
\xdd4-\xa7#R{\xe8\x02\x13\x8b\xd7=\x91\x12\xaf\
+\x08H\xb1{p\xf3\xb8I\x03\xfa<M\x89\xbe\xbc\
\xf8\x0b\xb2a\xa6\xd6j\xe9\x08\xe1*b\x85\xed\x00H\
\xf1\xfbA+0\xf2\x93\xff,y}\xa6: Ng\
\x5c\xfcy\xf6n\xf0\xfb\xb5\xea\x83\x13\xef\xf5|\x02'\
\x81\x8a\xf8\x9dI\xf79D\xa8JHH\x10EDs\
\x14\xf6\x0f2\x8c\x18HX\x85\xc8\xf9<\x9e\xf4[\x06\
G 9a\xa7\xd0\xd6B=\xfbN\xf3~\x95Y\x00\
#a\x22\x22q\x12F\xbe9F\xdc\xfbk\xa6\x16l\
-\x96\x8f\x80\xb1\x83\x8e\xdc\x7f\xd4\xe8\x88F\x10\xbfo\
 \x11!\x1bB\x04\x8b\x0b\xe0\x91\xb0\xc1y\xec)\x1a\
\x8e\xa1\x81&\xa2:(\x0dV\xdb\x0c\x1c\xd8\x01+\x11\
\x193\xc7\x86E!\x88\x8e\xa9\x05\x10\x11\xf4p\x8f,\
\x189\xc3\x1dD\xc2\xba\xd5oo^2\x1d\xe3\x08\xca\
--\x0e\xae\xc6\x8e\xd3\xa4e5\xdd\x82\xff\xdb\xd1b\
\x92\xb3\x11\x1e\xfa\x85\x8e\x0a\x04\x84,~\xbf@Kl\
@\x05\xfa\xe4\x7f0\xf6^\xda\xbe\xd1e\xdb\xceR\x84\
d\xa1\x1dM/r\x90\xa0\x12\xd1z>|\xfb\xf1\x1d\
\x181\x94p*\xbb{\xb5b\xc3x\xdd\x05EB\x8c\
\xb0w\xd0{\x82D}\xbf\xfdu\x88\xccjt)R\
\x7f\xa9J\x14[\xac AW\xec#\xef\xae\x85\x89\xba\
\x8a\x10\xc4\xd9G\x93\x87\xe7DG\x9a\xd7\x1f4\xb4t\
O\x84P<\x05\x1b\xf0\x80\xde(\xe6\xb1\x8b\xd4\x0d2\
\xa9\xe4@\xcb\x8a\x02\xe5aG\xd2u=\x9a\x00=*\
\xd0\x1a,\x8b\xc2\xf4v\x95\xda\xc4\xbb/\xf2\x1am\x9e\
S\x800\xe7$\xae'\x16\xfak\x16\xfae\xa7\xec\xdc\
4\x82R'\x01\xf6\xe4 +\xe7\xbd\xc3\xa7k\xe2>\
\xb9\x8c`%\x09\xa1\xc6 \xc1\xc2,\x87 R\xb14\
\xadC%\xcd\xc9K\x02\x84p*b9\x97\xbd\xc7\xb1\
\xb5L\x84\xa4m&6\xf3\x8d\xa5\x88\x09\x22\xd4#\xe5\
0D\x0f!\xf6f3~\x0az\x84\xa4=\xf2\x11t\
\xc5\xdeE/\xd3\x03\xdaZ\xa1\xc5\x16\xc7O\x13\x1ft\
\xfc\xea\x1a\xe7\x8f\x1c9D\xb4T7c\xeci,\xbb\
d\xbd\xa94\xa4\xeca\xbaB\x08!\xa2\xcd\x00\xc0!\
?\x84\xd9Kv\x07\xcc&[q\x0d0\x09h1\x80\
\x10\x18\x0a\xab\x8ek\xe0\xd6\xad\xea\xc3F\xb7\x9b\xe2\x90\
#\x88\x07\xd0\x92,\x15\x5c\xcbrh\x1au\x00\xc7\xeb\
\xdf\x0e\xcb\xb56k\x5c\x17\x1e_\x13\xa8\x91\x84\x0f\xfb\
#\xc0\x89\xec\xf1\x07\xb1w\xd6\x0dES\x1brU\x00\
\x16\xe7\xe7%6\xf8\x08\xab\x8f\xeeu\xc1@\x9e\x8e\xb0\
<\xd7\xdd\xc4<`E\xc1\x12B\xed\x01&Y*\x8a\
\x13\x92\xc5|\xfa\xe5>E\x11\xb7L\xd8\xb2\x99\x88\x1a\
E\x14\xb1\x94\xa5\xa2Q\xa35\x10\xc1\x98\xb7\xbe\xd4x\
\x18\xfd\x0e\x11\xc4\xd9wQ\xcfN\x880\x86H\x8c\x98\
\x06\x09\x9dQ(\xb1\x99)kuU\xd8\x11\xfb\xd8K\
u\xf3n\xd8\x17\xd5B\xdb\x06\xad\xe6\xed)1\xc28\
;\xf5\x08\x0c,\x80\x03\xddR\xd6KL Sh@\
f\x10\xe0Cwm\xc0I\x13X\x09\xe8\x8a\x1b\xe8\xbc\
w\xa7k/\x09\xae[^\xa3\x0cj\xeb%\x97\x0c\x95\
\xba\x06\x84\x14$\xf3\x15\xc9F\xda\xe9\x1e\x9aB\x18{\
\x81\x0d\xf2\x92u;\x05\xdd\xa9ae\xc1\xc4\xf3LF\
\x97\xf4\xff\xd9\x1eZ\x06Z\x0e\x84\x05\xd2\x14B'^\
\x8b}X\xfcN\xc1\x81<52(\x15*\x1b\xef\xb3\
\x8c\x98$\xf1\xc1A=\xb9\x1e\x01!as\x94\x98\xd4\
\x08Fr$k*\x1f\x11\x09\x8e-\x82\xe4So1\
{O\xbe\xd6!1\xb2\x83~\xbf\x8c\xb3{\x7f-\x1c\
ck\x14Wy\xb9\x22\xf1\x10\xa2\xa542\xa9\xb1\xcb\
EQ\x8c\xb0zdt\x5c\xb5\xb3\x14A\x5c\xfc;\xd3\
\x22\xb6O\x0f\xcaY\x88\x9b-\xc1\xc1\xd11H\xd6\xcd\
\xea\x90\xc8C\xa8H\x02)q\xfbB\xc5\xfc<v5\
@j\xacu\xc0\x87\xfb\x8f\xd3@\x81\xaf\xd5\xde\xde`\
o\xaf\xaa\xaa\xc3W`\x07|B\x19I\x8e\x00\x97\xd5\
R\x87\x8d\xf4}MC#\xaa\x8f\xf4_1\xc0\xad&\
\x83$Uu\xb0}\x15\x9e\x05\xa8\xf8\xff\x93\xfe\x9e\x9b\
d\x10\x98\x84\x86\x95\xe2\x1d\xd33\x97\x96@\xce\xf8\x8d\
\xd4(f\xb4\x02+\x84\x8a~\x0eP+\x22\xd4\x22\x91\
\x8fd\x84\xa4^U6\x15\xd1\xb2\xe3UB\x91U\xd9\
\xa6\xf1\xb0\xf4\xfd~\x8eU\x88\xd4$\xd1\xd6\xfa\xb4\xbb\
\x99\xa1\x02\x11\xc7\x08\xe3#l\x89\x8d\xd5@Bq*\
b\xef\xc3\x8d-\x14Y\x81\xb2\x7f7\xb7Vl\x8a\x22\
s\x10\xebD\xd9\x9b\x97\xa3\x0d\xc5}\xbf8\xe5\x86\x0d\
\xed\xed\x0fp\xd4\x09\x1ch%\xcf\xf9\x03\xb6Q\x8b\xf8\
\x11\xac\x84\x02\x14\xc1\x09ZH\x9d\xa3\x04\x82\x8b\x0f\xb6\
\xc7\xeam\xf4XU\x83=\xb9t'\xf7\xd7C\x91\xab\
\xcb\xfb\xc9`\xaf\xa1\x1e\xa9\xdb\xa4H\x9c\xb4c\x07s\
J\x0d\xb1^\x91*,sh\xd9\xdf\xdc\x1fT\xf7W\
\x977\xc3\xcb\xeb\xfb\xc9D\xffbU}8\x92\x86\xfa\
\xad3y@A\x0f\xc0\x0b\x85\xdc^\x8dP\xde$\xa2\
Z!,\xec\x19\x05\x0a\x985\x5cj\x82\x81\xf1-\xd3\
\xe00\x85\x8a\xb6?\x03R\xde(L\xfd]Y\xbfs\
\x1fB-\x12\xf4\x08\xba\x07\x09L\x80\x11\xb4\xd6\xfaL\
\x94\xd8dv\x22\x84\xc9Z\xfdy\xbf\xbb\xd3#\xb0\xb5\
\xbe\xc7\xfa\x11\x1c\x8a\x9e\xbf\x85\xf3\xd7\x83#\x82\x13\x86\
G\xba2\xc4\xc2\xaf\xd5\x8dU8Otd;\xed\xe8\
\x88 \x01\x02t\x10\x1c\xdb\x8d2rsq\xa2\xc8(\
]n\x14BDVJ\x0b|\x10\x17\x90\x0c\x1b\xf4O\
\xc9\x01\x1b\xe1\xe16O\xc2\xc6\xf6\xb0Jw\xf5jr\
}9\xbc\xbd\xfd)2\x1e?\xa9\x8c\x7f\xdeV\x83\xc6\
.\xd4\x1a\x8a\x84\xaa\x02\x82Z\x92\xb6Q\xcf0eN\
5\x22\x7f\x86\xfa\xeaCu\xf9s\xfc\xeb\xd7\xaf\xf1\xcf\
\x9fww\xb77\xb777W\x06\x96J\xf5\x8a\xf6n\
o\xcc=L\x0f\x82C'\xa0%=5\xact\x06\xa8\
\xbb,\x1aj\x12\x8a\x9f9\xd7\xca^Q\x86\xf9\xac\xd0\
*k-^\xf7\xc1\x88/\x16\x22\xa1O\xd2#$\xf3\
\xfa\x8btk\xdcZV#8\xfb\x19+H\xe4F*\
\xab5E\x91\x8d\x0d\x1fz;4B>\x15\xe80\xca\
\x9c\xf3\x91w\xd7#\xec\xaf%\xb6\xd6\x81\xf7E!B\
(\x0e\x10\xba~\x0f \xde\xcc\x14I\x8dHEA\x1d\
b\xa0#\xa3\x87\x94\xf4\xbb\xb4\x1aD\x13\x07\x87\x89\xd8\
U\x8b\x99E\x90\x05\x1b>l\xa1o\x14\xb4\xac\x01 \
92\x0cH\xad\xd9\x0ctS\x01\x118:4\xe8q\
\xadu\x98\xd9\xf8[U\x094To\x5c\xde\xdc\x086\
\x0c\x1c\xbf\xfe/\x93\xa7\x9f\xd5\x17\x83\x88\xdd\xb9\xc5w\
\x15{tY\x12\xfe\xcb\xda\x93\xa5B\x19\xd4\xba6\xfa\
\x91 \xfa\xfcR\xdd\xfdL\x7fA\xbd\xaf\xff\xf7\x7f\xbf\
\x9eF\x82\x15\x95\xdb[U,U%\x8al\xff\xd3\xf1\
f=o\x1b \xc2\xb9=\x9e\xf3\xa8ka\x83\xe5'\
\x09\xcc$\xea\x91\x99\x03\xaa,\x0b&T\xda\xda\x94\xfa\
L\xa0\x02]\x0f\xe6Hck\xbbi\x16\xb1[\xe3\x85\
ME,\xaau\x99\xf7\x9b\xf9~\xd1[\xeb\x1fU\x8f\
p\xb6\x82ad')\x8d\xc4\x88\xfe[\xb1/\x0a6\
\x8e|\x8b\xb4\x1dST\xe4?\xe4\x84v\xd0\x11\x9bb\
%b5VNG.\xaay\xa3\x18\x99\xcdP;\x02\
\xceq\xac'[' 7\xf6y&p\xe4\xbaC\x8f\
Q\xa0I2C\xcb\xbf1\xd9\xd3lHb\xfc\xda\x16\
\xd8\xf7IH\x8f\xa7\x18\xf4w\xb4\xbf7\x18\xec%\x93\
\xca\xb0qw'\xe8x\xfa%\xd7\xeeZ\x16\xb9p\x9f\
\xc6\xa3\x04\x99\xa7\xa7\x9f?\xab\xd5\xd4\xe8v\xa1H\x80\
\x0e\xafFG\xed\xefZ\x04Hq\xb70\xd4\xc84\xfd\
\x1f\x83\xeb\x9f\xbf~\xc9\xaf\x1f\xe3\xef\xadV\x06\x15Q\
+\xa2RnE\x86\xc3K\xc5\x8aj\xb6\x8f?\xb6/\
\x8b\xa6\x03\x0ap\xcf#\x85\xcd\x8b\x5c\xb1@`m\xe9\
\xe2\x0a\x18\x0b%\x9b\xe7\x00\x80\xeb\xc9\xadm\x5c\x22\x90\
\x02\xb2\x02\xa0(!Y$B\x82\x08\x093\x7f\xe5b\
8\x11\xc9\x83\x88\xa8f\xd7\x9c\xc6l\xca\x1b\xcc\x94\xbe\
\x10b\x11\x1f\xa1_+\xc4Gv\xce\xd9\xff<\x5cA\
\xd6?73\x05B\x18B\xd4\x9b\x86jX\xafA\x1c\
\x9fT\xcdL1\xd2\xae\x8e\x0c\x1c\xa7F;\x96\xa2:\
\xd0d\x19\xa5P\xe5\xcc\xf4(\xd4!@\x86\xc9<\xe9\
\x0d\x1a\xe7n\x0a\xd9\xa5\xc3\x80\xc6\x14\xc9\xf1*\xf5L\
\xba\xd4\x9f}\xa8\x92I\x95l\xaa\xbb\x04\x8d\xbb\x9f#\
\xd5\x1c\xb8\xab\xe3Z\xbd\xbd\xbbU\xd4\xe8\xd7\xc7\xe3\xf1\
\xf5\xa0\xf6\xbf\xe1\x8a\xc4*\x9eV\xac\xdc\xf2Z[+\
\x86B\xd9\xa0u\xa935\x92\xdc\xcc\xa7\x93\xbb\xbb'\
\xc3\x9f\xfe\x9d\xbb;\xc5\xa6 \x05P\xf9%\xd8\xbc\x15\
\xa4\xa8\x196\xbc\x1d*V\xaa=\xd9\x8e7B\xee-\
\xd8\xd9\xc1$\xa3\xf3l\x12)\x8b\xbfP\xd3m\x0e\xb0\
@\x00\x90\xa0H\xa8\xb7U\x90\x9ai\x15\x9b\x16U\x11\
\xf3\x8bPy\xdb.U\x91\xa0[#\xc7\x22:!\x09\
\x05\xed\x88!\x16\x15V\xba1]\xab \xedA2\x8c\
h\xfd\xc8\x0e8;\xf3~\x03gO;\x08\xc3\x9cE\
\xa7F\x9f@m\x1e\x89\xacw\x10\xfa\xa2\xe8\xd4i\x84\
\x10\xd1\xa2q\xf4x`\x99\x0a\xf5\xfas:\xa3\x12\xea\
\xd0Sm\xb5t\x22\xbdM\xe1b#\xaa\x99\xae\xf8\xb0\
\xc0T\xe0\x87\x81\xb5.\xc7\xdc\xe7\x84@\x02\x8b\xa3\x10\
\x99k\xa4\xff\xdd\xc5\xa1\x19UbS\xdd*\x07\xd0\xfb\
\xb5\x80#YUk\x15\x80\xe3\xeeVD\xd1A\x19\xab\
\x22\xd9t\x8a$\xf9\x83\xd7+\xc0c\xde\x9a\x16K\x7f\
\x17D\x00\x0e2\x81\x8a\x81h\xf9\xb2\x982\xafd\xda\
T\xc3[\xd5M\x14\x81\x09\xfe\x19\x81\x0a\xb0\x22\x8a\xc6\
\xa0\xa2 \xba\xbb\xb9\x1d^?N*\xf8\xc1\x84\xf7\xd4\
(\x17{\xae\xf1N\x8dF\x90y\xd1\x11\x86\xba\xac\x16\
X)\xd0\xe2\xe0\xc0N\x85\xb3\x1e\xca\x8a`\xc1\x8a)\
\x959\xfc_\xdbC\xf1\xfe\xa6:\xab\xcf'O\x0f\x98\
\x8cxn\xf9\xf1\xe6\xda\xfa\xc1J\xc4\x04\x11:\x7fS\
|\x84%VE\xc7x\x04\xdaI\xda\x11\xc6\xd3\xeff\
\x0cQ\xe4}\xe7\x8f\x10#\xb4\xb5>d\xf9\x8c\xd8\x87\
\xccx\xc0DEiL\x9e\xaeE\xb7\x96\xb2\x11v\xa0\
\xc3\xcc\xe9qG\xd9goo\xab\xb9\x81\x03f\x09\x00\
B\xc9S\x03\xa3\x06qu\x03\xc5a\xc0\xa0L\xb3#\
\xa0\xa1\x0f-K\xc9\xc8\xf8\xa7\xbd\xbd\xc4\xc6'W7\
wv9\x0a<\xcc\xaaRt@s\x086\xec\x82\xfc\
\xd9#O?\xc7W\x83\x1a^&}/\xd3\x16\x03T\
D\x8a\x90E\xeb\xd28\xf9\x9d-_\x1a9zF\xc9\
\xf9D~\xe3\xe8'dD\xa4\x18<\xa1\xd4\x14,\x09\
\xb8\xfa\xcf)H\x14\xb8w7\xc3\xab\x04\x15\xe1+_\
\x14+\xb5\xebO\x9e\x16\xf7m\xcb\x1e\xe2]$\xe1\x1a\
1\x81\xeb\x03\x02\xde\xc7I\x8cqH)\xac\xe2\xc4\xeb\
\x95\xcb\xad\xd6bl\xa5{\xd7t\xfbh\xdd\x1aY\xd3\
~b5$\x96\xfak\xad\x83dC\xe6/\xbbk\xa5\
{\xaf\x22$N\x1f1\x84\x10#^?\x82y\x88\xef\
]?\xa2\x90\x03F\xbe\xa6\x7f*\xcbD\xe9ujA\
|\xd8\x1b{>\xa8\xc0\xaf\x95a\x04\x15V\xa8\x1d\xd9\
&\xb7\xd6\x8b\xd5\xe9\xce\x17J:\x00\x0e\x11\x9f%\x1e\
\xa3l\x91\xaf\x03\x1c\xe6j!?\x85\x9ePi\xa87\
\x90\xa5\x01c\xc3\x1ao\x1f*6\xf6\xd4Q5L\x17\
\xbe`c(\xd6\xd5h\x0cp(6`VQsP\
\xa2\x22\x99<$\xa6\x83\xd0\x04\xc8\x00\xcbT\xb0o\xd2\
\x8eam\x00\xc5 \x82\xff\xbb\x12\x84\x8e\xd3\xaf\xd5\x15\
@\x19\xcb\xce\x95\x0a\xb0\xdaa\x05P\x19\x09Dn\x86\
7\xaaW\x84\xaf\x5cM\x94\xdb\xefU{_6\xebY\
\xe7\x05#T\xd2A\x9f\xd3'\x96\xcc4\xd6\xd7\xc0r\
5\xac\x10&DI_\xb7\xfa\x85\x9b\xc8\xc9\x00\x9b\xcf\
\x8c\xb4\xbf\xee?\xa5\xcc\xdf\x10j\xe7\x88v\x14\x90(\
H\xa8Gzs\x1a\xfbM-\xd6\x8f0\xa7\xf1}\xf9\
\x08\xfb4~\xfd\x5c\xe6\xfd\x86\xac\xc6\x10 1\x94\x88\
\x98\xeb7\xccV8\xca\xcb\xd9\x15\x22\xa7\x08\x8e\xa8c\
kO)\xbbI\x87\x0ep\xdaEig\xe1X\xdc\xad\
p\xc3\x82E\xe1< -\xd9\x91\x05\xdf\xf0e\xa5\xa9\
\x0d\x07\xd5 \x91q5\xaa~\xaa(6\xe4\xd2z\x00\
\xe7\x006\xe4\x8a\x0382t\x8cd\xb5#\xf6x\xa4\
f\xcf\x00\x84B1i\xfe\x22\xc6\xf4\x89\x8d\xc6c\xfc\
\x14$\x0d\xe3\xe7O'\x0e\x0d\x00\x852\xe2\xc3;`\
\xe5\xceT\x1eD\xa1\x22\xcad\x08\xf7\xf4\x1d\xa8\xbd\xbc\
\xdf\xfd\xef\x9b\x179c@\x01]\xdcf\x8f\xfa\xb1\x0c\
\x18y\xa4\xb6\x04KO\xa3a\xd7\xf7,\x9c\xb7\x8eF\
\xf2p\xd5\xcc\xab\xd1\x98\x8d\x1f\x98\xfb\xab\x84$\xb5E\
1\xd2\x9e\xd3\x91\xbc\x0e\xb1\x07\x1fQ\xc0\xd9\x81\x91\xbf\
\xde;\x8a\xf8\xc7\xfeZ\xd0a\xcc\x90\x0f\xde_\x92\xf6\
\x227\xbe,\x1fA\xf5\xc81\xc2#fj\x8dNA\
\xd9Ep`3\x1flD\x07\xefO\xe8veag\
\xf6\xd7\xe1M\x18\xc8@F\x22\xbfI\x14\xc7\xe9\x075\
A\x0c\x1b\xae8Dnq?\x16g\x15)G\xaf\xe6\
\x18\x15O\xa2\xb55\xf9\x01{_1\xc2\xf8v\xae:\
tO|\xf0K\xf8\xff\xd3\xa5\xda\x0en~\x96Z\x04\
G\x1c\x82\xdc\x89\xef\x80&\x18\xdfG\x01\x15Q0W\
\x09+\xa2W>\x9d%\xac\xc0\xc0\x82\x11\x0ax\xba\xe7\
[\x8ex\x88\xa4\x1b\x0f\xdc\x06\xa8@X/C\x01K\
\xc1\xcc\xb7\x93qfk\x9d\x93\xb4\x83\x8d\x98\xb5\x85d\
\x14`DVFGb\x19b\x04\x08m\xad\x14\x1f\xf9\
k\x17\xfd\xb5\xfe\x1b\xfb\xfd\xc2\xad\x15\x13\xb6\xa8DB\
f\xbc\x0a\xe9\x08f\xb3\xd3\xd4B\x9d.Z\xa2\x8c\xef\
\x0f\xea\xd8\xf0\x09F\x16\x16\x11\xb8\x18\xadB\x0e\x86.\
\xe8\xaeJ\xed\x85\x12y\x1dR\xebq\x10\xf3\xe2._\
\xc6G\xfb\x03\x91j\xf2x-x\xf892p\x08\xe7\
0w\x11(\x07\xcczj\x8e\xa0<F\x01\x1cA\xd4\
\x0d<PG(\x09\x08S\x07\x01\x0d\xa2\x85\xaf\x1b\x8a\
\xd8>\xe2\xb9\x9e\xdc\x8b\xb9\x17\xff~\x09\x97\xf8\x1f\x08\
\x0f1\x01T\xf8\xae\x8c\xd7\x8b\x80G\xdd&\xbd2\x10\
\xd9\xff:z[\xa1\x1bLV\xc9U\x93\xa6t1\xff\
\xa2,\xbe\xf5PU\xe7r/\x86\xc2\xe3\x10D\x08\xc9\
\xb7G3\xb6\x1e0\xa9\x07\x11\x128\xb6\x18!\xc9\x13\
\x7f\xcb\x08\x22\xaa\x10\xfb\x8b\xac\x18g'\x1f\xd9A\xc3\
_\xe4\xc6\x97\xb6Vh\xd2\x88C\xaf\x1e\xe1p\x85C\
/\xd5\xf50\xfbi\xa2\xecpk\xa1\xb5\xd6\xb2Oh\
gy\x5cA5\x07\x08\xae\xf2\xec\x9e:Z\xb2\xe0\xda\
\xfd\xff\x8b\xf5\xe6l\x7f\xcf\xc1!\x97=\xb0\x914\xc7\
\x88\xe6\xc9/\x8d\x94\xc3\x8f\x15\xe0\x11\x846V\xef\x97\
\xc6\x93}\x18\xf7z\xb9Ak0!\xdf\x05\xe0\xe0c\
C\x08\xdcO\xebJ\xa0\xfb\xe7?\x1e%\x22\xc5\x94\x8a\
@\xa2\xd3*\xc4\xff\xcd\x8dZ\x94P\xa14\xc1\x8e\xc4\
cl\x15\xef\xe0j\x9ec\x0f\xfa\xe2B\x13\xcc\xbd\x8f\
\x0e\x96.\xba\x18{\xd5\xe3\xe1\xf3\xa6\xea\xea\xac\xb6\xee\
\xfeE\x87-@\x04|\xa4\x1f\x22\xb4\xb6\xa2\x22!F\
\xdc\xd6\xfa\xcf\xdf\xd0#\xef\x5c?\x12\xfb\xc6\xc7D\x14\
\x0a\x13\x1a\xe9\xd6J\x84$$\xfe:\x1d\x81\x1a\x01D\
L\xc6\x88\xb2\xab\xac\x028\xb2(\xdb|\x86\x8e\x9e\xf4\
\x0e5\xa5\xa0\xf4\xc1\xeb\xf6\x9av\xf9\xba=\xd8\x1b(\
\x1dWp\x5c\x1a6\x86\x97\xc3\xcb\xab\xabK\xb5\xab,\
\x08\xe8W\x8e&z\x94\xca\xe3A~\xe0\xc1\x1ea\xfb\
\xdf\x97(o\xf0\xd5\x1a\x11\x18\xfe\xaf\xba\x01\x22\xd8\x88\
\x9c\x06\x87\x5c\x8d4\xd5\xb5\xfc\xa6\xbb~\x9d\x81g\x11\
\x19?\xd3\x8a\xa7&f\x81\xc9\xd1\xfds+\xf0z\x8d\
>^\x0aX\xd2y\xb9\xb9\xbc\x7fLX\x19\xec\x7f\xf8\
\x91\xa6\xe3{8\x89=\xf7(\x0d\xcb|\xe5\xd0A\x85\
\xbdT{{\xa8\xaa\xac\xeau5\xb6\xbcF$6\xa2\
\x86D\x85\x18!\x1f!e'\x1f\x09j\xc4\xf5\x08\xf9\
\xc8!\xe6!\xfe\x1d\xfak\xed\xa2/J\xcc\xd7\x22\x5c\
?\x96q\xc40\x14\xd1QbEV\xec\x89\xcd\xc4x\
\xab\xd3}x\x18,\x9bU\xec\xb9Kp\xc8\xf9\x86\xe2\
\xa8EX\xc9]\xa4\xe3\xb16[E\x19\xc7\xbf\xf7\x90\
*\xab\xe0\x18\xea\xfdtx)2\x14W\xae\x11r\x06\
:p_M&\x97\xc3\xe3B\xae\xb4\x87;\xc3\x85<\
\xfa\xf3\xa5\xd9\x8f\x9d\xa7\xabA\xe37\xde@\xd5\x09\x0f\
\x9aY\x99\xb1\xe5\xf5!\x17N\xd8\xf97\xe9\x1b\xe0\xe3\
\x91\xfc\x03\xbe\xfa\xa3;\xd3&@\x8a\x9e\x00\x18Z\xa3\
\xf0\xf6Gw\xc2VT\xd4\x08\x93\xc7\x9a\x0bf\xae\x8c\
\xaf\xea1\x866\xce\x18\x9e\x1e\x19b\xb2\xa7^L\x0c\
\xcf\xa4\x83%\x80D\xf6\x8d\x0ej\xbfPk\xeb\xdc#\
\xed\xd4\x22\xb9W\xeb+3\x1a\xd98(P\x91\x92\x8d\
\xc0\xd6\x91\xf5\x80\xfd\xb5\xa0F\xdeQ<\x868 g\
\xa70\x90\x08\x89\xb1\xf6T(\xe6}Q\xd8=\xe8\xe8\
\x1b\xc6\x8f\x10#\x22\xa2l\xc7\xe7\x03\x094\x192\xd8\
\x9a\x1d\xbdD\xc1&\xea\xa2_\x14\xc5+=\xe0\xec\xd5\
D\xf5\x1f\x89q\xec\xa5\x9c\xaa[3\xaaDm\x5c_\
^\xde\xe0\xea\xc8}\xb9\x8a\x1c\xa2C\xae\x90\x8b;\xd9\
\xf4\x01n\xca~k\x0e\x8a\x84\x0f\xa9e\x0aE2\xae\
\xf6\x9f\xfd:*uE\xa4\xebN\xe0m\xe9\x8c\xffY\
5\x14\xfa\x1f\xe8P8F\x01\xa6e\xc1\xe1N\xb0n\
h\xc1*XQ\x01\xaf\x07Tp6n./\xaf.\
\xf5T$\x07\xdfU\xca\x05\x13\xf9\x9c\x82+\xcc\xbeg\
\x93J\x80\x85\xad.<[\x8c\xadT\x91>\x90V\x90\
\xf6\xc1E\xd7\x89\x8e\xbdQ\x10\x1e\xf1\xe8\x88b\xe4\x10\
\xe9Z\xe8?\x87 \xb5H\xa1A>\xd2\xc22\x98\xf4\
\xf6\xd7zo>\x02\x8c|E\x1db\x14b$\xa18\
0\x12\xb3\x19\x1d%p\xfeZ\x9fF\xe4\xa2\x88\xa0x\
d4\x92\xe8\xc8\xe7\xe9<\xa1\x03\xd8@\xba\x06\xfb%\
\xb2\xb8\xbc\xc5>\xa3\x1cVcT\xcf\xd7\x9b\xaf\xae9\
\xee%\xb4\x01p\x5c_]]\x0d\xefr\xca\xd1q\x8e\
\xa1\xa1\x03\xb1i\x80\x03;\xbb\xb6d\xf5E\xd7\x07\x82\
AV\x1ea\xdcDsk\xf0\xfa\x8ckh\x0a\x18\x00\
\xd3D\x0a\x81\xc2g\x9e\x13_\xddKh\xe4.\xa2\x03\
\x12_~\xe0\xe1\xc2@\x9d\xd0\x015\xa2\xb0\xbf\xb0\x07\
\xceT\x14(\x9d\xb3\x02Xqw\xb1)\xdc\x04\x95\xe1\
\xb5i\x15\x09D\xfe;\x05W\x18a\x04W\xb1U\xc5\
\x9eC\xad\xe8R'\xadbH\xb1B\x804\x89\xfb[\
%\xd9g#\xcbF\x11\xb1\xf0\x88\x85\xd9\xa1F\xd0\x11\
\x9b\xf9\x8c\xb1pD7r\xf5}l\xb861\x7f\xa4\
\xc8\x8d\x7fO\xdf\xef\xbf\x9c\x8f\x0cz9\xbbH\xd9\x1a\
EWX[\x88\x91\x90\xb5\xcb\xfaE\x04\xadL\x85\x93\
\x98c\x0b\x09\x8d\x0f\xa3\xd1\x99\xde\xa9\x96\x0d\xd2\x95\xe0\
\xad\x02\x1f\xc7\xb5C\xc9b\x08]/P\x0d\x00\x9e|\
Pp\x18\x1f\xbfI\xd8\xb8\xd5R\x8b\xfb\xeb+\xc49\
 \xc8m\x1a\x9a$^\x0eL\x5c\x94(y\xc0\xa5\xa4\
\x0f\xf5\x08N\x22\xc7\xa8@\x00\x14\x92\x00^\xb5c\x89\
\xb6/,\xd4\x00\x90p\xa3{+H\x0a8\xd6\xb0\xb4\
\xaa;\xb2\x91Q\x9f\xbb9\xc2\x03:D\x8eP\x84\x86\
\x12\xbc\x0b\xbc/\x08\x89\x8a\xba\xf5\x08\x15\xc5\x0a\xdd\xc5\
\x06\x15\x15\x0dC\x9aV\xd9\xd3\xd2\x15\x92>\xd5\x19`\
Rt\xb7\xab\xb07\xc64\xd3*jTOg\x1f\xe4\
\xc3:\x1b\x8f=@\x92F\xb4\xa7\x89\xa1\xa9P\x97S\
u9S!\x8c\xd3\xd5EV\xbdC\x874\x14\x91\x84\
\x91\xcf\x9c\xf5\xb6\x13\xbf\x16\xf8HR\x06}z\xa4\x7f\
\x08u'Vde7\x00FH46\xc4\x18b\xca\
D\xf9\xb17\xf8\xfc\x22\x06\xef*\xe5guA\xb7\xdf\
\xea\x80Z\x14\xd1\xa2\x0a\xce8b\xbbz;\xdbGy\
\xde\xbeP\x8e\x9b\xbbD9\xae\x04\x1cZ\x90t\x91\x81\
C\x83\x80\x0f\xa2TT\x92]er~w{.\x8b\
\x1c\xef\xee\xcee\xf1+\xc8\xe5\xc1^3K\x05K\xb7\
3\x0b\x86\x16\xd9C\x89\x1f\xb1\xeb\xc6\x93\xbd\xc6-\xf7\
V$*\x8e\xf2\x01\x80\xd3Ad]\xdd\x18D\x026\
\x22*h`\x91\xb4\xcbB\xd3\x11p\xbf\xc0\xa6\x07{\
\xbfr\xf1\xeb\xdb\x97\xa3\x80dh\xf4\xfd\x82*\x17T\
M\xee7\xc6\xe3D/\xdd\x8aV\xb9\xef\xd4\xca\xc7\xb3\
\x8d\x9a`]\xdf\xe2\xda\x89\x22p\x02!]Q\xa8$\
\xa4,\xc5\x8e|\xfb1\xa8\x1eO\x1f\xce\xa1G\x14#\
\x86\x12\xb58dAF#\xf3PLzs\x19\xa9L\
\x1c\x22\x99\xad%\x9c\xfd\xbd!\x22K\x88\x8fPB\xb7\
\xc6\x8f\x7f\x9a\xaf@\xd2\xae\x22\xef\xd5\xfak\xfd8*\
 r\x5c\xedm\x84\xd76\xb3yk\xa5\xd73\x08o\
\xab\xac\xa1\x85\xa5\x9b\x82\x1c\x9b\xa3\xbd\x018\x87\xc0A\
o\x83r\xfd__\xdf\xcbr9<\x1f\x198\xc88\
.\xaftI\xf0P\xe2z.[\xc2\x86nw\xba\x9e\
\xeb\xd5bW\xd0\xb9\xec\xe5\x88\x1d\xee\xc2z\x90'\xc4\
\x07/\xc2\xee\xd2t\xbc0\xf0\xad\xbe\xad\xca\xb9\xee4\
\xe0\xe3O\xd2\xa5\x854\x83\xab~\xef@i\xdf\xa9\xae\
x\xa0A\x98\x91\xa8\x07XW\x00\x05\x1f\xe2I\x82\x88\
,z\x22\xe4h\x9c~\xa8\x80\xb8\x92\xf3\xc4\xc4\x7f\xda\
_b\xb5\xaaZ\xb9P\x1bV\xa1\xb27H\xf2\x9f\xed\
\xeb\xbc\x08\xad\xc4\x9a`j\x7f\x94\x8e\xce\x173}\xf4\
\xb2\xbf\xf7\x80\x8c-I\x8e\xa7S\x8bS\xac\xcaf\xbf\
\x07d#\x1c_\x15\x9d\xbe\x9e3\xa5\x99\x1e\xe0#\x7f\
\xed(>\x12g+\x180x$|ijA\xbaY\
V\x0a\x7f\xa3#h\xf8\xdb9\x7f\x93\xb1u~Qm\
\xe4R\xc0\xd8'\xa6\x98\xb2\x1eJ_`N\xbb(\x8e\
\xcd\xa9(\x0e\x82\xe3\xfc\xfc\xf42\xe9\x8dG\x01\x87<\
\xb5;\xa0Y\xd5\xfa\xb1\x82\x8d\x18:Tn\xcfnn\
\xce\xe5J\xd0\xcb\x8209\xd7\x0b%\xad\xba\xe8z\x9e\
_R\x10\xd0\xdf\x0b\xc7\x07\x88\xb0l<\x02#\x80\xd2\
x|[=z\x19\xc94\xe8\x8d>\x99\xb5]\x1da\
]\xa9O\xcb\x01X\xa0\xc3!\x92\xf1%bW\x8f\x8a\
j\x08Y\x16\xf1qa\xe0\x80OX\xf7gv&\x04\
'\xb2\x0a\x1c\xf4\xa6\x92C\x05\xfe\xbf\x87[U\xd4\xd7\
\x06\x96\xb3\xd3\xe1\xd9%\xd4\x8a\xc8\xfeI\x9a\xc7>e\
\xa9#>N2H\xbf\x01\xea\xe0\xd4y\xf3\xdc|x\
|\xc0\x14\x92\x8c\xb3\xab\x07T!\xc2 ;k\xd9c\
\xb3\x07\xbbO\x87 ;\xeaG\x84\x13\x7f\xf5\xfa\x91\x7f\
\xbd?g\xef0r\x18\xf4\x08@Bav<\x16\x11\
\x0eE$c\xcfB\x88\x88 ^\x9c\x0e\x9af\x0d\x22\
gqZ\x08J\xa6\x11\x1f\xaf\xdb\xc5\xcb\xdb\xb6\x03\xc7\
\xfe\xe3\xfd\xe5\xc9\xf0\xf6\x5c\xd2\xf4Dq<\xde\xdf\x8b\
\xea8\xbb\x18=\x15\x1f\xa4\x80\xa3D\xc7\x99,\xe7\xb2\
\xdc\x9c\xc9\x15 G\xbd&T\x04\x17\xd8\xeb\xe27W\
A\x09x\x0a\x0eF\x7fq)^\xb8\xcb\x0b\xb7n_\
\xf0\xe4\xc1\xee\xe4\xb7r\x8d\x0bH\x9c_L#@\xa2\
\xccf\x8d'\x19N\x04\x22#\xc0\x03v\x1c\xb5\x94\xe8\
\x08\x10s\xdd\xe3\x7f\xf0\x15\x94\xca\x95!\xde\x0f\xb0r\
\xee\xcf\x81\x10\xb9G\xdc\xdc\x02\x22z\x8annu\x81\
\xf1u%\x22V\xd6\x88HQRwq\xaaHQ\xc6\
w}5\x94R\xa0\xcb\x93\xeb\xebG\x90\x15!\xf6/\
Z\xb8\x02\xba\xd8\x00)\x10\xd6gi\xeaV\xdd\x0e\xce\
\xc5\xff\x0b\xc7V\x16\x1d\x91\xd5({\x8e\x920\xe4\xed\
O\x0d\x1a\xbb\x9e\xd8j\xe7w\x18\xf9\xef\xbf\xdeY\xfe\
\xd8\xa7\x91A\xc4\xbc?\x8aSv[\x09\x92$l\x1c\
\xafN-\xf8\xb5R2\xca\xb8:\x9ev^A`\x03\
\xe0\xe8bSu\xbb\xde\x1cC\xa1W\x13\x05C\xea\x9e\
|%\x8a\xe3q\xf2(\xcf\xcf\x1fP\xec\xb42x<\
\x9c\xaaV\xd1\x8fN\xd1!\x22t\xf4\xf4Fv\x903\
\x05\xc9yr\xe7\xc8\xc1\xb8\x88,i\x8f[\xeby\xda\
\x8b\x9c\xf3\x1eL\xc2k\x17 \x5c^t\x10\xe7\x8ft\
\x83\xdcI\x22\xc8]\xf5\xe5y\xda\x95\xa8\x04|D\x84\
\xb4\x84SUA\x8bP\xa8\xa2h9Q\xa0@\x5c\x9f\
\xf5(\x92[C\x08\x16\xd3\xa0\xfe\xf6o]\xab&C\
To&\xe6#\x1e\x1a\xc5\xbbV\xc27F\x19$\xea\
 /n\x00\x15\xf1\xab\x9f\xaa:8\x91\xbb\x16\xb4\xca\
\xe0\xe3V\xb4\x8a\xdd\xe5\xa8U\xe6\xf9]PKI\x0e\
\xefGJ\xdb\x05#y\xde\xef7 \x04 \x81\xa9\xd5\
\xdb/>\x02\x04\xa4]9\xfb\x0e\xfak\x11!*\xce\
\xd9=7\x9e\x02\x9d\x16){\x9c\xf7f|\x84)[\
(\xd5\xb5@\xfb\xc9\xf9h\xb0\xaa\x97\x8bl\x0ea\xeb\
\xf3\xca\xb4\x04P4\x07\xc0!\xde*\xd1\xea'\xfaQ\
=\xaa\xdc_\x9d*!\x076R}\xd1\xc3\xd9U\xfa\
Z\x87\x8e\xd3\xd3\xe1\xc9\xf04-\xb2\x9e)PN\x0d\
!7I\x8f(%\xd1\xd5\xf4\xc99,\x8f\x0b\xd7&\
@\x09\x11a\x97!u\x09<KHR\xb7\xd7\x82F\
\x91\xa7\x06\x92\xcf\xd6\x02\xd8\xbc[3\xa6\xa2\xc4\xd6#\
\xcd\xb3g\xaa'\x88\x8c\x5c\x89\x98U\xa5\xe8P\x15\x92\
#\x07\x08\xd0\xf5\xa7\xa1\xd8\xd4\x1e\xd4\x89\xa3\x09\xb7\x00\
\xdb\xce\xedf\x002&O\x93\xa8r\xb5'7\xaaO\
\xa0yq\xd2T\xa5$4\x98\x1f\x9dI\xf8\xaa\xb7\xcf\
\x87W\xf7*\xd7j\x82\xc9\xcf\x9c^\x8aV\x19\x98\xec\
\x1foV\xads\xf6fV\xd6TO\xdf\xaaQ\xca\xd9\
b.\xca\x91\xd5!2\xccN-\xd2\x9b\xf4\x1b\xf9\x08\
.\xcc=\x9f\xad\xe0q\xf6\xbf\xdf}\xf6t\xac\xb1\x0a\
U\xed\xbdC\x11{2\x7f?\xab\xb1\xf5\x8d\xb9\xf1\xc7\
\xe0\xec'\x0f\xc7\xd5s\xbb\x82\xbf\xd7\x1b\xad\xb5\x9aX\
E\xceq)\xdf\x98(\x07\x100\xbc\xb0\x0f\xa8S\x1c\
O\xa3\x8b\x93\xf4E|@'b\x87\xc9N\xee}\x86\
\x8e\xa1X\xcd\xa2LT\x9b\x9c\xaa\x1e\x81\xd9\x05\x83K\
\x16\xc2D\xb6\xce\xe2\x82G\x98> \xf7\x9b\xeab\x86\
\xcf\xd8\x08\xf5\xed\x9d=\xec\xee\xe3A\x91Hu\xfb\x93\
\x10\xf7\xe6\x19\xf5+S\xa0D\xd7\x88\x90\xa97/m\
\x12\x17\x91_J\x87\x95\xac`\x1fH5\x13\x98;P\
U\x1c\xc4yL\x04\xf0H\xd8\x07Nd\x95#\x0cM\
]\xcen\xed`\xa7\xe0F\xa1\x02\xaf\x06\x95\xef\xa9\xec\
\xf4p\x0a\xb7\xe1\xb5\xfa\x0da\x7f\xc1U\xacP\xb9\xc4\
G\xa1_\xbf<\xb9\x14\xa4L&\x9d\x19p\x94B+\
L[\xb1<\xa3\xba\xae\xceG\xc0\xc8)\xf3~Q\xaa\
\xcb\xa1\xbal\xacU6\xfb-\xc9\x08][\x9e\x1b\x7f\
\x00\x8c\xbcg\x1db\xcc\xd7b\x0c\x11\xbeg\xec\x82\x12\
\x891DB$\xaf\xd5\xfdA5rv\xfa\xb0\xbf}\
n\xdb\xdaz\x846Z\xe6\xf4a@\xbb\xeaJ\xef\xfc\
\x97\xa28\x00\x8e\xab3\xa8\x0e\xe8y1\x89\xaf\x00\x9c\
\xa4;D\x04\x1f\xb2\x1f\xca\xeeT\xf6Cj\x12\xc5\xc7\
\x10\x16\x97\xe0#\xc1\xc4n\x9b7\xe9Z\xd0\x8b\xe2N\
W\x1c\x0c\x14\xd4#d\xbd\x9e7\xa5F\xc6\xe3\xa3\x9c\
\x89\xaa\xda\x9f\xdc\xdf\x8c\x18\xd2\xb6;\xbe\x91\x12E\x8e\
\xc6+\xab\xbd\xc53r6,\xaaF\xfb\x1cT6U\
rt\xc3\xd9V\x83{j\x11\xfa\xb3`\xd3\xc9\xe3\xc7\
\xfd\x89\x99\x13\xaaS-\x97`$\x8b~\x134\x0a\xc8\
9\xde\x89\xd3\x10{\x7f\xb4\xb1D\xf4\xed\xdfu\x0fn\
A\xde\xa1H\xc4\xc5!\x8b\xa1DV=\x87\xb2A\xa7\
\x98\xfd\xa57\xad'\xf3\x7f\xc1\xc7~\xae0R1\xac\
\xe87KnKw\xdf;P\xa8x\xd3\x00yt\xb4\
?\xba8\x07F\xb2\x9cF$4:H8W\x01\x18\
\x89\xe6VO\xcf\x87\xcf\xd0#\xb4\xb5\xde\x0d$\x98?\
\xf2\xb7\xf1\x91hk9`\xa2&\xe9w\xfe\x22\x15E\
\xa3#\xdf:S\x0b\xc5#\x8f\x8d\x16\x22\xac\xa4\xcci\
\xe0\x22h\xf8!u\xcd\xdf\xf5\x864\x11#KI\x87\
\x13r\x03\xc7\xb9f\xde\x89\x00\x1d*\xc7\x97\xc7\x97\x80\
\x89\x22E\x94\x88l\xba\x08@L\x04(\x82\x94\xe1\xd9\
\xd0L.\xdc\x1eo\xd5\x8c\x80\x22\xa1*\x81'\xf8\x1c\
\xe4==\xa2f\xb8\xd1\xbb\xa3`C\x96\xfd\x0f\x1f'\
\x09&\xd5}\xba~I\x0cx\xc37M2\xd9{R\
\xab\x1cm\xb5\x0d&\x14E\x08\xbe\xa8\xc9\x05O\x83\xfb\
\xb1@$w\x08\x90\x8f\xcbv;\xa9>|RB6\
\xd1?/\xf2!q\xb3\x14\x15\x870Fh;8\xb8\
o\xd2\xbb\x93\xc5\xe4\xcc\xb4\x88\xe9\xd33\x9c\x14}\xe0\
\xcfl\x1b*D\x86\xba\x9e\xaa\x92\xd6\xb3z\x02B\x7f\
\xdda\xe1&\xc4j\xd5\xfe\xd2/\xf2.v|E\xae\
\xb2\xf7\xe1X\xda\x82\xa5\xbe\xfe\xcd\xfe\x85\xba\xb62\xd2\
nM\xe3s\xc7\x96\xf7\x8c\xf7\xd1#\x7fH\xd5\xf2#\
\xf4\x88qv\xbd\xe1\xbf\xabg\xeb\xef\xffO\xdb\xb95\
'\xae%Y\xf8\xa1-\x900\xf7\xbb\xc1v!\x10\x12\
\xe5\x88\x899'&\xaa'\xa6\xe7\xa9\xa7g\xce\xff\xff\
I\x93+s\x91)\xed\x16>\xfd`\xa7nPU.\
\x0b\xd0\xa7\x95\xb7\xbd\xe90\xa2\x19\xb74\xa7\xc5\x93I\
\x19\x09B\xc8\x08\xf2\xda\xfe\xad\xa1\xaa#L\xfd\xda\xa4\
\xf1\xfb\xbf\xe9\xcd\x85\x05\xf2\xb24\x86\x16\xa0C\x95c\
#p0D\xfc\xf8\xc0\xbbN8j{\xd3W\x80\xe2\
\xb0\xd4\xe5\x05\x9c\x10\x12b\xb2\x01\x22p\xbc('o\
\x16\xc1\xe3#\x87\x8c@Ov\xb2\xc9\x0e\x94\xd8\xbdT\
]t.068:\x1ce3\x14 \x00GQ4\
b\xe3F-\x1f\x5ck\xcdw\xb5K\x8b\x91\xfa\xba\x89\
\xbd_\xaf\xbf\xff\x1b9`\xca\xc7Zl8\xe7\x03\x1b\
9\xe4/\xfecp}\x17\xe7\xcd\xb3\xbe\x84\x8d\xa0\xec\
e\xab\xaf9~\xbd[\x9e\x1b\xa8\xca\xca\xa1\xcd\x0a\xf3\
X\xbbHfm\x99\xc9\xe2}\xc1\x10\xe1\xa2\xb2J@\
L?\x82\x12\xe8\x08\xdeD\xbc\xa1\xe6\xcb\xcaQ5[\
Ii\x05\x8a\x1e\xac\x90\x95\xad\x85\x91\xa5\xda\xf2\xb8\x98\
\xa1\xb7X\x1c\x06\xc2\xf2\xb7\xdf\xf6[q\xb6\xd0\xf9K\
F\x16l\xd9\xf2/\xe8a\xbbV\x88H\xfa\xe5<=\
\x99_\x8e\x1f1\x1d\xc1DXb\xdf8/\xcah\xfc\
g:\x122\x123\x9a\x86\xb7\x15ev\xc6#k@\
\xb2\x95\xda\x865\xac?Ch\xfcz\x138V\x9bs\
\xd5\x1e\xd0Q\xedV\x84C\xd99.\x8e\x87\xe3\xf2\x80\
\xe4\xeeB\x161\x10\x22\xbb\xd5\x0b9\x11:V\xaf/\
\xf8,\x81\x8a\x87&p\xba &\xe1f\xd3\xddz\x8b\
\x88\xf5\xed\xc7\x8e\x1e\x17\xe9\xd0V\xfaC\xd9\x0c\xaej\
\x22\x1d\xb8<GM\x91\x0f\xe5\x8fXo.\x86\xd7\xc6\
d\x84\xc12\x1e3\x15\x8c\x0c\xb0@R\xd5\xd9\xf6\xdf\
EA\x88IL\xb5\x8d\xcd\xa6u\x87\xb7\xfe\xfb\xfe\xa9\
Vg.\xca\xe5\xdc\x5c\xa4\x9a+\xe4\xc3\x12\xad<\x1f\
X\x91\xe7P7\x10\x0cYA\xc2\xd6E\x05\xcc\x13\x0b\
\xe6\xad\x80\x87Bap <\x87m\xde\xb7$\xc41\
\x81\x84l\xf1\xce\xe9[\xc87\xf4\x85\x80\xc8j\xef\xf9\
]S\xecS\x92\x04\xe4\xb9\xf2\xbe\x16\x8bU$[\x0c\
YQ\xd3\xaf\xdb\x18\x8f\xf2\x01\xc6\xaclwg\xc4#\
*$\x9c\xf2\x81\xb3\xc6\xf7\x0ee\xff|\xee9bB\
F\xba\xf5\x91\xaf\x1e\xcfNF8\x9e\xfd)\xad\x8f\xa4\
\xd3\xc7?\x1ef\x95v\xfd\xb2\xcc\xbe\x95xd?h\
\xca\xe7\x91\xbe`~\xd0\x93I\xb9\xd2P\xd0j\x80\xfb\
\xed\xc1\xe10\xed8\x8a\xcdA\x09\xb6\x85\x96@\x96\xc2\
\x0b\x08\xc1\xf6\x12\x94\xc8\x22fn\x97\x12bR\x82;\
\x22\x16\xa7\x04bb{\xd3\x11g\xe3\x07\x8a\xc9\xf8\xfd\
z\xd9]\x07v\x8e\x12<\xe6\xb8ig4\xcce\x05\
J\x04\x12m\x22tg\xcb\x17Xu\x13L^\xaf\xd7\
\x0br\xa1\xde!k\x07o\x0c\xc4\xb7U\xcf\xaf\xd7\xb7\
\x8ac\xaa\xd2\xea\xe0\xde$\xaa\xbc\xe6\x8d\x8d\xa4\xcc\xdc\
\xe4\x04)-z\xfd\x0c\x87\x0aK\x0dV\xd0B\xc2\x17\
\x04\xf2\x85\x01bA\x07\x8bp0/\x9e>\x84cj\
o\x1b\x5c-R\xf2\xfa\x82\x95\x07\xc0!\x1f\x00\x0e\xb2\
\x8a\xc1KV7\xb9F\xb2~\xc3\x8e\xa0_De>\
\x9b\x98\xf6\xd5y\xd1\x8cF\xcd\xb8)n\x95%\xb6\xb6\
^ \xb1n\x14\xcfj\xf5W\xd9A\x08\x17\x87\xc3!\
\x81\x05#\xdf1T\x17\xa9_22\xea\xcb\xfdF\xd5\
=,\x81\xa4\xb83\x226\xa5\x90@B\x99\xd7\x02#\
\xd5.\xb3.\xc8\xbc\xc1\xe7;R))gKi\xdc\
Y\x1e\xc1\xc6U\xcc\xe8\x90\xf7\xac<\xceD\xd1\x81\x06\
V\x80\x02[2 Y\xcar0LTMV\x82\xc9\
J\xe8\xf0\xd8\xc4(\xc1b\xa1\xfb\xe6\xae#D\x85\x8e\
\x15\x0ch\xc0y\xc8\xd5\x7f!\x1b\xa5\x9c\x1cp\xf1\x8b\
\xb2Y\xee\xee\x1e\xf8\xcfEv-\xea\x01\x95\x84\xe6\xa8\
0(\x01\xf3/\xd7\xec\xbf\x7f\xe3\xb4\x88)!\x02\xcf\
o\xe7\xec\xfa.8)$\xde\x0b\x865*\x22\xa7\x83\
\xa8D\x9de\xe7\xbb\xc8^\xb6\xb3\xfa\xee\xe4_\x07E\
\x8es\x0d]1Y\x81\x13\xf4*/\x8f\x9a\x023\xa7\
\x0a+\xbc\xce\xc0\x83\xeaa\x80\x18\x17|\xeb,\x08y\
\xb1\x05\x12b\x22\xb2:XI\x9eN\xefB6\xf9H\
\xf0\x19\x01\x15\xb3\xe6\xb0\x91*ou\x83\x9c,\xa78\
7\xdd\xf0\xb9\xe7\xd7\xeb\xcfjG\x1d!#\x1c\xa7\x1b\
:\x82\x90=-\x8e\xd0\xba\xa3F:6\x1c\x15\xda\xf7\
\xfb\x97\xef\xa9\x8f\x80\x122\xf2 f'\xb6\xc98\xab\
tblR\x82Wk\xd5\x11\x98\x22\x22\x90\xdc\xd6Y\
\x91\xd7l\x15n\x8c\x92\xe7\xc6\xdeX\xf9`s\xc01\
-\xf1n\x95b3lGE\x85\xa0,\x81\xc7qA\
D\x0c\x90\x83F\xee\x07\x8a\x09\x8c\xbe\x81\xca\x88-\xf4\
\xb6H\x87\x87\x1d\xe8\x87D\xc4!l\xc0\xe0\xc5\xe4\xea\
\x17\xc8\x92;\x1c\x83f\x85;cx\x82x\xf8\xab\xca\
\xaeM^K\xe0\x1e\xf5l\xdc\xf7\x9d\x12\x91\xa7\x0b~\
\xa8z{\xca\x062{VL\xfb\xe5\xcd\xfd\xbf\xfd\x97\
\x5c\xcf\xaf\x10\x9c\xea\xe2\x0a\xd2\xc6\xe3\xac\x88\xbc\xd6E\
)\x88\xfcD\x84&\x0b\x0d\x9a\xbbj\x1c\xe0+N}\
\xa4\xa04EQ\xdf\xa3\x15\x0b\xec\xa9)\x8a\xc9\x8e<\
\xbc\x9br@5(\x1f`\x02Y\xac\xc0dM6\xe4\
\x88\x03LU{\x89{\x13oRp\x7f\x8fXx\x17\
\x13\xa7i:i\xf4vGg@\xae\x04#XV\xd3\
\xbc\xec|3\x19\xd1\xfa\x88\xa6~m&Sf~'\
\x8c\xd8{\xbes$\x99\xc1\x94\xd1H0\x82\x88\x18}\
\xbf\x9c_\xeb\xab\x85$\xc6\x8f\x88\xf5 Bn\xff\xf9\
{H\xa8#\xb4\xb1\x07$\x12\x8e$#\xacn\xf3\xcc\
n\x09\x0d\x18\x09\x1b7\xe8_\x11<J\xd9\xc3\xe4\xe1\
\xf4XNEKfA\x88\x08\x88rB\x9fKUd\
\xa9R\xb2T1a\x1e\xf8\xd5>\xd4\xbb\x8c\xbcQF\
t\x07o\x1c\xae:\xe0p\xddP\xe5\xa8\x8b\x06'\xd1\
\x14\xb9\xbbUW\x11\x8e\x0buC\xc9\xb8a\x11\x93\xc3\
\xcf_\xe7\xac\x16H\x8e@M{?\xd2\xe27(9\
\x81\x92\xdb{-\xa0\xdd~\xa1\xe9\xc4\xe7D\xfc\xfd?\
\xb7\xd7Lrc7\x10Ry\xad\xdc\x8ef\x0cu\xde\
\xea\xba\x1cfW\x9c\x01~;~\xbd\x9a7p\x0a*\
!vp\x10\x9bgW\x15\x98\x88\x22\x9a@)\x9ax\
\xed\xef\xae\x1c\xe4\x03+\xcc\xde0\xd9\xd1\x5cB\xd6\xea\
c1\x97x\x90\x05\x88`[@A\x8e\xb2\xce\x8es\
\xecf\xb2\x96\x96\xc4e$B+\x0c\xdf\xba\x10\xdd\xcb\
\xe6?Yh\x0fW\xcb\xbfX!\xf9\x9673\xbd\x11\
{\xb8\xeex\xc0\x1c\x12\x1c\xb5\xef\xb7\x00#\xac\x8f|\
\xb9\xb3e\x8c@F\x22\x1e\x09\xbb\x17\xfdc\x14I\x7f\
@\xc2\xf1#x\x9f:\xf1\xc8N\x18\x99*#\x85\xa9\
\xc8\xe8\x0e\xc8D\xd6\xa6\xc4\xbe\x1c\x0b)\x82\x17(\x01\
\x1f\xd0\x90\x85l\x16\x91\xcc\xf5\x86ex,x\x1f\xc3\
\xe7\xb5T!YG\x5c\x02R\xe81\x00\x12,(\xc0\
\xd9\x0c\x8c\x08$\x9bb\xa0V\xe7\xea\xf3=7\x85\x06\
\xe4\x19mP,\xf7\x16\x80\x92\x0d_\xb0\xb3\xe3\xaf\xe7\
\x0c>\xf6\xe1\xe4\x1d\x91{\x1fz\x82M!\x01%b\
\x95\xe4n\x9f\xd4\x8fl\x16s\x5c\xd2xV\xbe\x89+\
\x82\xb5\xdd\xde\xc2\x00\xa7\xd5\x81\xdc\x0c\x9b&\xcb\x88\x08\
O\xc2O\xc5\xcfQj\x14\x9bY\xe1A\x13P\x19\x8d\
\x00\xcb\x08/\xcc\x0b+>2\xe4\x1d\x9cl\xa0\x1a8\
\x02\x0f\xf3\xb3\xee\x11\xc8\xe6e#+\xc8\xd8X\x10\x02\
N\x80\x09\xeeG\xb2\xe3\x0d\xea\xa8\x9cPHf\xb6\x93\
\xdb[\x09\x83&\xe0\xa6\x07\x15Q\x87\xc1\x87\xdcf\xf3\
\x9b\xc6#\x9bm\xe4~\xa5\xab\x91cG\x00\x89\x17\x10\
\x8b\x16$>9c\xb4\xa0\x04 \xdd\x1ab\xf8Z\x7f\
|a}\x04\x88\x18#\xa3\x07:\xc2\xc3\xc3o!\xc1\
\xa2\xf5\x11k\xd8b\xdf\xef\x82\xb3\xfd\x22\xf3\xbb\xbb\x8d\
3vx\xd5\xf9H0\x19iHl\xfe\xf4\xb8ld\
\x994\xd3I9\x81\x8e\x90\x13\x08\x89A\x02%_b\
\xa5\xd3\x05[ae\x17\xbc\x85$\x10\x119\x80\x12\xea\
\x08\xe4\x03\xf6\xaap\xe4C\xd2Q\x14\xb5B\xea\xc2a\
\xd3\x7f\xae5\xc1\xc6{4\x0c{\x1e\xfd\x89r\xf2\x91\
e\x8d\xbc\x8e\x17\x9d\x8c\x0b\x97t\x1a\x97\xc0t\x18\x93\
\xaa\xc9\x09\x13\x5c\x99\x95\xe5\x8be\xbet\xe2\xf9\xf8\x91\
\xb4\xefx\xf7\x8e\xda\xa1!\xe2\xbf<0\xb9u\x84\xe5\
C\xf77\xb0\x92\xc7\xeb\x192%\x07\x17\x87u\x15\xcb\
\x80\xd1\xd9\x04\x1c\xc0\xc3\xf4\xd6d\xc4\x82\x10\xd9L\x94\
\x11\xe79\x1eX@\x88\xea\xc8B\xd6#M\xe9\x90\xa5\
<\x0a\x17\x5c4q){\xb0Z\xc8\xe2\x8c,\xc0\xc8\
\xbd\xa9\xd1\xe7\xfa\x9dM\xac[\xcbE$\xf5\xb5\xccy\
1H:\xfa\xd1\x1d?22\x1d\xf9\xd2\xfa\x084I\
!\xf9\x87\xc6#*\x07}:\x82\xd5\x01iW\x11s\
\x8bG\x1c\x11\xef\xd7\xc2T\xa6\xae#`d\x04F\xea\
\xa2V\x1d\xd1\x8f\x8f\xae\xd6\xb8\x1cCPDI\x0c\x91\
\xa9a\xa2Z\xa2\x11\x09)Y\x1c\xb0\x1d\xb0.\xe9\x12\
\xbfh`\xc2,\xf0:\xb4\x04xX7\xeb\xfa`~\
\x15\x16F\xe4\x84\xc3\xb3D\xc5\x8c\xa9KJ\x87\x83\x91\
Z\xd0\xf2a\x90\xd4\xaf'\xf6{t.\xf0\x98v\x81\
\x98\x88\x81\x89\xeatsC\x9d\xdc\x89\xea\xda\x8e\x9d\xf8\
\xe5\xa0\x90\xa0\xe3\xf2\x11\x8c\x8692<\x9a\xd9\xe9W\
\xe7.*9d\x1b\xd7\x9c\xddzsE\x05\x85\x15-\
\x0b\xa9\x9b\x15I\x0e\xa8\x88VD(\x1f\xaf\xd4h\xf0\
a\xb5\xa9\xa5\x1e\xe4V%\x9b\xa9\xc8\x5c>#\x0b\x1e\
\xf5\xe6\x06\x19Q\x0d\x91K^$\xc4 1\xcbG\xd9\
\xf2v\xe6\x9c\xbf\x1a\x8fD\xb3\x96\x17\x10\xc9\x89\xfbZ\
ai3\xa3\xa1O\xbf\xeb\xce\x88\xf5\x1f~}b\x8b\
\xbd\xf1S\xefi|\x1c\xb7\xab\xe2\x05&\xceH\xe1\x13\
\xd1\xb1akAH\xd6\x9b`\xc4|\xcb\x062\x827\
\x0f\x068\xc6\xa5:\x5c\xa5\x18\x22\x13*6\x84\xc4T\
<\x02w<\xb0{\x18\x10\x01%\x07s\x94=&1\
\xf5\xb0\x01\x8aM1\xb4T\x0f\x22r\x9cfW9\xf2\
r\xef\xc2\x91\xc2\xf1\xb9\xc9\xbd]B\x96f`\x90x\
\xa7\xbd\x93\x12fS-\x88\xb5~\x03\x0b\x22\x1e\xbf\x84\
\x83E{\xc7\x8f\x1d\xc5;\x1bd\xdb_\xfd\xa7\xd3\x0f\
p\x1b\x96Jr`\xc3v\xb0\xa2\x82\x0fQ\xb1\x9e\x9a\
\xa1\xc5*\xc8\x0b\x1b*\x8a\x09D\x04U\x915\x84\x84\
2\xe2}\x0dK\x8eA8b\xc5N\xccbv\xe1C\
\xc2\x11|~.%\x0dc\x12\x03\x14\xb7F|\xfa\xd9\
\xea\xb6WF\xd6\x1b\xff\xfe\x91\x19g\x8co\xcd\xabU\
\xd8\xc2+&\xfd\x9a\xd0Ax[\xb4\xd0\x11\xf6\xa2|\
C\xe3\xef\xa7\x8c\x0c\xef[O\x191\xea\x88Lk\xa9\
\xaf5\x83yO\xa32R=\x83\x11}\xb3<h\x7f\
\xd64R\xa3\x84\x8c\x9b\x12N\xec\x84\x98\xa8\x82@\xbc\
5.\x91\x15\x06@\x18\xb2\x03\x94\xa5I?\xbd-\x8e\
\xabBs\x91\xbaU,\x91k\x1am4\x128\x22[\
5Zl9B\xd5J3}V\xc5\x83\xaa\x92M\x1e\
`qH.\x06\xc9\x1b\xdc\xadd\xb4VpBv\xd0\
\x08i\xc6R\x88q\xd1\xe3a\xf9\xdcX\xa7\xc3u8\
\xce\xb3\xf1\x87\x9f\x1d\xcf\x01[X\xf5\x19+6\xa2p\
\x17q=\xc8\xd0(\x0c\xa4X\xae\xbb\xa6\xaa\xe8\x88f\
\x0dM@\x86\x95\x0ciK\xac\xa6\x1f\xb2\x1a%\x0bK\
\xf8.U\xe35\xbbB\x05)\xf9\x11\xe2\xb6\x07\x1f\xa1\
\x11\xc3\xd5\x0e\xd74\xaf\xf3\xc6\x19\xd9\xac\xdbS>\xc4\
7X\x8dR_+\xad\x1fFC<\x8f\x91\xd7\x0aF\
\xd8\xf6\xfbe\x16\xf1\xc8\x04,z\xcc\x9e\xca\x087Z\
2\xa4\x9d\xdf\x1c\xda\x1af5\xb7n\x14\xcfkM2\
\xf9\xf75\x89\xc2?\xa7\xb3U6\xcfFH\xd3\x00\x0f\
.\xe5\x1c\x8e\x16s&\x0bY\xb0[0Pd\xc4\x8e\
m\x89HD\xf8\x80r,\x8f\xb3\xa6\xc9\x8dh\x9c\x1f\
Q,\x06O\xae\x1csW\x8e\x80\xe3\x11\x22\x95mX\
\xb9k{9\x1f\xdbL\xc2\x85\xe1\xf0\x15\x90p\xe4\xef\
.\x15\x84\x08M8@\xd6\xd1\xe1\xdf\xb0\xbf\xd8Aq\
J\x8e\xa8}d\xf9\xc7GzR\xce\x8b\xed\xb8=F\
\xc5g\xbf\xd8N[\xa8\x98\xcfi\xf9\x22}\xb7\x0a#\
\xc5S\x5cL\xfab\xc1j;\x90b\xbe\x16c\x12\xaa\
\x88\xf9Z3~v&#\xb2\x8e\xf56\xf8\x5c\xe8/\
j\xecr\x17_\x8by\xad`d\x8apd\xdam\xd5\
*\xb0Eud\xa8;7\xef\xb5\xc5\x9a\xe8\xc8\xd7\xcf\
\x1dDD\x18\x8f@F\x5cGR\xeb\xad!\xe6\xd1\x8c\
R\xdc\x9d-6\xfe2\xaf\xc5V\x94j\x9a9U\x08\
G\xe0m\xc9\x02-)\xe5gJ\xa0et\x09\x1bS\
zZ\xb2;\xce\xcb\x05)\x81\xc0S@\xb0\xacL=\
p\xdfCWnn.DH\x87\xa5\xab\xd8\xc41\xde\
\x9c\xdd\xad\xfa\x0c\x0e\xc3\xc2\xed\x16\x1b\x89\xf1\xc8\xfdc\
\x9c\xd5\xe2\xcc\xe5\x80dg\x98\x84\xf9LD\x5c\x13\x8b\
)\x1aBI\x82\x10Y\x8f\xb8\xbfgO\x8e\x08\x99P\
Z\xb9'\xbe<1B\xdc%\xc4\xcf\xb5\x1f\x15E\xc3\
\x0a\x17\xf4\xe9s\x8a\x0a3\xe6\x1a\xbc\x1b%+,\x8c\
\xd8\xa9#G\x22\x02@JY\xcb\x19\x95D\xf6%b\
\x11,H\x1a\xc0\xd9jr\xbb\xdcUG\xf6^B\xf4\
\x19\xe8\xc8H\xd4\xd8G\x91\xd2*\xc8G\x07\x92\xa4\x8e\
\xc89\xe8\xd8\x1b\xcff\x94/\xee\xd7RF&\xea/\
\xf5\xc8\x08\xb9\xedF$\xa1#\x0c\xdauf\x94{\xc7\
\xd6\xdc\xeb\xec\xd4\x91\x19\x18)jY\xe5\xdfZ\xfa\xf7\
\x99E\xbb\x92\x0bdZ\xf1\x98\xd9\x0e\x1e\x166\xca\x08\
<\xad\xa3\x8a\x08ct4\x97*\x1c0H\x07\xf0S\
G\x22\x82\x8eQ\x14:\xfeL9\xaa\xcf-\xb9\x10?\
>\x06\xd9@^O\xfd\xa2\xc2\xc0\x81L\xad\xd9#p\
\xe0zj\x17O\xd8\xc1\xe2tp\xe3\x80Z\xad\xb7\x1c\
\x1b \x92\x11\x11\x9e]\x90\x11\x96\xfea`\x92\x90\xe2\
\xac\xb0\xb0\xb2|\x1e\xb4\xfc/(z]\xe4\xf5\x00f\
\xe8\xcc\x8e\x875\x0b&/4H\xb7`\xc2\x04\xfc\xf2\
`Y\x14\xba\xc2(\xfeZ\xe2^\xf3S\xe2\x16XW\
\xde\xb3\xea\x95\xad\xb50\xb2\xbei\xea7\xd1\x91i\xd4\
\xd8A\x08\x19\xe9\x99\x05\xdb{}\xa9%\xb4\xe1\xd3\xd0\
s\xbfR\xec\xfb\xe2\x90\xdd\x19\x89~\xad\xae\xb9\xa6\x11\
\x8fd\xa0U\xd2\xb1\xe5\x8c\xf8 \xab5\xe3\x91e\x96\
\x0fMy\x1a@\xd2\xc8?7B\xe0\xb5N\xd4E\x03\
\x22bF\xc8Q;R\x90\xd2ZP\xd2\x11\xa8\xb3\xe0\
\xbbD\xf3\x83W:<\x1eE\xf3\x9f\x07\x1dK\xf3\xab\
d\xf9\x14\x8eD6>\xb5\x96\x92\xfcTHr\x00y\
\x00#>\xe4\xb7'\xc5\x15\xcf\x80\x8c\xcd\xd1\xc0GA\
\xc9\x8e:\xf2~z/\x13DH\x08\xb6\x7f\xc9(:\
\x09.\xdc\x9c\x14\x8cu\x9e\xb8\x1f*\xa8\xd8\xcd.\xe7\
\xc8\xa1\xae\x03\xf6\xaaRrX\xc1\xcb\xb2\x85:\xa29\
G\xd6\xb3\xcc\xd1*5\x00\x87g\x80\xd4\xef\xf3=\xf5\
\x9b\x9b\xaf\xb5\xb9Y/\x0a\x19\xd1\xd1\xec6x\x04\x80\
\x88E7#1!\x22i\xafV\xccH\x82\x85}\xbf\
#\xeb\x8d\xff\x9e:;ud\xd4\xc7H\x9a\x01\xee\x0f\
H\xc0\xb1\x0dh\x97\x95\x03\x11\xe7`\xc4 \x11F\xf4\
gj\xfes\xc5D!)\x1bJ\x890\x22+\x14\x9b\
Zr<N=`\xb7\xb2\xfa\xe18G\x15\xd0\xa5C\
\xfd*\x85\xc3+\xe4\xc31\x94\x83!\xeb#8\xaa~\
\xd9\xb8\xc8\x82\xb5\xe2\x1e\xcf|i\xa3B%\x19f\xc3\
\x22\xaf\x87\xa56\xdabg\x92\xe2-*\xbeb\x87\xa5\
mi\xf0\xc2p\xfd\xf4\xda\x0crG$\x08I-\xce\
.N\xbc\xcf\x1eE+bFJ\xb5[\x8c\xc2\xff\xb2\
(\x0eI\xa8\xda\xaeE\xfa_@\x05\x8arX1\xad\
\x05B\xb8\xaa\xe6\xe3\xce\xa6^\x160\xd1\xd20l\x84\
\x0d\xe1H\xde\xa8\xcb\x94m\xab\x9d\x85\xec\xeb\x15g\x0e\
\xf2\x91#=\x03\xd9\xf3\xbe\xb9\xe2;~\x16\x8f^C\
\x1c\x7f\x83\x8e\xc0\xbc\xef7\xed\x8d\x7f\x1c\x8d\x0c=\x1c\
a\xc3\x16 i\xc9H\x0c \xa1\xafU\xad\xb3\xa1\x17\
T\xbc_K\xa5\x047\x1d\x8bH,\xbf\x0e\xf1\xc5\x03\
\xedn0\xf9\x80\xfb+\xf2\xad\xd9)-\x87\xe1\x973\
\xe4\xf0\x8f\xb7Y)\x1c\xec#\xfe\x99\x84\xb3\x15w\xfd\
7\xe4\x0b\xaf6\x02aV\xe9f\x7f*k\x0f$E\
6\x80\x924o\x10\x80\x9d\xa5\xb1\xb8%,\xc4\xa34\
\xac\xdfq\x85\x88\x88\xb2\x1c\xf2a\x07\x91\x14\x10\x22!\
\xeb\xfd\xc83&\xd6\xfd\x98\xc8\xce\xad\xcf\xfdB\x02l\
\xd9PT\xae\xe1\xb7\xd6v;\xba\xb7\xe0[\xec\xbeZ\
i\xe6\xe4(\x9b\x102\xc7\xaa\x99H\x95\x03VG\x90\
\xd8B\x91x\x84Eu\x04\xdb ;_v{\x1fb\
\xc5N\x14\xf8Z\x0aIL\xd0\xd8\xf3\xedn)&\xad\
Z;\xfe\xc0\xc6XIO\xe3\xf7\x8c\x1f\x11k\xf5\xc6\
?\xf5T\xd8\xb9<\x9c\xf5\x17\xcaH%\x99p\x94\xd5\
\x1ceD\x83\x04\x85\xf6\xcb6\x83z3\xb1\x85Fi\
\x03\x04\x8c4T\x12@\x22\xabE\xec\x22\xde\x16\xa6\xcf\
\x8f\x1at\x0c\xad\xf5\x90pv\x0b\x1d\x0b\xc2al8\
\x0c8\xda\x92X\x5cJD!\xb1\xa0\x04+\x1ft\xd5\
\x84\x90\xcc\xb3\x01\xc8\xad\x0f*\x02\xd4\x13\xc7\x05+\xf3\
UNH\xe0\x12xp\xf0\xa0\xec\xde\x1a\x14.\x8a@\
$%\xc4\xb88\xc5\x09&FX\x88\xfb\xe7\x9a\x12\xa8\
\xd0\x10\xa9\xac\xc7\x11\xa9ppY\xee]\xc5u\xce\xe1\
\xa0h\x00\x86\xdf\x05>\xa0#\x90\x10\x0bH\xd8\xbf\xcb\
\xe6i\x8d\xd7-M\x93#\xe0\xc9.\x17\xff\xfe\x11\x86\
\xec\xfcn\x1e\x10\xf2\xc8\xd3J\xeb#mJt\x89\xf1\
#\x7f\x81\xaf\xf5\xf5\x8cDO#\xe7\x8d\xef\xb7.%\
\xc9Lt\xd6\xfa\x1b_\xf8\xc6o{\x8b\xa0\xfd\xb2\xb7\
\xbbS^\xb3cK\x17\xa5D{\xb5\xac\xd2\xce\xea!\
\xf0\x98\x0b$\xd3\xe6\xeeW\xd5\x22\x1dun\xb9\xca4\
 7K\xee\xba\x9f\xf9&\xbd\xd7Vu\x8a\xc7\xa78\
\x9c\x92\xab\xcf\xf1b\x9dd'\x88\x0a\xc1u#\xdf\x04\
\xc4\x19W\xd2\x19\xdf\xc8\xca\xce\x1ex\xdc\x12f|\xe1\
\xaf\x8f\x12[I\x98\x95]\x81HW\xf0(\x1dq\xee\
\xe0\x04\xfbS\xcf\x89vd\x90Z\xd8\x93z\xe0\x9e*\
\xe3\x05{\x8c'\x9c\x15\x9d\xc6bd\xa6\xd8\xd3b]\
\xdad\x05\x19x\xa1\x04UD\xf0Q\xd2\xdb\x1aO\xa0\
\x22\xf4\x14F\x16\xaf\xc3\xae\xd7\xea|\xaf\x8e\xact\x0c\
b\xcc\xf4\x8b\x8b\xc7+\xec#&\xb5:\xe1\x88\x19\xb9\
\x80\xc5\xe1)\x9d\xf3\xe1\x8b'i\x0cFb\x8cU\xbf\
y^!t\x84|tG\x22N\xda\xc9\xdf\x8d2\xb2\
\xbf\x5c\xaf,[\xc0\xf2fD)\xc1\x9b\xa9\xfb\xd2\xba\
\x17\xca\x12O\x0b\xc2\x81\xde\x09\xfeH\x1b\x8eb\xb9\xeb\
\x06\xe4U\xcf\x92\xf0\xc1]\x12e\xb8N\xc4!\xee\xd5\
8\xc4\x92^j\xf7\x8a{V\x17\xd0\xc7\xa3N\x9d\xba\
\x93\xdd\xce`a\x9f\xb1\x00A5y\x8fi\xaf \x1b\
1\xdc\xdc\x86\x10\xbf\x1d\x9a:W?\xab\xf9k\xe2h\
y\x94\x14\x97|\xaf\x83\x88\x93&\x19\xb1\xb5\x5c\xb4\xc4\
\x92\xc2\x0f9\x89\x02d\xa7T\x8f\xb6\xe2\xa2Q\xf7+\
g\xfeFe\xa6\xf4\xc6:\xc8\xbf\xa5\x7f\x81\x08G\x9b\
\x16\xc0\x0b\x22\x82\x08'\x1b1\x1c\xd9x\xccn\xa9_\
\x18\xcb\xec\xb4Gctc6\x92\xee\xa5\xa91;\xfb\
~9y\xd0W3\xf2\xc7\xdf\xb3'`\xdcW\x1f\x09\
^\xdd\xf2^\x19qHl\x82-\x0e \xf1B;\xc8\
b\x85\x04\x0b\xcc\x1a\x1a!\x22\xb2\xfap\xa1<\x92\xb9\
\x90\xf9\xf6`\xa7\xaer\x90\x84Ga\xed%\x1cv'\
\xa0\xdfN\xba\x93\x85\x82\x82\xcd\xbd->K\xfc\x97\x1b\
!\xf9)g\xa7Hc\x16{\x14\xab9\x01\xf7\xce\x15\
\x05P\xe8q\x17\xe4\xb8x\xdc\xa7\x14\xddb\xfc\xbe\x10\
\x92\xeb\x90*\xe3#,H=\xe9\x19\x91\x85\xbe\x17Q\
q\xeb\xfcm\xc4,=\xc6\xa2Kb\xac\xaah\xfek\
JT8\x06\x12>\xb3.z\xadr`)\x0b\xc0\xaa\
$\x02I\x09@\x10\x8f4\xcc\xe1B\x86\xb2]\xb5\x15\
F8\x9c\x9dUv\x0b\xda9\xba\xaa\x15\xb4\xbb\x8c$\
m(m!\xe9\xd4\xd9\xc9\x08\x11\x01#_\x9b\xd7\xfa\
\xdf\xbf\xa3\xce\x0e\x8e\x1f\x8aH\xe4\x7f\xfb&\x10* \
v\xedI\xe8\xec\xfb\xd99\x97)\x03\x92a\xad`5\
XG\x85%\xb6\xb0\xc0\xacCU\x0c~\x158b\xc8\
\x11\x8d\x87\x84\x83t<\x00\xe3\xc2\x95\x8b\xacn\xe7\xee\
\xc3\xb3\xeeOX\xcf|f\xcf\xcf\x89\xcb\x95\xc4(X\
:A\xc9\x1a\xa3\xb1\x10\x96\x14B\x89\x10\x80!\xe44\
\xa3\x82\x1b\xf8\xd8\xd1\xed\xd2\x9d\xcdt\xf5&\xc7\x0d\xc6\
\x09\x17\x05D\xe4I\xb0\xbb\xa9%\xe9\xb66\x0c\xe1d\
a\xc75\xdc\xc3\xb3?\xe9\xe3\x04\xe6\x09\xb1~]\x89\
\x88.\xf2_\xfb\xd50:A\xdd%\xc0\xa5_\xf3\x06\
Z(+\x13m\x9b@\xa2\x92%\xc4\xbc\x01S\xc8\xfc\
\xc2\xd5rD|\x10\xe24\x9a~\x9f\x93p\xa4H\xc6\
\xb1\x93\x13\xae-\xcb\x8d\x11\xaf\x8f\x80\x92\xaf\xd7\x112\
\x82\xbe\xdf\xc7\x94\xb8y\x11\xd1\x95\x84:\xe2\xbe\xd6\x82\
\x15\x92\xf5\xca\xba\x1a/\xd7L\x09\xd0\xa6\xad\xc6b\x12\
Z\x9eXK9\x86\x93\xcd\xbej\x87\x1c\xbd\x85\x8c\x84\
\x08\x1eS:\xc0\xc1\xf9l4\xc8\x91O\xf9'\xf1\x80\
\x04u\x00\xe1U\x18\xb1\xfb\xc5\x18\xa1\x94H\x98;\x94\
\xd71\x10J0L\x16j\xc2\xe9\xb7\xe1v\xf1\xb0U\
J\x98%V\x80,\x0a\xd1\x09\x8at\xdc-\x06\x17\xee\
!\x22\x09 <\x0fhH\x9cR\x0a2)?\xc7\x8b\
Qe\xec\x0b\xab\x92\x87\x8f\x8a\xa5\x01K$\xc0\xb4\xab\
x\xe0\xa8\x80\x15\xbd\x8e\xa1)rw\xb3\x1a\xd8\xc8\xb3\
\x96Qb\xd7\xcc\xef\xb2\xdaE\xc8\xee\x0d\x8db\x93\xf6\
\xd7W\xf5\xcd\xaa\xc5\x12bL\x17\xffXG< \xf9\
\x1e\x1d\x81=\xc4\xe3O\x86\xb4s\xfe\xa0\xd6\xd4(\xfe\
\xfd\xecked\x93]\xc5\x91\xe5\x0f5>{\x12\x8b\
&\x90\xe4a\xc0\xf1\x94O\xd7\xae\x1c\xbcd\x1e\x944\
\xfa\xec\xecG,\xd8\x01\x87\x93\x1d\xb1\xc7\x03\xe8\x07\x9f\
\xc2\xf8\x88\x7f\x0es`\xfa\x02\xe2v\xe4\xfeq\x91S\
\x86\xa3\x84\x01M\x877\x1b\xd2\x85\x05\x84\xb8\x9c\xe0\x08\
^8\xf1\xb0\xf2\xa1QH\x93\xdf\x09\x99~X\xa3o\
\xc7]\xe4.\x94\xc2.\xff\xb3l\xf6\x84T\xd8v\x22\
&.\x8f\xd8c\xa5\xbe\xa4V\xb5\x1e=$\xc5$\x06\
\xaa\xe2c 7\x93\x96\x0f\xac\xa8\xe0\xc3\x14\xc1\xa0\xb3\
\xc0!\xa7\xba\xd5\x1avg\x83\x0be\x84\x8ct\xfa\xe2\
A\x08\x19\x11k3\x92\xcc\xab\xc5%b\x80\x98\xef\xb7\
\xad#_\xcf\xc8]GF\x0fu\x84\x14\xf7F$d\
\x84\x95vh't\x84\xdd(ddwY\x08$\xf6\
\x93E\x0d2<\x1c\x87p\xb8\xc3[L7\x0e\x07\x03\
\x0e\x0f\xb6\x938#\xb5sr\xc1\xc0p\xdc\x9f[v\
\xc2\xee\x87?>\xe1\xc0\x15\xbb\xa0\x83,\xf1!Q\xd1\
p\xa0GJ>\xce:\x88\xb1i\xe0\x054P\x13\xff\
\xe6N\x9b'T\xf6\x0c<\xd8\xdah\xd3\x14\x15\x03`\
EB\x1a\xf9\x7f\xa2\xf8\x1f\xc2\x18^\x95_\xfd\x5c\xec\
\x8cO\xbc\x03\x9c\xfcU\xc5\xeb\x22\xf4\xf1\x03xH\x80\
\x12X\xfa\x93\xdc\x9dx\x85\xaf8r\xc5\xe75Qq\
Y\x81\xd5V\x82\xac\xf90W\xcbP\x1c\x11\xe3$\x8d\
6\x8d\xa9\xf5jy\x09\x91Y\xad\xcf\xe6\xc2\xee\xc4\xc8\
}\x8c\xfc\xdf\xb70\x02\xf4\x84\x91\xb11\x92Z\x9c\xd2\
\xa3\x89\xe8\xd8\xaf\x15ED\xd8|\xb6`\xe7\xef\xca\xbe\
3t_\xad\xb2k\xa7\x8b\x85\xdd#\x84c\x842G\
\x0c\xb4 \x14Q5Kc\x8c\xa0\xc2\xa0pK\x9e9\
\x22'>\xc2a\x7f\xdaw\xd1I0\x22/vYQ\
w:\xfe\x8dq\x1aQ\x89h\xc9\x15\xbe![d\xf2\
\xe6\xc8\xd1\xb1\xc9\x94\xbc0\x81\xe6\xf5p\xb4\xf9&t\
\xc2\x86\x02\xde\xcb\x0aw\xe86!\x9d\x8ct\x80!\xa6\
X\x10\x8d8g\x1ec\x1f\xaf0\xfe19!@=\
\xacTA\x0b\xd3b\xfd\xd2\x92\xb0\xb2\x9d\xe6\xfc(\xa9\
+y\x8d\xd8\xbe\xe0G=\x94W\xb8\xaf\xf6\x8aHt\
kq\xd2 \x18u\xc4\xc7\x8e\x84\x8e\xa4\xb5\x11\xbf\x16\
\xdb\xa0\x14\xeak\xe5_\xac#\xb44\x1e\xf9\xa4>B\
\xeb\xc6\xed\xae\x22\xd4\x91\x09\x82v&\x7f\xe7\x0c\xda)\
$\xfbj\xf3\x94=\xe9\xad\xa6\x0dG>\xc3|\x7f\xc1\
\xc6\xe7\x95\x0cZ\xcaEJE\x1c\xf7{\xddd\x91\xfd\
\x0f;(\x1f8\xea\xc1h\xc1\x1e\xeb\xc9\x7f\x12\x8fy\
E\xba4) q-\xb9\x92T\xa0\xe46\xd7\xd7\xc3\
\x91\xe4l\xa4-\xd1'`#\x889\x1d{\xd3\x88\xf3\
n\xfe\x09*R\xea\xde\x0fo\x1f\xbf\xbcl(\xe6`\
0\xcd\xe6\xea\x18\xd7x\x08`\x90\x81\xdb@ \xa0\x87\
TUN|A\xe4\x0b[\xaf#\x96F_\xa9\x19\xca\
\xc1\xca\x07YY\x8e\xc2\x07c\xc5^\xbd\x84Q\x05D\
\x94\x91-\xe7\x8co\xcd>\xc7\xb4\x16\xad_Gh\xad\
\xcav2\xc6\x8a\x8c|O}D\x8c:\xf2p\xfc\x08\
c\x92^F`\xc6\xc8\x885D22[\xf8\x14[\
\x06\xc9y\xa6d0Y5w\xe1h\x87\xa9\x9fc\x91\
\xb0\x11 \xe8\x82\x95;\x1c\xb9%\xf6\x03\x7f\xac\xc0\xf0\
)q1fH\x13\x0e\x81\x09\x0e\xe1\xdb\xd3\xf1\x0a%\
a\x5c\x02L\xa6O\xc6\x09\x0c\xb5\x04wS\xb5\xff\xa9\
\xc6\xa1.4\xfe\x00?\xcdP\x1b0\xcf\x1f\x7f\xf5d\
\x96g\xe7\xc2@\xa6\x07K\xdc\xbb9\xe1\xfd/\x9d\xaf\
)\xb9wt\xc5\xe5\x14\xb9\x0b\xfe\xba\x84\x94\xe4\xf8\xb0\
/,`\xb9\xec\xe6*\x8e\xb4\xe1\xfc\x8c\xd9\xe7v\x9d\
9\xe3\xef\xe3\xab&1!J\xda\x88BK\x1b\xe3{\
\xe6\xd7RF\x06\xdf0/\x0a\x19\xa1\xafe=e\x0f\
e$\x15\x92a\x1f#\xe1l\xcd\x85\x12X\x8ci\x17\
\xbb\xe0[\x91\x16\xb3\x15\xa6t\xbb\x85n\x5c\xaa>O\
*\x02\xd2\xb8\xe9u,\xa8\xe0\xfe\xb1\xed\x00\x83n)\
0\xe7\xf8ap\xe3\xf4\x9c\x89J\x04/\xd8E\xe6\x8b\
\xd6.\xbbsp\xe3~h)\xb9\xbc@O\xb3Y\xad\
e!\xaf\x0b!-j\x99\xd4\xa7Y\xf5\x01\xb6\xcc<\
\xdeb)\xddB\x11\x173\xa2\x11\xbe\xe3I\x01\xe8\xbc\
\x0d'>\xa0R\xea\x9eG\x87\xc9\xfe\x96\xff\xcb\xbe\x8d\
_\x9a\xd8\xfb<\xc6\xc7\xf2\x88\x15\x93\x95\xbd \xb1\xb3\
\x19\xe9\xecKu\xc5\xd6\x9e\xd52D\xa6\xc1\x88\x9ai\
H\x11\x80`K\x84\x84\xbb\x16#\xcf\xce\x88B\xf2\xa5\
\xad\xf1`\xe4\x1f\xca\x88R\xfc\xe7\xbd(\x8fC\x12 \
\x02\xe3\xd7Os\x92-\x83d+\xb6\x17)9_\xbc\
\x01\xe2\xf2\xd0\x12\x12\xf8\xdc\x1d\x22,\xb0x\x90\x12\xc1\
u\xd7F\x04\xcfw8\x80\x94\x1d\x09\xe1\xc1\xd6s\x82\
\xcd\xd9V\x17\x95\x8b\xf9\xf0T\x15\xbfd\x18\xd9:&\
b\xb7\xfd\xf3\xb55\x92\xdc\xea@\xe4\xa3\xf1\xf1-\x83\
E\xc5Y\xe5h\x9e\xec\xa5Q\xbc4\x1c\x0f\x0b\xb1\xd3\
\x95\xf0\x9fu\xb5\xf3\xd7\xd7\xf3\xc3\x95\x92\xaf\x8c\x7f}\
\xe6K\xa6\xd9\xffx\x0a\xf0\xcc\x88\x0b\x8fIR$\x89\
\xf2\x1d\x16\xd7@\xbe+\xb4\xea\xc2w\x96\xb5\x11t\xa2\
\x00\x112\x22vg\xa4GF\xda\x84\x0c\x82\x92\xae=\
io|0\xf2-:\xf2\xc7\xff<e\xa3\xb1\xd6\xd9\
\x9f>#\xe4\xd3\xaf\xb3J+\xedP\x12 \xe2J\xc2\
\xab\xf6\xac\xd6\x97\x95Jl\xdf~\xdc\x03\xc6n\x17X\
p\x8fE\xd7\x84\x8ed%.\xba\xfd\x90C \xd3\xa2\
\x86\x80\xe0\xe0\xd7\x0e\x5cw\x1e\x93\x9a\xe2\x8d\xe6\x19\xd2\
\xdb~\x01\xad\xe8\xb5\xc1l\x7fs>\x12D\x98\xc9\xb2\
_D\xf5\xa0l(\x08\xba\xc8\x13\x9e\xe7)\xaez\xee\
iA\x7f\xdc\x02N*\x96\xfc\x81\xff\xe7\xedZ\xb7\xdb\
F\x9a\xa3\xf7\x03)\x92\x12/\xa0lo\xf2#\xb6\xf6\
\xe4\x9c<E~\xade\xe9\xfd\x1f)\xd3\xdd\x85\xaa\xe9\
\xce\x80\xc7\x9b\x98*`.\x00\xe5\x8b\xc8)\xf6u\x1a\
m\x00\xd5D\x0e\xce\xc4\x14\xcexC\x9aY\x852\x92\
\xf5\x99.\x04\xc9i(\xcf\xb2F\xd2\x83B\xc9\x925\
k$\x89\x10\xd9#\x0d\x97\x87\xed\xbf\xc4\x91\xdf\xc6\x12\
p\xe4\xf5\xedu\xb3=\xd0f\x1f\x03\x1c!X=\x1e\
Pel\x84\x11\xdd\x01\xcc]\xedF\x12\xb0\x04\xab\x9f\
\x0aT\x85\xcc\x83\x81\x84`\x17\xeb\x9d\x1d\xfa|\xa1Q\
\xd3\x17\xe7\x07.I\x1a\xb0\xcb\x97T\xa6\x1e\x96\xd9_\
\x99)\x85'\x0e\xadv'\x8a\xc3c\x09\xcf\x97\x93%\
\xd9\xb4\x9c\xdeg\x14\x8e\xae\xfc(\xa6\x18\x05\x08\xf0\xef\
\xe8\xa1\x0d\xbeH>`\x86\x1e\xb4\xe7\xaf\x92\xa1\x9f\xc1\
K.qD\x94\x97\xa4\xc9e\x88'\x84\xfc\xe2\x09\xfd\
5\xfe\xf7\x06F\x0f\xa1i]\x0c\xac\xcf\xa8M\xba@\
N\xd5J~-\xf0\x04\x90\xcd~\xd9\x80#\xbf\xd5\x1e\
\xf9D{\xe4u\xda\x1e\xec?z#\xa7q\xc0\x90\x5c\
\xd0\x94\xe9(\xa0\x88E\xda\xcd \xe9\xedv_\x9f\xa0\
\x09\xa9\xa2\xd1\x8euPB`]\x17\x02x\xf7\xddF\
\x02<\xfa\xae?\xf0\xe2\xf7c\xf2\xddN\xbb\xdb\x1e\x8e\
\xb8\xfc\xbd\xbe\x82Z\x0f}\x05\xfa\x895)]\x7f\x81\
'T<H\x12\xd1\x84&\xec\x08\xccS\xce1u\xc2\
\xdd\xce\xf4C\xbd\x84\xd4\xf8O8\x18\xc0X\xca\x07\xfb\
\xff\x92\x18/\xf1{\x18A -\xed\x1aw\xbd\xd7d\
D\x22\xc8)z\xf9\xdal,\xd8\xc7\x04\x829\x83#\
\x10\x04\x81\xdb\x97\x1ca\xb2V\x14Dqh\x9f\xae/\
\xacQt\x84\xf6\x88\xcf\x1c\xdc\x87H\x8e\xfc\xe6\x8d\x88\
o\x88\x8f\xfc\x9c\xb6\xfbU9\xb2\x93\xbbM\xbb\xef\xbb\
0\x87\xd2Q\xbc\x14\x1d\xd2Q\xccn\x9fQ\x8c\xee\xcb\
b\x93`\xe9\x0eV\xffH`\x80\x0c\x036\x04\xfed\
\x1f\xf8\xae\x99&\xc4\x9f\xd1\xe1\xae\x84\xcd\x8b\xf7\xd4\xd3\
8\x12\x7fau\xda78V\x0a\xe3\x11Y\x96T\xa2\
(\x9bV\xa8[\x22\xe5\xce\x13?R\x90\x83J\xe6_\
e=\x17\xb1*\xa5\x12]\x8c\xb2\xc5\xf4{\xe2\xb7n\
\xe7wz3\x92\xd8\xa6\x17@\x06?oA\xf0\xf8!\
\xd4\x0b\x11\x04\x0e-&j\x85\xc1~\xa5\xaa\x05\x8a$\
\xbf\xef^\x92D&\xc9>\xd5\xc3\xf6\x130\x1d\xc89\
\xf2\x8e\x9c\xc6\xf7\xdf\xc9\x917r\xc4\xf2\x8bo\xd9\xec\
\xc5\xb95~0\xa2\xf2\xe3\x0d\x17\x7f\x5c\xd5\xac\xea\xd8\
\x99&\xd5t\xc0\x01hV\xf1\xe7\xea\xb4\xde\xfbf\x97\
\xbcA\xdep\x94\xfc\xb1\x0b^r\x9dA9\xc1*z\
\x91\x9f\x88\xc2\xc4\x9aXR\xc3m\x04\xa7E~\x14O\
\x16\x18\xb2\x18\xe9MZ\xb8\xf3\xca$\x1a\xe4\x06\xe4\x1b\
\xe0\x0b\xdd\xc5\x9e\xff\x0a>7Y\x0a\xf1i\xf7mB\
\xed\xd2h\xd5\xeeZg=\xe0|\xa2\xe5\xa2^\x00=\
\x0b\x8d@\x16RG71\x97\x1d\x12zVC<q\
\xda\x19B\xbf/\xe2\x87\xdc<\xb2/\xd6\x885\x07\xbf\
\xae9\x93\x1c9>\x9d\x8d#w\xc9E\x01G6\xa6\
k\x95\xf8\x88\x88*\x017~*b\x9f\x8bb\xc2\xf3\
|r9\xe2b\x04y[a\x93\x88&\xfcJ\xd3\x97\
7\xd4\x04\xb1&nb\xe4OTV\xac\xd3G\xb4\xf1\
6\xc0K\x92NXl\xbe\xe0\xa8\x9e\x10T\x0f{\xf3\
=\xb9B\xc9\x0f\x1d\x09\xb8\xa5\xba]E\x88\xc8\x16\x11\
\xc0\xcb\xe2\xe5\x85\x82%\xff\x1d\x95\xc9\x18\xedU\xbdo\
\x98R\x1e\x0b~\x9f\xa8\x8b\xbf\xf8\xf7h\xb9\xa8#\xda\
TD\xd1\xe7\x87w\x9f\x1c\xf9\xbcpd\x9e)G\xe4\
\xd5r\x1c\x80\xacl1\xad\x91\xe8X\xb29\xd8\xca\x9b\
]\xd7\x92\x1c\xf9=<\x91=\xf2\xd6t-\xe3\xf3\xd1\
\xff\xdd\x094%9\xfc\x00\x8a9\x12,Q2\x8a\xf2\
\xe3\xcf3\xe0r\x04i\xf2\x80\xd6\xac\x94\x1e\x5c\xfei\
s^\xf2B\xd7|\xdfm\xac\x1cH\xc4\x90:\xa6\x17\
Wy%\x19\x22y&\xd6\x02/\x88\xdcS\xff\xb6\xb3\
\xd2\x84Ta\x91\x122CM\x04\x01\x10NWne\
\xe7\xec\xb6\x93\x90\xe7Zn;\xd0\x00\xdf!h\xe5\xd4\
\x0c]\x91\x98\xd6\x8dQ\xa5C\x16\x19C\xb5\x19\xecX\
d\x88\xebY\xa1i\xcd\x8d\x22K\xd1\xa0\xf4\x9cPY\
\xed\xa9\xbaV,6\xf0CC\xff\xd4\x0f\xeaZ\x7f\x7f\
\xa2[\xeb\xb7\x0a\x92\xe0\xc8\x1f\xdb\x9d\xcb\x91\x1d\xe4\xc8\
d\xff|\x1e\x08\x96\xfc\x9d`\xb4OJ\xd9:\x06,\
\x8a\xb8\xd4~@\xc9F\xc8\x12H\x13\x91\xa5.u\x5c\
\x0ba\xea\xe7K}=y\x1f\x94\x09\xeea\x88K\xeb\
0\xe2\x06G\x9b$\xeaa \xb2(\xc9:\xbb\xf2V\
\x98\xcc\xe1XO\xdd\x18g-'\x860#y\xe0\xc3\
\xb01\x99\xdc\xd97Qm/1\x80\xb3\xe1K\x92=\
h\x10\xe8C\x8c\xee\xeb\x0f\xc4P?\xaa\xe0G{\x98\
\x82\x01\xf1u\x03\x84\x08\xec\x91\x12\x1d\x91\x18\x99v\xdc\
A\x22\xf0q\x1f\xd3.f\x1b\xe7\xc8yk\x1c1\x8a\
\xfcN\xbf\x16t\xad\x86\xf7?\xb6\x0f'\xf3k\xed\x8d\
\x10\x8642\x15e=>\x12%J\x15!9\x19K\
f\xc7\x95q\x12k_\x83'\x02\xd67\xba\xe0I\xeb\
\xfd\xf4\xe6\xaf\xe3\x02s\x039B\x96\xe8>&_\xf9\
\xd3\xfa\x8bI\x10\x9a*1\x15\xe8\x09\x93-\xdf\x06\xc2\
\x171\xb4\x9f\xbf\x94\xa8\x92\xf3\x9cnB{\x84i\x86\
Hx`tE\x86\x0e\x03\x9cf\xa7\xbfp]\x92\x19\
\xb0\xc1q\xa5\x89P\xef\xc0\xc7\x18=D\x8bt_\xb0\
\x07g\xf2\xa2\xa0\x81\x16\x1c2\x0d\xf9\xee:\xf04v\
0\xe4:\xb7\xf3be\xb5P\xe4\x97)\xbf\xad\xf9:\
\x02?\xbc\xc7f\xf6I\x89\xf1\x18&\x18\x02\x93\x9f\xbe\
\xeeN\x9b\xcd\x8fw\xee\xd5\xfd}X8\xf2\xe9\x8f\xed\
\xc6\x93\x1a\x0f\x1b\xd9!T\xb7 L\x16A7\xf5,\
\x99\xda\xef\xf2\x88\xf0\x88C\xcf\xb3:\xcd!I\xc2&\
Yh\xf2uaI;W\xa0\xe5?\x1c\x84\xaf\xbc\x1e\
\xe2\xab\x1d\xf9o\xc4)\x89\xa2\xd7\xd2R*2\x86n\
a\xda\xb6\xd5\xb3#\x96\x08\xca\x9cM\xa15\x8eJ#\
\x0e^`\x80\x05\x92\xcce\xca\x90\x85\xbb\xd1\xccg\x9d\
dn\xf9\x1dp\xad\xd7\xd9\xb0\x8c\x13$QD\x1d\xdd\
\x03)s\x5c\xa9\xfeQ\x8ap\xd2#(\xd2\xce\x06\x93\
\x22\xa8\xce\xe8\xfa8\x1e6-c\x84Bd\xda7\xf5\
\xe4\xe0\xf2\x83\xee\xdf)+Z\xdd\xb3HB\x83\xd9n\
~\xbe\xa1\xbe\xd6\x1d\xe2\xec^<H\x1c\x99\xe4\xc8\xb2\
\xaef\xc6\x97\xe7\xeb6\x96\xa4\xe2(\x94$\xd9(i\
\x80]\xd2\x00\xa2\x80,\xc1\x16\xeb\xed\xaa,rA\xb7\
\xd10\x07\x19\xfe\xadu\x8b\x0b\x85\xaf\xf9\x0d\xbf\xfc\xd6\
\x1aF\xde\x13\x9a\x0b\xacS\xfd0&=\xe5\x85_\x9f\
\xd4\xbc\xe0\x06F\x8b\xed\x8d%\x9f\x09S\xce\xf4\xb2\xa7\
ceG\xef\x0bs\x94)8D\x0d9p\x85\x22\x19\
${Ey\x88L\x88O?cN\xabn\x88\x1a}\
\xad\xc4\xa9\x96$%9?\xb8\x80}\xd2\xe0G\x84\xd7\
g\x83\xdb\xeb\xa0\x88R\xb5&Z#\x0a\x8f\xa0TU\
6\xd5}\x80\x1d`\x22\xe5\xc1S\x05\x9f\xb6\x93/\xe6\
;\xd9#\xaf\xef\x8d#G\x17\x02T\xb0\xa2\x9b L\
\x90\xf9+\x98\x04\x84]\xc5\x00\x09E\x89\xbb\xb6\x90\xdc\
8\xbbQb\x87hb_+`\x8a\x80\xab\xd0`1\
dj\xd8I\x11\xd4s\x0c\xd7\xe0\x947\x9b\xda\x88C\
g\xd7}\xf3\x13\x9dT6,\x1f\xf5\xdf\xe9\x05K\x0a\
\x88\xe2\xd5\x80\x22&\xd1\x89\x17\xb5\x1c\x11\xb4+\xe6\xf1\
\xa2\xb3\xbfJ\x99U\x0a\x82\x14\xdb\x02\x0e\xb9\xefR\x16\
{\x15\xc7&d\x00g\xfe\xb2H\xf2\x15\xaby!\x94\
\x1fC\xf7\xc6\x98\x94\xa2\x16\xc9At\x9f\xa7}\xc6\x9f\
\x03\xb3[\xeb\xbe\x1c\xce\x17\xd4\xf8\x1d\x04G\xc2\xc0\xb5\
u\x05S$\x01\x0b\xd1\x07\x9b\x00\x1e\x98{\xdcN\x11\
B\xbc\xc3\xf3\xd9\xadp\xbc\x15F\x09\xe3\x89j\xd6D\
G\xf4\xa4\xad\xba\x93\x0fzN\xcfa\x972\xb6\x10E\
4\x8e B\xd2\x9a\x93\x04\x1a\xd7\xe70\xde]\xe5j\
\xb071\x13D\x0c\x80\xd5\xc2k\x8c\xa4\x84\x8d\xe9~\
\xfey\x1e\xb8&\xf9(\x9f vd\x10}+,\xd1\
\xfa\x03\xa0{3\x0b\x8a\xa9\xb6\x7f\xc1\x86Gv\x0d\xd5\
'#\x02\xa9A\xf8M\x7f\x95<\x91w\x95\xf4\x8b\x06\
\xd1A\x96THm\xca\xa6[\x88L\xf9*@\x12\xb3\
\xd0|\x8c\x97\xf1\x1aeL\xf5\x8ap.\x1e\xf6\x1c\x02\
\xb5\xf4\x0e\xea[,\xbe\x01?\x7f\xfd\xbc\xe0\xd90\x07\
\xf0x7\x8f\xb0\x1f\xa9jA\x8aL!G&>P\
7\xa82\xed\xa9\xe6+\x948\x05]v.G|\xfb\
H\xc3o\xb6F\x8c\x22!G~l\xb7m\x8f\x0b\x8a\
>x\x13O1GS\xfdx\xd5~\xa8a\x12&\x00\
\x9b\xb2u\xf6p\xfb\xd5\xfd[\x0e(\x5c\x90%\xd6(\
\x96A\x15P\x87\x10\x93\xd0*(\xdb\xd7_\x02\x8d\xd0\
@\x1ar.D\x89,|],6\xfc\xf7\x98\xc8\xbe\
\x85\xb9\x80\xdcY#\x88\x12\xcc\x83\x19\xa9\x0c\x91\x0a\x14\
Y\xe3\xbe\xd9\xbf\x98y\x1b\xe69\xd5,\x97Z\x90\x18\
\x91{\x09|G\x03A|\xa5\xcb\xbc\xf2\xf1[k\xdf\
\xe1\xb3\x90\x94\xfc\x16_\x0b_\xa5{\x0av?\x9cP\
\xfc{\xbc\x91\x83\x22\x05\xcf\x06\x91D2\x1c\x9f\x97}\
\xb2\x06\x10d\x9eA\x910\xd7\xcf\x92\x22\xe0\x07\x92\xe2\
\xad\x0bL{\xf1\xa1VD\xa9%\x1f\x1aN;\xe3\xc8\
\x1d\x9e?\xe2\xba\x16\x82\x88Ng\xe3\x08\xd9Q\x00s\
i\xe0\xdcR\x8a\xfc\x13S\x1b%L\x8c$\x17\xf7n\
\xb53\xa4\x094\xaeP\xba(Q|\xe0\x08N\x80\x16\
\x98b\xa2a\x9d\x14_\xd2=\xbd@\xad\x8c\x82\x07\xda\
\x99-\x1c4\x83\xad4,-\x9b`ezd[F\
<\xe5\x09\x93\xb9\xfc\x84\xfa\xc4\xdd\x18\xa5\x0c\x8b\x9d\xf1\
C \x88\x91My\x86\xcaJ{\x91\xb2\x03\x82~\x97\
WU4\x8e\x93\xba#\x17\xba\xae\xb1\xfei\xcb\xa1\xe3\
(\x91\x9a\xbe#8\xd1\xac\x7f=\x81_8_B\xc5\
2~\xd0\x10\xb1\xfc\x13X\x22\x97\xd6\x1a\x8e!F\xb4\
\xfb\xb0>I\xb7\x1dSk\xf2e\xed\x92;I\x17\x9b\
\xbds\xa4\x0b!~\xba\x83=\xd2H\xf2\xb0=X\x0d\
\xb0%@\xb2Y}\xc4\x82u\xa3\xa2\xa6\x8f\xa9@J\
Wkk\xc9\x01F1y\x83\xb3\x04Z\xd7\x17\xef\x0d\
\xae\xbb\xfa\x88\x16\x92\x05\xc0\x0d\xef\xf1-\xe5}2g\
\xec\xba\x90\x03m@\x186\xe9uZ9\xe9[\xd9\x86\
\x0c\xe4sH\x9ap\xe7RM\xf2\x03 9\xc0\x0cR\
\x89\x89\x92\x0c\x0b\x862Gb\x80'\xd5:\xc7\xff\xcb\
\xf9k\xd4 \xa3Aj\xdc\x02\x10\xe8\x86e&\x9a\xb4\
9\xa8d\xf7\x13\xa9\xbe\xdb\xeb\x99\x09\x22\x19'\x1ce\
\xa5\xfb\x07\xb3|\x03\x1aE\xc0\x10p\xc4\x08R\xdd\xbe\
\x92#Q\x90jw@H$\x17h\xecX\x82\x11\xf0\
ofOi|eF\xe3o\xf6\xfd\x1a\xde\x1f\xb7\xbb\
\x93\xc9\x11\xe7\x88\xb0\x19\xec\xd9\xc5\x09\x0f\x17\x90\xcd\x92\
\x92\xb8\x15\x9bwQ,\x05p\x8exO\xa1B\xa9\x82\
a\x154\xf9[\x8fQ\xaa\x1a\xa8\x92\x04\x8e\xbfNT\
m.Y?\x0e-%\xa8)\x8c\xa6P\xe5\xa2\xc6\xf5\
\x22\xfb\xa1qe\x09l\x94\xda$\x18x7~$\xf8\
\xb5l\xee\xa2\xa3\x08\xe2\xe2E\x0c\xc9\xea\x95\x9fX\xcc\
\x180\xff\xca\x95NI\xa9_\xcb.\x04\xb0\x04\x07\xd8\
\xc3\xdf\x1f#\x05\x0f\xef\xc3\xe6\xc0I\x89\xbch\x02\xad\
\x81\x1c\xf1\xe8\xdc\xc5\x0c1\x86\xa0\xc8CD\xd7\xc1\x90\
*D\x02\xa4Hqe\xf5\x1c\xd1l\x13%\x1fZ\x98\
\xfd\xdd9r\x0f]\x8bAD\xfb\xa7\xf6\xb7\x8a\xd0A\
\x92\x08\x83\x92\x8d\x01\xf9\x80\xc1\x11\xc7l,i\x8d<\
\x01W2 \xa5\x9d\x09\xec\x09\x09\x1a@S\x0a\x19\xd2\
G\xe2\x87\x22f\x0d\xb4\xeec\x0aML\xb6=\xc5\x09\
y\xa2\xbc\xe46qrP\xa4\x98q\x91\x8aG\x00\xb8\
\xd1x\xe1?\xc1M \x88\x0cZ\xc0\xe3{\x97\xe7T\
@\xd3z\xe0\xc1\xe6\x1a\xd6\x22\xe6\xea\xe6\x94\xeaf5\
\xd5p\x1b>\x10\xb1\x22\xf9\x0aq\x0dvp$\xf0f\
G\xfa{\x9c\x86\xd9\x9f\xc3\xee\x91\xc3\xeb\xd9@[\xe4\
H\x87V-_*~8C0\xac\xc1\x17\xdci\x8b\
\x10\xe2\x1d8\xf2\x8e b<\xa1\xdd\x02$\x81\xcdn\
\x94\xf8\x8bC\xa8b\x04\x0cy\x14G\xda)\x92\x18K\
\xec\xf47/h\x02\xc5\x0b>\xc2*V\xa0\x8ba\xde\
z\xb4\x0cJ\x14\x0c\x14\x1e\xbc\xa0\xa2\x8c;=\xfe\xa3\
\x9b\x93(N\x0c\xbbT\x98>\x5c_\x5c\xbe%a\xe5\
\xa5\xcba\x7f\xc1\xfao\x17\xd0\xa4\xe4\xba\xc2\xb4\xee\x15\
\xa6lj\x1d\xccr\xb9\xab\xbe\xa5\x08\xc77\x1b`(\
ae\x93\x01\xd9I.\xb6\xaf\xf97\xa8$\xf1k!\
k\xa9I\x88\xdc\x82D\xbc\xc15\x84 \x08\xaa\xcd\xa1\
\xc4C_\x09\xc5QRP\xd2SB\x85\xacc\x15U\
\xc7\xfe\x0a\x84G\xc0\x91\xbb8\xb6\xfc\xc9\xba\xae%\xd1\
\xaf\xe5#\xb0c\xab\xcf\xb3*;\x12\x91\xb9\xa5@\x89\
\x9d`\x89\xf1D\x8e`\x93&W\xca\x13\x0c\xd2\xbe\xbe\
0\x90\x92Y\xe3#h\xd3\x86\x02c\x03\xd1S\x82\x12\
\x06\x13\xbe\xee\xaf\xe2$H\x96~\xa5\xc0xW\xd4\xe1\
;O\xe5\xdfB\x1e\x80%\xb0\xc2[\xd3\x96\xf2\x17\xbf\
\xa6\x8af#\xfex\xd6\xac\x98\xcfag\xb2\xc9\x05\xf9\
\x1e\xe4~\xf8\x0f\xb0C\xe05\xcd6\xcd\xffl\xad\x0a\
\x16M\x04\xddO^H?H\x0ez\xb1\xacQ\x84\xb8\
\x96\x15\x08\x86\x9c\xc9\x90Q\xf1Rp\xa4\xc4\x0c\x95\xf3\
Ap\xea\x1c9\xed\xfd\xc9\x0aw\xb0G\x8c%?\xdf\
\x8c#\x7f\x07GnUF\x01C\x8a\xd1>\x16$p\
\x01;N\xe1\x05\x860\xb1w\x0c\x1aW; M\x00\
\x08\x15\xbc\xd1+\xf8\xe2\x0dB\xdd\xcf1D\x14\x01\xa4\
\x90\x1fM\xa2f\x08\x08\x126\x08\x92\x94\xe8\xc1\xa4\x90\
\xbcG\xd6F\xccI\x0d\xb1\x06\xf1A\x1d/ \xc8\xf7\
\x90\x1a\xaeO\xd9\xf9\xcd\xc9\x11\xae\x5c\x8a\x8f\xaf08\
\x1a\xbeAZ\xd4\x85\xfd\xad\xfe&\xc9`+\xa3\xa0;\
\xd5X\xc3\x08b\xc8\xc4\x13C\x96o/2d\xbe\xc2\
\x9b\xc5\xc8:C\x87\x8c\x8aX+\xcf\xe4\x19\xef?,\
\xce\xac\x1d\xbb\x8d\xef|:\xb1\xe2\x03(r\x87\xa4\xc6\
\xd7i\xeb\xea\xe1z5S?j\x16?h/\x8e\xf0\
q$\x01\xa3\x08\x05\x09Hbmv\xad\x8b\xc6\xc9\x9c\
x\x82I\x83wt\x83UH\xd2H-3\xd8\xe0\xe3\
\x0aY\xc0\x12\xd1\x84^\xe5\xb4t\xb2.\x92sY\x82\
!\x89&\x81Z\x8f\x85\x94\xd1\xb4\xee\x22\xcc\xa9\xb2\x0a\
\xd4U\x07\xabl\x0d\x1feM\xfc\x22\xf2W\x81\xe6d\
\x0f;b\xe0\xe8\x10?\xf4\x0eS\xde\xe3\xc3z\x06\xae\
\xaeW\x9b\xad\x9e\x15-di\xd1\x1c\x19\x99\xec\x9d$\
\xc9IZ@qk\x9d\x1f\xda\x0e\xabW\xe3\xc8\x1d\x1c\
[\xdaA\xf2\xe8\xdc\xdemvR\xb2\xa6L]\xd2d\
$H\xecp\xd0$y:2\x98\x88\xfc-\x90\xc4\xfd\
\x1cA\x946\xb1\xf8b\xc8\x14\x01Z\x978B\xc6T\
\xc0\xb8\x97\xd9\x22\xcb\x85\xe0|l\xe5\xa3\xc9\x94\xf1\x96\
i\x82\xb1\x98\xca\x0aF+]\xd8\x9b\x22(\x10/`\
C\xda\xef\x01\xd3\x83\x0a\x96\x22\xe5L\xd7\xacz\x95L\
\xe6\xb1\xe8\xd32'\xef5\xe8\x95\x80\x84(;L\xf0\
g\xd5p\xb7\xb8\x16\xf9\x05\xc5\x94,\xef\xec\xf4\x1d\xa8\
\xed\xf0\xcf9\x18\x82|xVy\xb0#3\xa4\x9d\xca\
A\xa9P\xf19\xf4X\x9d\x9bG#\xdby\xeb\xbb\xd9\
\xef\xf2|vf\xfe\xc6\x0e\x127\xda\x11\x22\x91P\x9b\
\x10\x1c\x99X\xb2\xbb\xc6Gd\x900\x09\xb8\xb5c\x8a\
&\xc2(i\x9d\xbdm\xe0\x88\x9f&G\x9c#\x0c\x9f\
\xf8\x5c\xa0\x9a\x1b\x83\xf0%\x9b*>\xd0\xf5\xc8~\x0c\
\xd8\xf0\x0e\xc9\x13\xf4Ek\x97\xcb\x87v\xf1\xb7\xce:\
\xa9\xf2D\x19\x88\x9c\xa2\xc3-\x8e\xd62A\xc8\xbf\x1a\
{\xf0\x11W\x15Z\xc9\xa2\x05\x0e\xa2\xf3\x96\xa3\x11\xe5\
2I\x17\xbc\x5c\x91\xccC|0\xcf\x82\xd5\xc410\
l\x98\x8d\x91\xea\xf7\xdd\xfb\x99\x1e\x10:\xac\x88\x22\xd3\
X,q\xa5\xe5\xecn\xad\x86\xdf\x9d\x19\x0f\x8e0\xf3\
\xd7\xa9\xbdY\xfe\xf5\xdd\xb8\xcaV\xb5\xda\x95\x8fb]\
0\xa4\x89??d\x93H\x92,.\xae\x90'\xf0\x9d\
c\xd6\xe6\xd5F\x91EOY\x829\x86\x8a/q\x80\
\x1e0Zx\x0dw\xf2\x9a\xa5\xc2\xd3\xae\xaa\xee%\xcd\
\x9ckw\x89A\xd7\x5c\xbf\x17\xac\xfeB\x062\xa7\xa6\
\xcdF\xff-\xc5\x00\xc9I\x99F\x02\xaf\xc4m\x03\xa3\
\x14\xf1\x82X_\xa3I\xba\xd6\x8d\x90\x1fU-\xc5\x95\
T+\x8c\x9d~\x85\xf3\x19\x98\x9f\xcd\x12\x89\x1d\xb9\xce\
\x11\x1a#\x06\x9a\xeb,\x84R\x9f5]\xb8A\x83D\
\x92\x04s\x98#\x1e\xb6\xde\x1e\xde\xde\xee\xa7ky\xd6\
}8\xb6\xec\xcb\x9f\xd9\xf1S\xf6\xfa\x8a\xc5\xd1\x95\xa4\
-%\x00\xdb)\xcb]\xa2\xe4d\xef\x92\x9b\xee\xc0\x1c\
=\x8c\x93\x18M\x87\xd5\xeeEk\x15\xd0\xc1D\x16\x9f\
W\xa3>\xf9\xc6t=V\xc5\xe2F\x12)6D#\
GJ&KIY\xf1\x96\x98\xf2\xadl\x9c\x07Y\xa8\
\x97\x11\xc8\xcc\x17\xbe97\x14\xb6\x18\xda\x1dI?\xe4\
\xc0\x5c)\xado.{\x0d\xa2\x00\xd7\xbb\xa0\xf7!\xdd\
\x86\xe1\x91\xa4\x07:\xfbP\xf0ay\x8f\x0f\xd0@K\
$r\xb4\x80eo\xee\x81b$\x082A\xd5*\xf6\
\x88\xf3\xc1\xe7cs\xe4\x09\xd9ZP\xb5\xee\xc0\x11d\
5n\xcch_/\xb1\xa5\x8d$\xf0n9Ah\xb7\
C\x8c@\x92(S\xfe\xb1\xb8\xb7N\xd0\xb7\xc4\x95\xd9\
q\x8dv5<\xfb\x80|z\xb4ku\x7f\x81#B\
\x9a\x8f\xed\x16\x0d\x5c\x1acH\xf9\xaa\x1c\x11U\xe8\x10\
\x86\xbf\xcbZ\xa3E\xeb\xeb\xf6\xbf\xf5k\x84%=\xe6\
\x01\x19b\x13g\x07\xbaU\xd0\xad\x14\x0d\xc4 7\x08\
\x10\xe8\x17\xf1\x99}\x99\xd8\xa9\x08/-\xc4g\x9c4\
\xd2c\x1b\x95\x99!\xb2C`\x88X1\xadd\xad\x83\
!\xad\xa7\xca\xae\xfd\x22e\xfb:\xcf\x12\xb1\x839\x12\
\x99(w\x89!\xb2Tc\x18\xed\xcaF\xd9\xa4\x8d\xba\
\x18\x94\x8d\x221\x02Ab\xdd\xa1\x86\xdbC\xd9\xb2\x03\
$q\x18;pH\xe9\xb2f\x80}\x22Q\xf2\xec\xea\
WA\x0a\xd4\xb3_5\xea\xd7\x9ca\x8b%\xb3\x16\xce\
\xd7\xd2*4\x91\xfa\xc3\x08\xbc\x9a\x92\xecS\x9a\xf9w\
8u\x0d\x18d\xd0\xe0\xef\x91\xe1C\xcb|\x18\x9e\xd0\
\xb2\x97\xdaT\xf1\xf5\x9f\xb1@\xd7\xf4\x82\xe8\xf0\xcb\x0a\
P\xc3{\x04C\xa8\x10\x84\x96u\xeeluz}A\
\x11\xa0\xb3\xd7\x0f\x13IB\x96\x0c\x1f\x15\x8a\xe9\x14\xcb\
\x13&\xfb\xe6\xef\xe0\xc8\xfb\x1d\xe2#\xe0\x88\x1b\xed'\
\x18\xed\xc0\x94);\xc9\xb9\x90\xcb?p;\x22\xc1g\
\x92\x80%A\x91\xb3\x91$\x8c\x12\x9c\xf3\xc5\x9a\x1d$\
\x88\x03\x01\x94\x99\x0c\xb1i\x05\xc5\xbcDJLWX\
\x02EK\x96|\x9c\xa2\x09\xfbJ\x14\x18\xbc#Q\xa2\
\x1d\x5c)\x81\x10\xd9\x86\xa4\x09\x99\x01\xfa(c\xd2\x19\
\xa5\x141\x8a\x8f\xa1I\xce^\x02\x04'\x81y\x99I\
\x18pP'\x1b\x8e}\x03z\x1aw\x84\x5c\xf2~\x00\
n\x83\x80&\x06H\x91\x14\x17A\x06\x8a\x0c\xf6X+\
\xb6v\xa0n\xed\x06\xd9Z\x18q\xfa1I\x8c\xec\xbd\
.\xdcq\xfb\xf8\xfa\x06\x8e\xdc!>\x12\xc9(\xaf\x96\
\x8drqK\xea!c\xea\x836\x8a{\x8a$\xf2n\
M\xc3(\x09d\x08\x9d\xc0\x17\x98\xee\xed\xf4G0x\
w\xb5\x86L\x95\xd6\x8c\x1b\x14\x1f3z`-`\xa2\
[\xa0\x81,x\x9e\xd6\x05l\xce\xd9\x80\x15\x5c\x82\xf2\
\xa2&\xf4\xbc\x90\xb2\x04\xd9@J\xfc\x0a,\xa3\xc4z\
P\x05\x0d\xc7j\x8cO\x1e\xda\x94\x04\x9d%`%\xc9\
\xba\x5c\xb9\xfd\x8aHCk\x0f\xbe^\x8c\x1dfd\xf8\
\xdaa't\xad\xd6\x8e\xca\xf6=\xea\xd9\x87u{\xae\
\x08\x92-\x12\xd5\xb1\x22AX\xa31\xa2\xec\xaf\xb1}\
\xa4\xe1\x1er\x04\xdbu\xe3\x09\xc0`\x06\x81\xbd\xc3d\
11Au,\xd5\xb1a\x90\xb0R\xca\xe3\x9183\
}\x8b\x16\x89\xb5\x22G4>_\xe1h\x87\xaa[\x03\
\x8d`K\x0a\xa3\xac\x8b\x13\xf2\x04#\xa9\xb2\x06\x90e\
\xa4li\x9f\x96\x88\x02\xa5\xcb:\x0c=Qx!9\
\xe2\xc7\xb2a\x989\x94yKX\x81\x1cU\xbf\x8e\x1a\
,\xc2@\xa9\x81\x91b&\x0eL\xf93\x01+#7\
\xf0\xf6\xea\xcb\x0c\x04\xf1H\xf1Y\xe6:\xcb\xcdA\xd9\
\xea\xe2\xeb*\xf0\x0beK\x0cQ\xd8\x1a\x8d+\x926\
\x80?\x0d\xec\xb4A\x94\x1dn\xad;l\xd65\xbc\xbd\
>l\x9f\x98\x1e\xaf2[}\xcc\x06y(\x14$\xce\
\x11\xc9\x91\x1d\x8b\xff\xc2\xb7%I\xf2t\x824\xa1\xba\
\xb50\xc4\xfad\x8d\x98\x14\xb1\xceGX\xee\xe0\x0a!\
KQ\x86;\x1d\x90\xe9+.\xb1#\xb1$&Z-\
7B\x8c)\xd7^\xd0^a\x83\xf7\x12(\xa3\x12\x0b\
8q?\x08\xc2k\xc6\x07o2\x03W\xa0\xefj\xb8\
\xe3V8\x83\xbf/h@&\xd8\xd9;\xcay\xcb^\
%A\xc4\x10r\xc4\x86\x88\x03\x1bf\x03\xa5H \xcc\
\x91\xb3\xf2\xb4\x02(\x15\xf4\x08!r\x80i;\xdc\xc8\
\xde\x19\xed\xb4N\xb0O\xd7\xa2#\x96\x18\x7f\x87j\xbf\
\xe4\x88\x1b$\xcdh\xdf\x9d\x11!qL=O(\xec\
\x0c\xb9\xaci\xeb|\x93~4\xc3\xe4\x04I\xd9\x8d\x00\
(\xe2'`\xbb\x0a$I\x84\xc6\x8f\xd6\xe8\xeb\x1a\x1b\
\xee\xb4\xd9%P\xa40\xa3\x15\x88\x1e\xba\x90z\x8ee\
1pp\xa5$\xa5\x92&\xac\x9c\xf4\x94\xb0\x22K^\
;\xcd\xb5E\x90\x86\xcb\xd7.\x15\xbd\xd0D\xdcd\xec\
#\xa0IU\x8b\xd0\x08\x09\x05\x1d\xfa\xd6\xd0UUR\
\xbf\xd0\x88\xabo#\xdd$\x00\xec\xc6Y\xb6\xc8\x85I\
\x8c\x0a\xaf\xbb\xc1\xeeg\xf1j9=\xa663j8\
\xa8\xa8@\x88\xc8\x18\xc1\x14\xba\xcd\xd4\xcc\x910n\xb6\
\xd3\x8f\xb7;q\xe4=\x82\x88J\x8f\xf7\xf8x\xf5\xfe\
N\xd5\xff\x1b\xc4&\x82\xf8.*\xcd\xfe\x12h\xb6\xf7\
D\x09/\xa0(\x12\x1d]\x5c\x0a\xbfC\xaa\xd8\xe0c\
H\x13\x9b\xd8\xac\x90\x04\xcd\x81\x89>\xd1\x01K4\xcf\
i\x92\x12,\x09\x8c4\xc0z\xcf\xe86\x1f\xe5\xb2+\
^\x80D\xc0\x8b\x16\x10\xc1\x9c\x7f`(:\xe0,@\
O\x96\xfa\x00(S\x0dR\x00\xa0\xa6\x84\x03'\xa5\x88\
\x83\xa3\xc8R\x91\xb5W\x08\xf0\xcc\x8ev\xce\xe1\xb0_\
\xbcZ\x10 \xf3\xb9\xcf\xd1\xea\xb3}a\x8c\x18?\xa0\
j1\xc0\x0e\x86\x14\x93\x1dK\x8f\xf9\x1e1.\xe6\xc8\
\xb1EG\xde~:G\xde\xef G\xb0\x15\x11\x0f\xd7\
=\xf3!\xed\x9b)\x91\xc3)m]\xa5\xc7\xb4\x87\xb6\
\xb5\xb8\xef\x00\x0a\x12\x15\xa6S\xf2\x16\xe4\x08\x80`\xe2\
L?p\x02\x09\xf3<\xc3\xd55\x04\x1d\x91<\xec\x93\
\xd4<\xbaudG\xa7\x18SY\xa2\x95K\xe4\xa2E\
\x5c\xf2\x94( \x84\xf5\x9a \x87\xb7]\xf2\x0cfp\
\xec\xdd\x05\x06Y\xe6\x15X\xf6\x18\xd2Hz\x0c\x9c|\
\x1c9\x83\xc8\xc05\xb9A\xf0\xfb(\xc9\x8f\xc5A?\
\x07\xa0c\xcd\x17#\x89\xe3\xe4\xd6\xba+ZR\xb5\xd2\
\x83\xa6c\xf5L2\xda\xa7ZRK\xc6\x09K\x22\xfa\
\x10\xaa\xd6f\xfb\xdf\x9f^\x83#\x9f\xee@\x11\x90\xa4\
\xb1\xd0\x0c\x12\xa4l\x91\xa6\xe4o\x10\x86\xbe\xea\x1c \
\xd9+%\x85Q\xc4\x86\xe4\xff\x95\x8b\x0bpY\x22\x19\
\x02}k\xc9\x9e/@\xc8\xe4\xdaF\xeb\x1a\xc6\xf9*\
\xe8\xac!\xc1\x0b\xa3\x9f7\x9c\xc2\x0a\x95\xc8d\x8dS\
\x0aMM\x5c)\xd6B\xdd\xf7+A\x11]4\x0c\x94\
<C\x03D\xa9\x95\xe4'\xfb\xea\x96#+D\x10\x1b\
pj\xd4D\xa3&\xc2\x97?H\x8e\xa4\xb9\x8eLt\
Gx\x22\x1d>\xc0X\xa7)B9\xf2\xd4\x95\x88\x7f\
jKdbJ\xbc\xb5\xe9@\x86\xec\xb3\x14\x99\xc8\x94\
\x1cr\x9fv\x9b\xbd\xd3\xeeh\xe5\xb0C\xd5\x12A\xee\
\x91\xd5\x18\x11\x12\x18$\xc4\x14\x9d6M\x96\xff|\x94\
>\xdaC\xa5\xdc\xe3\x98\xe0\xdaz\xea,\x12oR\xb7\
\x9c$\xbd\xce\x158\xcf\xe0J\xa1H\xf4\x08,\xce\xe9\
X\x01(B\x07\x0c\xa6\xb7E\x89b\x8c:i\xac\xd4\
dH\x11$\xf3\x03M\xb7\xc1\x08\x0c\x902\xd9\xf6\xa8\
\x95+nD\x07\xc1d\xad}\x09\x02Np\x81\xb6\xfe\
K\xcb\x08g\xb3N\xb7q\xdaT\xf8\xe33\x92z\x15\
\xec\x9d\x09FE\xbc\xf7\xa0\xd8qqi\x010FZ\
3L\x08\x90\x18L-\xb1Fj$\x11\xc2%8\xc1\
0\x81\xaau\xd8N?\xdddG\x1d\xd3;p\x04Q\
DKk\x8c\xff\xbf\xc7\xd9\xb5\x19Q\xd8\xd5]WB\
vq)\xc11\x9c\x5c\xca\xdd\xb2\x03\xca\xe9\x22O:\
\xc3\xc4(B+>{\x83/m\xc6@\xee\x88\x1fs\
a\x08\xaf\x05\xca\x95\x14c\xa1z\xa1\xa2FU\xd0\xac\
\xfb\x89\x07i*\x9aj\x07\x945ME\x91\xba%\xbc\
d\xdaV\xa9Q\xa4\x03;\xc7\xadmi\xa2\xc03F\
\xf4\x1c\xf8\x92\x9d\xd9wX\xdf\xe3\xab\xb1#\xe4\x87W\
\xf2\xa0\x8a\x95\xf9q:3rH\x09\xa2D\xc6G\xa3\
\x05\x81(B-\xa8\xd5i3C\xb8H:>xt\
d\xb1G\xee H\x92Ab2\x90\xfb\xac0\x00\xba\
\x94\xfd\xa4\xa3\xa6\x01\xdb\xd9\xdb&H\x06>\x86'\x98\
$\x09\xc8:\x817\xd8\xcf\xd9\x8f\x80\x19\x84N\x12\x02\
~/\xb7\xe3\x95+\xbc\x0e\xb1\x04\xdd/\xa7yy_\
\x0d\xe2\xaf\x03+\xc5\xa0\x89\xd4.;\x13\x8b\xd0\xe3\x04\
 \xa1\xc6~[\x8e20\x0a\xd2\xa2\xe7Y^\xceL\
I^\x0d\xf1\xc1\x87\xc4\x12\x01\xf2\x83\x89\xa7\xa0G;\
\xbcw\xd0R7\x11B\x19\xc2\xa0\x08\x18R\xe2\x86%\
p(\xe7\x10=Y\x03\xael\xf6\xbe\x95\xfdd{G\
\xee\xc9\x11\xd9#?\xdfv\xdb\xdd\xf1\xe0\xc5Q H\
2YR\x11\xb0\x1d\xae\xb3aRH\xa2\xfd$\xf2\x04\
G:\x02p\x22M\xd2\x06\x13a\x9e\x99Io41\
1\x02\x8a\xb4\xe6\xdc\xb8\xc2\xcd\x85P\x8aM\x86\xe9+\
\xd4\xb8*Y\xb4j*O\xe4\x0aZ\xa9k\xa4\x9cr\
\x5c\xd5\xfd\xf1\xeb\xd0\x0fi\x9a\xfe^\xfes (\xd5\
\xab_\xc43;JM*\xa0\xa0\x0an\x17~\xf0J\
\xa0\xf4\xc0\xbb\xeb\xa9B\x0dH\x8fp\x19\x020\x89\x91\
\xc5\x18\x1d\xa3\xea\xf0\x86\x95*\x0f\xaa\xe5vC\x8eD\
\x00\xd1\xca=<\xfcx\x7f\xbd\x0fG\xe4\xfde\x01\xa1\
\xcd\xc9\xf5\xa2\x87_@\x89\xbc\x8b(\x86\xfc<QA\
;\xdd+M\x92\xab\xab\xf0\xa45\xe7G;\x81~\x82\
\xd0\x15\xf3\x1fq\x12\xbc\xfa\xcc%\xc0\x1e\xec\xa0\xfbk\
\xdd\xba/\x91h\xcc\x0c]$\xde\xfb\xe1V\xad\xdb\xdb\
\xc7Kvn\xbf\xcd%I2@3\xeaF\x98cF\
\x12\xc4\x19s\xfe\xa6\xff\x10 \x86\x8bl\x03\xc8\xd1z\
\xda\x8e.=\x0c\x08}\x85\x0e-\x824<\xaaj\xa9\
vU\x89 \xff\xbb\xf0\xb5:\x07\xa6\xa5\x22\x8a\xad\xad\
\xf3n{\xa4\xaau\x1f]\xeb\xd3b\x8f\xbc\x9a\xb2u\
\xec\x0b?l\xd0U\xe8\x99\x0b\xeb\x15N\x0f\xd6\x04I\
\x12X%\xac\x0a\xcc\xacy\x99&'\xfa\xba\xf4\x05u\
u\xa60o\x0541j\x88%H\xa9\xf7\x19\xbf\xf9\
0#j2\x0b:\xfa\x8e\xc9\x97\x91\xb5\xab\xb8sO\
\x13\x9bP\x0a\xa4\x8czz\xbc0VC\x7faV\xf7\
\xf7\xe0/f(\xb3\x90blB,\xbb\xd0t\x85I\
\xe5\x05\xa6E\xbc\xae\xe3\x8af\xfd5\xc1\x04;?\x1e\
\xe4L\x00\xce\x94\xb0D\x9e\x92%b\x8d\x0c\xd9+h\
X+2\xe6\xa2s\xb8E\x10{\xb7\x0c.[\xcf\x8b\
\xe7\x06\xab;\x00\x1c\xb1\xfc\xf8\x9f\x93W4]\xafD\
':K\xd1\xaa!E:\x81\xa3\x1fd\xcb?B\x86\
\x18K\x94\xeb(\x86P\x90X\xf3^\x5cA\x0a\xe4%\
\xf2\x1f\xd1\x93%\x9e\xdc\x15\x83\x80+\x8e\x82\xe2b\x01\
\xd9\xb37EJr\x12\xdf\xda%\x9f\xb7\xffb\xa4\xc8\
Q\xe8\xa3\xc6\x051\x040\x0er\xd3W\xa4\x06\xb9\xc1\
\xfd\x9a\x99#\xea\x86\x10'p.\x9d\x01\x91\xc2\x06\xfb\
\xbaB=\x07\x80\xfch\xa0\xbfW\x05\x1e\x1e\xc9\x91\x80\
\xccu?\xf6\x83-#8@\x18\x83\xfa\xc9v\xb2\x1b\
\xf5NO\x96\x88\xe2\xd6B0\xe4~F\xbb\xf3\xf0\x0f\
m\xd8\xedYR}\xc1\xd5h/1w\x89\x122D\
\xfb\xae\xb8\x83\x97\xf1\x92\x81U\x02\x96\xd8q\xb1\x09\x00\
\xd1\xee\x82\x04\xb6\x89O\xa1tI\x1d\xc0L\x9f\xb57\
\xf4\xc2 \x05\xcc\xbb\xec\xfd\xcc\xa8\x19\x1b\xb7A\xe1\x92\
B\x80\x9c\x15hK\xf1/\xd8\x1a\x12\x02\x9cT*\xd4\
/\x80\xf1\xef}\x9b*p\x8a\x18\x82\x1f.@\xac\xe3\
W\x17>%\x00\x04a\x06#<\xbez\x80\x02\x90}\
Z\x19\xaa\xa9Er\x8c\xaa\x908\xeb.\x0fV}\xee\
\xceb\xe4\x93\xd7jD\xee/\x94-\xd6}\xc0\x04C\
F\x09(\x0e*A\x80%\xa5\xf8V\xd4\x03.i\x5c\
\x22J\x0a\xc1\x07U\x1c\xe2\xca5\xe4I|hh\xd6\
U\x049\x0c>\x89C\x0a\xd8:\xb4\xdeD\x18\xbbW\
\xa0\xf5L3B\xe4P'\x93\x05\x17c@\xbd\x1a\x90\
\x84v\xb68L\x14\x0ah\xf6\xeb\x1c\xc0\xe8\x0d\xa6\xc7\
\x8cw\x0e\x86H\x86\x13C\x80\xa7\x85:\x96\xf3#N\
\xf9\xb3\xac\xa5L\xdfC\xaa7GHr\x0c\xd7[\xf5\
j\xb5\xe3\xb4\x8d\xaaA\xe0\xc8\xdd\xe2#0H\xde~\
Z\xf9\xf8\x03\x95\xadu\xf4\xca\xe2 H24\xdc;\
\x96\x00G\x22\xbey\x9c\x1f\xb4\xde\x156\xa9\x16<(\
r\x09\xa5\x98\xa5\xba\xd0H\x10t\xe81\x1b\xaf\x8e\xf5\
/]f\x12\x0f\xf8!\x0c\x83\x19\x18n#\x85;\x88\
\xacC\x89\x1d\x1dw\xff\xef\x90|\x1d\xdd\xab\xa0\x90\x86\
c\xb1#G\xa7\x0cC~\x04C\xa2A\x8a\x80%\xed\
\x04E\x98\x0b\x0f\xc0!\xba\xeb!\x1bD\xe2$\x81b\
\xe4\xb8G\xce/\xb3\xb5\xeeA\x11\x04\x11=\x8cHe\
k5z(0\xf8i\xd0\x08~$\xb3=?z\xc1\
Z\xda\xe9\x0eA\x12\x0d\xe6\xbb\x80\x0dY\xd6\xc8\x92h\
\xb3\x8d\xe4H\xbb\xc4\xe8d\x10_ ?\xd8*C\x0a\
\xea\x1a\xa4\xe9+q\x82\xb9L\xf8\x9aI\x8b\xdb \x8a\
\x06\xd9\xfa\x8c\xb8P\x1a\x15$O[%\xf1?\x13\x1a\
\xd7zq\xe5\x94\x13z:l\x98\x9d+\xd1\xe8\x1f\x89\
\xb2\xd6\x97Yf\xba,\xf5x\xee\x0e\x8c\x11\xca\x10n\
^\x1f\xd6\x9b\x13KD\x8dl\x8eh\xdd\xe9\x92\x93\xcd\
\xce\xe5\xd3i\xb3\x9dL\xd3\x02E\xc0\x91\xf7{H\x12\
\x85\x11\x8f\xfe+\xedj\xfc0q\x85\xf4\x96\xc1^E\
\xc90\x94x\x90\x07\x98\x19*U\xd9R\xf2<\x89B\
\x82di\x02\x81\x22\x9b$\xa6I\xf7z\xb69\xf5\x05\
no\xc4\x88\xb6\x0a\xfa\x88\xb8Bi\x1b\x8f@v\x80\
!\xe2\x0b\xd9\x92\x82\x1c+\x04\x01\x09\xd1\xf9\xbf\xf5\xff\
\x90\x1f\x95\x18\xb2\xd0\xe8+\xb71\xc4.\x1a\xe6z\x1f\
\x19H\xa7\x14\x87\xfc\xe8}Y\xc0\x11@(\xac\x8b\x8b\
\xd8I\xc5b\x1f\x18\xc8\x10kX_\x1c'\xbaQ\xb5\
\x031T-T{\xd0\xd3B\xef\x19 \xf1\xbd\x8e\x93\
%\xc8kW\xfbfU\x8eh\x97Kuky'T\
\x93\x04x\x02\x94\xc4\x05}\xebL\x96D$\xea\xd2%\
t!I\xb8\xaa]\xe1\xa7G\x8cq\x86\xce\x85\x9e\x1f\
6\xd5/1Ek\xe4\xa6X\x11_d\x0c\xac\x97]\
\x11U\xb8o\xa3\x8a\x9a\x92x[\x00R(q9C\
\xd7\x92\x07h\x05\xd5\x95\x07\x19\xca\xf7\x817 y\xa5\
\x98b\x84X\xb6SF\x08\x88\xa2\xb4E|N\xaa\xeb\
 0.\x020\xbe\x9e0\xc8\xf0\xa5+\xcbg%\xe6\
\x00\xc3\xdd5\x92\xd3\xa3\x05\x10\xa9j\xfd\xfe\xdd#\xa9\
\x10\x9d\xe3\xadY\xedg_\xbf}\xbe\xd64\xb0\x9c:\
92\x16%\xc0A$\x91,y\xe2>\xde\xce,\xa1\
\xb6\x95\xcc\x12\x9f xK\xf5\xb7\xfb\xbc\xae\xce\x0bt\
\xd0\x0bz\x9a\xd8\x88\x99. R\xc8\x10,\xb4_\xb2\
\xe5E\x16a\xbc\x97k\xcc!t\x15R\xe4n\x07-\
VY\x81\x22\xe3\x09\xb8\x96\x9c\xc0i _\x0af\xba\
\xd5\x99\xf03G\x92C\xc1\x22\xe3OL<\xf1\x93\xee\
,\xf9\xb3j\xb9\xb9\x5c!^~\xadj\x8f\xa8\x5c<\
\x05\x88\xb0w\x1b\xe7\xbc\xf1z\xf1\xda_E9r\x17\
e\xeb\xd5B$?\xb6\xdb}\xd3\xb6\x9a)\xc4\xdd\x88\
y\xdce\xdfo\xf2k\x09\xf1\xeb\xab\x0e\xb0@1\xa2\
\x84`0$\x0b\x93s\x90%\xe1b\x87 \xe3\xc4\xc1\
\xba\x8f)m\xd8\x8cM\xf2B\xbd\xaf\x9aJ\x0b\xb2\xe5\
\xa68\xc1\xf8\xff\x85xR\xf1\x8f\xac\x0b\x9c\x9a'\xd6\
kB7\x15\x07aFg\xa77LP;\x13\xe9X\
\x02d\xba\x00#\xd2Y\xa2\xe0: )\x02(\x03\x85\
b\xa4&kI\x8c\xa4@\x89\x96!\x82#\xee\xd5\xf2\
\xb4x\xe7\x08\xe2#\xf7\x00<[\x06\xb7\xda\x9d\xa1C\
w\xefTE\x09\x19?\x14#\xaar\xea\xc8v;X\
\xc2\x88;\x98\x02n,~`\x98\x82tpy+\xbe\
`w\xd6\x8b\x19\xaah\xa7\x88\xbcl\x96\xa4\x82\xf9\x82\
\x9aA\x161$\x11\xe66U$[J\x1e\xed:T\
N\x04\x97\xb8Z\xcd\x92\x22\xca\xfd\xc5\xc4\xc6<+J\
\xf5\x1a\x95b\xb1\xfaq\xcd\x09Ya\xf0\xde\xafc\x14\
G\xe6\x1cS?E\xb7|^G;\x9ej\x1e|\x22\
\xc9#\xa3\xec\xc0 ,b\x0d\x1c\xe9mw\x90e\xc2\
\xe4\xa9\xc1\xf2P&\xd40E\x22\xca\x9d\xf0\xaeP{\
\xb3\xda7\xdb\xc7F\x12\xba\x7f\xad_\xc5\xc2q\x9c\xd6\
\x15\x92\xc0\xcd'\x17p\x1fs\xaf\x1byUbHY\
\x5c\xd1\x9d\x89\x1c}\xeftd;\xe2\x0c\xc2\xb8\x05o\
\xf4\xe9v\xfc\xfa\xe0@ia\x5c\xc9\xa3\xa3o\x5c\xe9\
\xfac\xc84\xc1\xdc\x1b&b\x01\xa6\xba\xa7\x96\x94\xab\
\xcf\xa2\xdd\x0d\xf1\x81\x12\xfb\x94\x0c\xb0\xa8\xaa\x80\xec\x14\
\xab\xee\xd7\x95\x95\x86\x01\xd6\x06\x09BvD\x0f\xc7\xa1\
7I\x108\x19\x8b\x10\xc1\xb7[e\x08\xd9\x91\x14-\
1\xe4v\x81x\xc9\x10\x08\x11\x95C\xd9\xc4\xa2\xb1r\
\xf1\xa1j16r\x9f|-\x83\x15~p\xbcO\xdb\
\x87\xd8\x96\x8f\xc2\xbf#H=\xa4h$j\x92|\x0d\
\xb7\x8f\x13\x1c\x09\xf0\xe3\x8c\xee\x1c\xd0\x96E\xfa\x82\x0b\
E\x9c#\x09\xf8\xfc1\xd5\xb2\xe8\x15rI\x13\xd9\xec\
\xeb\x90\xb5\xa0\xf5o\xdd/\xe0\x0b\xdb\x08\xe2\xd3\xea?\
L\xa9F\x5c\xc5i\xef\xe4\xa7S\xf2H\xb5AX,\
\x16\xd7\x00\x08T$\xcb\xc5NJ\xe86\x88,,H\
\xab\xd8:\xcd\x11\xb1\xc4;\xb1\x044I\x1c)\x99Z\
1\x88,\xde\xa5\xcc\xc6\xbcs\xe4q\x09\x8e\xbc\xddY\
\x900\x8c\x88\x9dV\xd8\xb2\xcb\xa4F\x8c\xfa?R\xde\
Iv\x0c2RZ;\xf8Q2\x1b\x05\xda\xec\x90\x22\
\xd1\xdc\x1ea\x8a\xe3R\xd9\xd1z\xbaS\xe6\xf3L~\
\xb4+C\xafk\x81\x1cv\x8a!\x1ce\xaeV[]\
\xd7\x9a\xd4\xed\xf2%\xfa^xR\xe6\xeb\x9c\xa8?.\
\xd2Ua\xa2E_o\xd1\xea\x96\xfa%\x1d\x0c\xf4\xd0\
8K\x98\x00\xf3\xfc\xcck\x0aZ\xeff\xeb8\x1aX\
m\x80Y\x0f\x01d\xfa\xc6\x83@3G\x06\xb2$P\
\xcd\x91T\x02;\xed=\x94\x01O]\x0b\xd5\x15\x0e\x9e\
\xab\x81\xddU\xe0\x08\xed\xf5\xbbE\xda\x91\xb3\xf5\xfec\
\xbf\xdds[;\x19\x11\x93\xa4\x18\xaa\xfe\xaf\xf5\x95%\
D_\x06\xd8[\x92#F\x14\x0a\x13\x05\x13e\x8d\x80\
)\xc5n\xcf\x92D\x09*\xa8\xf8(\xbbC\x11\xb0d\
\x8a\xf8Lq3j\xf4\xac\x099\xc4\xe7z\x85\x8c\xf3\
\xb5rE_~\x99\x1fu\x03\xc7\xaa\xaa\x85FYA\
\x118\xe3\xa6,\x13\x0a\x13\xb9\xbf\x01\xfa\xc2y\xb3\xbe\
_\xb3F\xdb\xe0\x86x\xc8|\x96\x10\xe16\x11?\x80\
\x01AD\x91E\x8e\xc0H\x85\x18\xa9\x06\x89\x9aVY\
\x1fwG\xa0\x04\xcf\xa5\xddn\xfe\x85\x9d#I\x8c\xbc\
\xdf\xc5\x1eYB$\xaf\x91\xd8\xe8\xab6\x19\xeb\x1c\xa5\
&N6\x02\xd9`\x87c\x0bo\x07\xea\xb9\x8et-\
\xc8\x11r$\xb9\x80\xcf\xe4\x88\xe8\xe1\xe7\x1c\x17s\x8d\
+\xaa\xf2\x10e\x8ap\xc5`\x8a\x06\xac\x11\x1b\x1b\xc8\
\x11a\xe6\xb0\x0a.\xec\x94!\x5cFqE\xd7z=\
m\xb8\xbfm\x88\x88#\x18I\x06\x0c\xe0xw\x1d\x14\
\xc0\xef\xf9\x0c\x91 \x0a4\xd4\xf7f\x0c9\xb5\xe6\xa5\
\x92y\xca\xd0\xc2\xe7\x04\x19\xc2\xf8\xbau\xfe\xf1\x8a$\
9/\x1eB$\xeb[\x1a%AD\x8f\xd6P\xe57\
\xea\x7f6\x8b\xfdg/F\xee\x86w\xe6\xfe\x1a\xc2j\
7Ar<@\xcb\x1ab\x97\x8c\x92\x01b\x07\x7f#\
\x08\xfcZ\x12&\x8d\x1b\xa3X\xe2\x02d3\x00go\
I\x90\x90/\xd5r\x9fY\x17\x15\x01xqFI\xc2\
\x0a\x95\xf0\xbe]\xa1hj\xca\x12\xd6|^\xa7J\xad\
\xd0\xad{d\x02&\xa9\xacQ'@\xd6j\x8eH\xcf\
\x92\x8c\x98)3da\x95\xd0\x9f\xc0\x88\xaa\x9d$\x05\
\x06\xbf)\xae,R\xa3\xd3\xae\xa2Ov{o\x13\x1a\
N \xc81Uv\x10D\x0f\x10\xe4Fi\xdf\x87\xa9\
/}\x8d\xfe\x817(X\x8c(\xc8d\xf2\x18;8\
\xf2\x8e\xbaA\xf7\xd2\xb6\xba\x04y\x13$n\xb57t\
\x85Q\x00\xe5\x08\xf8-\xc5{0\x02\xcbW\x04\xbe0\
@\x90\xfd\x22o\xa9\xa0\x22\x0a\x0b9b4\x91,Q\
<\xf1x\x86e\xc2\xa0\x15>\xa8\xe5\x83sb\xc0v\
\xf7Q<!_|\x84\xbf?\x86\x00\xee\xf9\xc3\x97\xac\
\xf7\xc10'\xa2\xdcd\xc8`3\xa0!\xdf\xc7\xcfi\
S0y#\x91\xb4\x12\x00\xd4\xb3=\xb2\x8c\xb0\x8e\xc4\
\xa09\x8eQ\xe6\x85l29\xc6\x19O\x12\xae\x17L\
\xf8\xbea8['\xfd\x16\x1b|\xa8\x00\xe3sR\xa6\
\xef#\xf5,\xf7\x5cz\xe08?\xf7\x90\x8a\x96\x0d\xab\
B\xa4\x0a\x13p\xc5\xe3\x87\xa8\x87\xf2\xf0\xfa\xfe\xda\xc7\
\x0f\x85;VGihV\xbb\xb9\x7f\x8fM\x90D\x95\
\xdf\x8d\x5cnh*\xdd=\xb0D\xac\xe1\xa0\xd5.\xd7\
\x96\x1fO\x07p\x04\xce\xadc\xaa\xbf\xc5H\xe2\x11\xca\
\xae\xf5\x1d.8\xe4\x87tb\x88(1K&|\x02\
\x97\x8b\xa7a\xa0\xf9\x22\xa4\xa5bl\x89\x11F\xca\xf5\
\xa6\x10a\xb3C\xd7\x22GN\x00\xd3\xeb\x9c\x13R\xa4\
b\x0c\xd2\x1a\x8d\x11\xe6\xf0\xcb\x1a\xd7P(\x10\xadz\
*\x1c\xb8N\xa3A\xec\xc15+8\xc4\x08\x1f\x09\xde\
m\xda\x22,\x9e\xd5\x9b\x22}5\xc6d\x8e\x00\xa6Y\
X\x1b\x07\xd9+a\x04\x94\xb0\xf2e\xf8\xe4\x88J\xd8\
\xafK\xaa\xd6\xbd\xc4H}VOl\x0bn\xee\xdf\xd3\
\xb1\xb3H\xa6\xbc\xb9\x05\xb3\xfcx\xc4\xca\x92}\x9c\xd6\
\xb90y\x0c\xcb}\xea\xe4\x08\xf3\x7fm\xe0;\x5c\x93\
\xe5U\xd81\x87I0\x5cX\xc4N\xea\x96\xa4\x0a\xee\
\x89\x1bh|\x14#\x9b\x1d\xae\xc3\xa4\xdc.\x87\xcd\xc7\
A\xc5\x22\x02D\x14\x9e\x104:@\x8c\x9e-\x1cg\
\x92\xa4\xb8p1\x94\x8d\xc9\xe4F4\x00\x02\x86\xea\x13\
\x1a\xc9r\xe1=\x90\xc2n]$J\xf8\xa6e-k\
\x0e\xe1\xddU\xb9\xb6\x93\xa6\xfa\xd0^\xe7\xa3s%G\
\x5c\xb5\xb0V\x1f\x0f:%\x97/\x07\xd5L\xd0\xa2\xdb\
\x1c\xdc\xe0\xf1T\xad\xb7N\x8c|\xba+:\xe7oC\
K\xda\xdax\xadI\xba\xb6\xe0\x01\xd6t\x1d\x8b\x97.\
c\xa1\x0b\xd4Q\x00\x85\xc8\x94\x9b\x22\x1c\x09\xd1\x86\xc4\
91\x0b\x9b\xf1w\x0e\x17\xef\xc1\x9au\xcc\xc9\x86\xb9\
\xda\x09\xd6X\xd81F}Ic&\xf5\xa6F\xb3\xc7\
iTu\xae\x1b\x9a)q\xdf\xc0\x85[\x13E0\xe5\
F\x0em\x06\xf0\x08\x86u\x02o\x5c\x1bz\x1d\xd4f\
\xc2\x99#!!\xbd\xcc\x89S4\xb0\xa2\x9d\x05T\xaf\
l\xe1\x84\xe8\x80\x9d\x8eO]\x86\xba\xb8Q\xcbi\xb1\
\xbb\x89\xf8z=n\xbd\xca\xef\xc7\x91\x04\x9e\xadW?\
\xdaV\xab\xe6\x5c\xc3~D\x9c\xbf\x8e\xa2zq\xd7\x15\
\xde$QD\x15O\xbd\xc36\x83R\xd5Q\xc8\xc1\xf7\
\x14\x7f\x07U\x90\xf7\xc8v\xb9\x89+\xd7\x8c\x14\xb3+\
\xbeI\xf5\xfd\x8cC\xa0\x9c\xb1\x13\xac\xc04\xa1\xdc\x18\
\xcb#\xfdY\x18\x13\xb0$\xc8\x8c\x8b\xfe#\x18 \x00\
P\x07CD\xb7\x06\xc2s\xa6B\xca\xfc9\xdc9c\
,\x9c\xa1L\xd6\xbe\x1d@&\xba(b\x9d*\x03\xc5\
iHu\xb4\x08\x19\xea\xd6'\xd0\xf7CY\x01`F\
\xe8I\xba\xcd\xce\xf1\xf8a\x03)r_\x86\xf4\x82$\
\xf6\xec\x1e\x8e\xfe\xff\xa8\xff\xbf5\xba(\x10\x9a0J\
M9\x0c6^\x81#\xb5\xf2\xa9\x9d\xe8\xf8\xf4\x12\xf1\
d`\xa8\x04@\x90\x94\xdc\xb5\xca\x14\xae\xa2\x88\x02@\
\x95\xc7X\x13X\xd4{\xdd\xe1\xb4\x975\x89\x12\xb2\x81\
/$^\xa4\xa0x\xc5\xfc,\xb1qa\xd4\xc2zP\
\xa6\x01\xe9\xce\x06\xf0\xc5G\xb8i\xd1\xdd\xc65\xd1\x83\
\x93\xfcv\x0ax\xbf\x89\xa3\x1cY\x92!\x09\x07Ba\
\x11\xb0\xa4 \xd5\x09\xc2\xe5\x1a6\x8b\x18\xb1\x8c\xdf\x0f\
\x13#b\x098\xe2\x16\x896\xb6\xa3\x89\x1e\x9aV\xa4\
\xe4-\x0c\xb9\xea\xd6\xa0\x14\x04\xd3\x1c\xf9 \xde\xaco\
\xe1\x01?tw\x1d\xcf\xdajr\x86\xd3+}\xa8\x90\
$\x9d.\x81)\x86\xacv\xc8r\xd1\x88M\xc0\xbe\x18\
S\xfc\xd1\xef\x93-\x04\x96}LI\x8f\x14w\xc1T\
\xfbV\xfa881sp\xa0\xac\x18D\x0a\xc8\x8b\xff\
\xa7cH\x09\xc9G\xe0Z\xae\xf5~`\xd4\x04\xb8\xb0\
K[D\x88$C\xbaM\xeb\xac\xe5\xeb\x00;R\x12\
\xa34o\xc1\x89\xd1\xb3\xe4\x16G\xf6\x8f\x86c\xb3F\
\xfe~{e]\xad\x8f\xe1\x88\xbc\xbff\x91\xb4\x18\x89\
KK\xb2\xe1\x97\xc1]\xfb\xd5\x1e)\xb2\x04\xc0;*\
\x9e\xf8I@\x8e\x08\xe0I\x0e\xa08\xea\x06_)\xd8\
\x06\xd9\xf5\xb7\xcd\x94\xab\xea\xde\xc1\xda\xbfdbh\x14\
\xc6\xa9\xf7W\xb4g\xb4\x04^W\xa0\xb41\x05Z\xa4\
5\xfb\x1c\xe0\xec\x1f\xa3l/\xd0\xbbS\x14\xac\x82!\
9N\xf2bi'\xd5\xc1Z\xf4\x04\x18Bk\xc4O\
a\xb0zl\xd0uAhZ\xa7\x10#?\xef\xafj\
\x09\x12$~\xb6d\xb1\xb3\xab>\xbb\x15\xb9q\xdbh\
O(\xdb\x12wF\x92$H\xa8iA\x94\x90#\x0c\
\x9c0\xa1\x8b\xf5\x04@\x10q\x84]\xc5\xa5*\x5cg\
N\xe1\xc5\xe1\x9c\x8a\xbd\xcf\xad\x87e|\xb9\x02~\x83\
Sa\xceI\x92c\xe2T\xc4O+\xeb\xf6\xc2\x9c\xfe\
\x98\xba\xe9\xed\xa5\xac\xecu\xe3/\x9c\xb2\xa0\x8e\x81\x94\
&f\x8d\x15\xfc\xde\x80M\x8e\xa2&\xb8\xc0l\x04\x04\
\xd2O.\xc2;/V~\xa6H\x8a\x18f\x8e\x8c\x13\
\x19k@\xc4\x9bx\xa1y\xde[\xd5p\xda\xc3\xa9\xd5\
@\x8a\xdc\x9f&\xaa\xfd\x00\x8b\xe4\xe4\xbfp\xe1G%\
L\xf9\x8d\x06\xfch\x07F\xa0\x0f\xbb\x93$\xb1;Y\
\xde\xade\x94[\x8b#3\xe8\x9d\x1f\xeaE\x11\xcc\xb2\
\xc3K~b4\xdc\x22\xb2\xbb\xf3\xaa\x80\xda\x15t\xc1\
:\xf55\x8d\x804\x08\xc0q\x96\xe6\x85\xfb\x0a\xf7Y\
+P$3\xe6\x08t\x83\x0f\xce\x11\x15\x15\xcb.m\
\x0c\xca3,N\xabD\x9b\xfc\xfbR\x11\x15Q(Q\
bJ\x9c\xd0\x83$0C\x08*\xc6\x8c\x85\xc0\x5c\xaf\
\x91\xf5\x8cQ--L3'tQ\xc5\xc86b#\
\xaf\xa3<\x94\xfb'\xa4\x049\xff\xd8n\xcdY\xa1\x9d\
\xed\xeaoC\xe1\xd2\xcc\x93=\xce\xca\x92\xe5\xfd\xec|\
\xc0v\x00(\xadA~\xb0k\xb0\x1e\xa0\x14\xd1\xa0o\
\xc4\x9a\xbb\x82\x11(\x17\x8a\xb4\xc8iD\xa6\xb0\x0a\xcb\
\x05\xebz\x1c\xa1H|\x98y\x8b\x03'\xca\xc3\x95\xbb\
y\xbe\xe0\x98\xb3\xdd4\xb3\x01\x98\xaf\xfe>\xba/$\
\xaf\x154\xaf\xc4\x0f\x8c*\x96e\xa3@\x01BSD\
\x81\xf5d\xadg9\xb2J\x90\x1aH\x97\xaa\x95\xbfy\
y\xb59\x84\x18y\xd8\xee_\xdf^?\xceb\x97A\
\xa2\x18\xc9\xfb\x8f\xcdv\x17~\xa6\xdd?t\xfe\x96\xd4\
f\xd1D8\xc4I\xd0pw\x82x'd7\xf0\xc9\
\x9b,\x12\x94\xf0\xc7'\xaa\xdc.\xf4U\xe3\xf2\xe9\x10\
\xe7\xb1\xc7G\xb7`\xb0\x9b@\xf1\x8b\x81<\x90\xd7v\
\xf0\xfa\xe8\xca\x89\x01\xcb\x03\xe3\xc5\x9b\x1b!\xffW\x0c\
\x7f\xc3**H\x0f\x9c\x19z\x17I\x8e\xd6\x92\xbfW\
(\xb5O\x88\xca\x90q\x15\x14\x03\xfdY\xd5\xed[\x11\
k\xf2\xf8d[t\xc1\x10p\xe4\xc3H\xc2\x84\x14\xdb\
\xb4\xbb\xc5w\xc3\x98!\xa5\xf2\x03\xae\x83\xff\x03\x8ad\
\x96,Z*\x90\xf7\x96\xd0j'\x8e\x19R\x88\xf1\xe1\
\x11\xc1\x94\x11E80\x06@\xfd\x0b\xe0\x14y`\xc9\
o\x04\xeb\xc4\xe8\xa1o{\x80\xd9\x91\xd1;\x95\xe09\
\xc6\x0dUR\xc0\x8cI\xb8R\xe8\x10\xe5P\xaf\xa2\xec\
I\xbb\x12*\x05\x86<\xd1m\xc8\xd6\xa1B\xa5\x0b\x95\
\xda\xc0\x1e\x5c\x822\x9cZ\x16u\xac,D\x12K\x10\
\x14[\x97\x22\x8a\xabc\x1c\xd1\xc3n3|\xe8\xc9\x8c\
OPx\x98\x87r\xf7\x10b\xcf\x91W\xc7\xdb+\xfc\
\xbfO\xa5h\xe3\xed\xf8\xba6WV\xf4\x1b\xdc\xc9\x12\
\xa1\xe4\xcc\x8b#\xa8\xd34@\xce\x0f>s\x82\x9a*\
#h\x9d\x90\x0fc$\x920\x81\xb8\xcd\xd3f\xe0\x8b\
b{\xe2\x81\xb70_bb\x07\xce\x0b\x7f\xceF\xfc\
\x0d>\xfa9s\xdb\xf1?\x95\x18tL\xd5\xfb\xaa\x06\
+\xe9q\x0b*n\x965,\x06\x0e\x0bE\xa2U\x82\
h\xb3\x885BR\x04#\xd0\xa5\xc7\xae?\xb8J\x0f\
\xe5Am\xc6\xd7\x94\xce\xf8!\x82\x84I[\xaf\xc8H\
\x09Ar\x84o\x0b\x0a\x17'\xd3\x03\x91C@\xdc\xc3\
\x9b\x84Hb\x09\xf5\xad\xc4\x11\xc5I\x14-A4\x11\
$\xc1\xc0xI\xf0\xa4J\x11~\xca\x19R*T\x88\
\xb3\x06M\x12j\x10\x02\xb5\x89l\xf4\xa6\x07\xd0Q]\
\xe2\x03\xca\xe9\xad\xe2DI\xb5\xe0\x87\xe3\xca\xe2`>\
\xc2\xdf|\x11\x86\xf1\x8f\xf3\x88+\x1af\xfe\x8a\xe8\xc0\
\x11\xd2\x04\xe0$_\xe3k\xa6\xa7\x88\x8a\xc0\xebc\xc8\
\xa5\x81\xc0\x0f\x1b\x12\xe2s\x06\xe0\xc0!O\xc6\xcf\xcd\
\xcd\x81D\x1f\xa5i\xd9\x92xD\xf8\xd0\xa5\xc8\xcf\xa4\
i}\x5c\x1c1(:m7\xc7x\x036\xeb\x9aV\
\xbd\xa0\x09V\x01m\xb4\xaa[\x95#\x92#\xad%\x84\
\x9b\xb1\xaa\x5c'A\xf2\xc4\x9b\x81z\xd7X\xed\xea\xe2\
\x01\x0a\x1e\xdc\x22\xca\x95\xa6\xb4\x8d2\xe2\x9d\x14\x0dX\
\xf4f\xd4;\x87b\xd1s\x84\xdb*~\x1e\xde\xe5\x12\
\xc0\x04W\xc6\x98W\xa5\x89\xc4c\xa7[\xa1\xc5|D\
\x0a\xb99lD\x0b%+:o\xb2C\xc4\x10\xa6-\
\xa6\x8a\xf0\xc9Z\xdf\xa3\xdb\x0b5>\x92\xf5\x0dp\x02\
\x93D\x10\x0cH\x12\x7f\xd8\xeeZ\xf8\x10\x1ca\xe9\xb9\
\x0f\xe2H\x16$\x7f?\xc4\xae\xdd\xb4mw\x08\x99]\
*\xde(\x8c\xc3$\xd6\x1c{\xbe\xb7\xf2\x1d\xc2O\x22\
/0>\x94,K\xe0\x8b,\x9b{\xa5qq\x19p\
\x22(t\xa6\xd4\x95u\x80\x1a4\x0f\x1a4\xca,\x81\
\x02\xb6\xdc\x8f\x91\x12D\xc5\x13\x1cH\x7fq\xe8u\xde\
\xe9\x16;\x07]h\xde;\xb6{n\xf0v\x8c\xb7\xb4\
+\x8cp\x9fKsu@\x5c\xa7x\x089\x02\x82x\
\x07\xf7d2E\xac\x07\xfa\xe0:F\x12\x85\x1cIC\
\x0d+l\xf6\xc7G\xe3\xc8#\x9e\x7f\xc8\x0d\x88k5\
~\xefV!\xc58\x12xof;V\xe7ZL\xa4\
\xde\x93\xad>\x88#VA\x82]\x9b\x04\x05\x89*\x0b\
\x11P\xb8l\x14\xf8\xf9\x9d\x08R\xa4j[\xa7h\xe8\
\xb0dJ\x14^\xeb\x0c3\x19\xf1\x98\x01\x0c4R\x18\
\xe4k:o\xaf\x98\x5c/\xc3\x9f\xbb\x0e\xbd\xb9\x15\x95\
\x14\x18\xa2\x91\xe6\x92\x1aq\x85\x0e\xbd\x8d\x02YQ\x0d\
\x11H\x10\x01V_\xb2D\xb21b\xf0\x9eV\x88\xb0\
\xaf^\xad\xdd(\x82\x18\x1d@\xd36\xb5\xc9{\xb7|\
\xcc`\x9f~\x92\x22\xefP\xb5>\x0c\xcaHi\xf8\xf1\
\xf3\xe7Slm\xbf\xe5\xdb\xaa\xb4\xa1 Y\xdd\xe8\x9e\
xR3\x1c\x8b\xe5^y\xe2TI(\x01x\x81:\
\xb5\xf7\xa0Lu\x0b\xd7\xfd\xbf\xd2Z0\x1d\x87\x1e\xe6\
,_t\x0b\xc6\xc8\xc5U/\xdc\xcf\x0cX$\x8c\xfe\
\xc48Y]`6s\x8e\x93/<\x18\xe1\xa2Q\x0c\
\xe9J\xc6\xe5\x00\xa1x\xe1s\x08\xe6T\xe8$\xb3\x04\
(\x1e\xad\x8e\x1a$\xc8\xaeu\xab\x8e\xdf*G\xb2\xca\
^\xe3\x09\x1b\xd7\xb4L\x8c\x0c\x0c\xf6\x0f\xc1;wZ\
\x81#\xb1#\xb1i[\xa7\xf8\x92\x88j[\xd3\x0e#\
4\xaf!O\xc6A\xc4\x94\xd8\x98\x18\xc2-8d\x07\
\x1a?\x0aY\xee~f\xc7V\x8cv\xf49\xf36r\
\x09`R\x02eE\x87G\xcfk\x81<\xf0\xa3\x0fy\
\xcfW\x5cw\x99$\xcb\xf5\x8c\xf1\x8a\x9f\x9f1\xf2u\
^{\xcfq\x94\xb5\x9ed\xd9Y=\xbdV}\xddp\
^\x93\xef\xe8\xaa\xce)\x8adg\x16\xc6\xa3\xf2{s\
\xe8\xb0\xf0\x04\xe2\x84[\xa9\xb2AR\xb1\x1b\x0b\x12|\
\xb5\x16\x93\x04\x88\xbb\xb1\x12\xf6a\xb0\x1b\xba\x18\xfb\xc7\
\x0a\x92\x8e#?]\xdb:\xfa\x1b\x10\x1aaeCg\
\x7f\xd4\x00{\x0d\xb3\x97\xf2\xa6\xe0H\x92#\x8b\x87\x84\
\xef|2G\xd6E\x08>P\x09\x8f\x1c\x05#x)\
s\x1dS-\xb6\xea\x22*\xec`\xe4=\xa9Z\x84,\
y\xdc\xed\xdcW\xfa\x91\xfc\xe71\xa4\xbc\xe3\x0a\xdd\x11\
70\x87\xf8S\xebv\x05d\xd2\xd4\xa0\x88F}\xa7\
P\x08c\xd4\xb7\x0f\xa2\xb7O\x99#JC\xa9\xdb\xd6\
i\xb1w\xae\xad\x89\xbb\x89\x92\xa5\x9eG\x0e\x5c]\x93\
\x97O\x88%a\x9a\xd6\xeb[\xa2\xc8G\xf2#\xedk\
G\x90\xe4\xb4\xdd\x9e\xdb\x1b\x82\xbc\xad\x9c\x1f\xa0\xcb\x5c\
\xd3\xb4>\x8cZ<\xc19\x1dh\x90\xec\xa5\xc5\x16\xbf\
\x96\x12SD\x12\x14\xa59\x89!*\x0f\xc1}\x8a\xfa\
n\xa4\x9f&\x99'\x1c{\xad\xca1cF\xc2\xccX\
\x83sl\xe8\x86\xadqn\xa3\xa2~\x98\x0a(\xf2e\
\x07\xb8!\x9b\x84\x0cC\xba\xa2\x9f\x85\x1cv\x13l\x8d\
F-p\xee\x84\x08n\xa1\x97\xaeH\x97\x1d'\xd6\x0a\
\xa4x\xb2\xc7-J\x11\xbd\xaf4G|\x8047\xd0\
\xa7U\xa5\x88\x00nX\xef\x03VD\x0d\xb5\xab\xd7:\
\xaaVo|m\x9ev\xdb\x8dE\xd8K\x1a\xca\x07y\
\xb5\x06\xee_\xf3mM\xdb\xdd\xd9\x97\xea!\xd4+t\
\xbb\xcdN\xa1\x11\x02\xe22\x19c \x88:\xc1(\x02\
\xa92\xaeu\xca\xd3\x8ed\x91`$N\xe0\x8b\x9d\x82\
<]R\xc3$E\x82\x16\x81\xd9\xae\xd5\xb8\x00g\x9f\
\x04Q\xbc\x83\xc3i\xc6Z\xd6\xea\xd6jG\x17\xf7q\
\xf2uR\xa6\x88\x0eT\xaf\xb2\x01}5\x8f|\x22u\
Pt8Q$\xe6\xfb\x99\x15\xa2\x05+\x8d\xeb\xfd\xd1\
H\x05\xeb\x9c\x09\xf2\x84\x9e2\x9d\xa1\x11\x22q\x83\x22\
$0)<RC\x88\x90\x17>\x96\xa8\x88]\xb3L\
<\x8a\x97B\xd3\x22E>\xd4\xabUH\x22\xdf\xd6\xa3\
k[O{\xa8Z\xc2Tr\xfeU\x9eU\xc2\xb3\x02\
\xa2D\x22X\x89\xf2\xdcr\x05\xd0oR\xd4.\x19\x90\
\xdd\xec\x84\xb3\xa6\xa6\xa4\xbc`k\xe4I}\xee\xe2\xe9\
\x92W\xd8E>\xd5j\x1b\xcc9\xb7Kf\x86EF\
j\x1e\x22\xafyW\xbdf\x92\x10\xd2\xf9\x18\x0a\x8c^\
\xb5\x5c\xc5\x1b\xce\xce\x15\xbcOs\x8c\xa3,t\xf0\xc5\
q\xd4\x0c\xbd\x8f2Cp\xe0s`\xdd\x13@\xf4\x90\
!RB\xec\x89\x1bEth\x14Cd\x8al\x0e\xc7\
\x88\xb07c\x04\xb9\x8c\xe4\x08L\xe9O\x1f\x87B\x92\
H\x00>y\x11,\x0a\x0c\x93!\x13\xe8\x0e\xc1\xa2\xaf\
\x03\x9f\xf5\x98\xe4\x12\x97\x14\x99\x0e\x87)Y$\x8f\xd4\
h\x83%\x8a\x8f$\xef\x16\xd2 \x1c6J\x0f\xc8\x85\
P\x8f\xaa8\x8f!&>\x82\x1d}\xa1(\x92c\xb6\
\xb1\xaeG\xd2\xc3\xe9\xd0\x06\x1b\xed\xba>8\xde\x872\
BT\xe8\xf5\xc0,rA\x1a%\xbf3\xa5E\x19\xab\
~\xc8\x01\x13\x8d]\xe0\xa3\x8e>\xe5WG{\xdfp\
\x0d\xa4\x82Ye\xab\x88\xf2|!\xe2[K\xbb\x0e\x1f\
\xe9\xcfG\xe2j\xc7\x92\x5c\x9b\xf1a\xec\xdfR\xc16\
rf\xb3\x87\xae\xdd\x0a-\x98O\x8b\xb1\x11c\xc8G\
\x02tT\xcdF\x98$\xfb\xed\xe6\x1c\x89[\x8d\x1c\x1b\
'D6\xd85\x0e\xe3\x22\xb4K\xe4\xdcR\x95S\xef\
\x1d\x8f\x932\xe4U\x06\xc2@\x09B\xab\x04\xaaV\xb5\
\xdck\xf1:UCm\xf7\xacw\x143^\x17Ey\
/\x99\xe3\xfd\xbe\x0cS\xcd(-8\xcc\x1c1\xe8\x8e\
\xc6sR\xaf$\xa1\xa4E\xe1J\xacH\xbei\xb0\xe4\
Wp9\x95\xe8\x875\x1c\x06\x8d\x80\x1e\xdd\x8aCx\
\x8a\x8e\x0ao1FT\xceW\xba\x16\x18\x92\x11\xeb\xa0\
@*\x87\xd2\x98\x94\xe04\xb5\xc1\xff\xad\xe3\xa9-\xc5\
?>\x81\x22\x89#\x1f\xcd\x12\x05\xdba\x92l\xdc$\
q\xbb=)Y\xb9\x94<&dJ\xf4\x93\xa4\xc9>\
\xc7\x11\x0f\xd1\x0e\xe8\x1cU\xdb\x12K\xa2c\xc0\x1d\xa2\
\x9f\x10U\xce>,\x8a\xf5\xd1\xc7v\xb6\x91t\x01-\
Fqxj\xf7\xde\xa4\xfa`\xa1\xc6\xb5\x1cK\xf3\x99\
\xd6\x03\xa5\x0b\xcaG\x83\x0evMZ\x14>\x805\xcc\
CT\x80\x5c\xec$\xf82/\x92\x05>\x92\x17\xc9a\
\xc5 \x11 ~\x1c\xb3\xf8\x90\xde\xcahH\xebh\x89\
\x88$\x0d\xf9a\xa0\xc0$\x8e\x1c\xa6\x94\xab\x15\xa7a\
?1\x1b%\x9f\x10\x1f\x22\xc9\xd4\xd9\xebf\x8c\xbc\xbd\
V\x83\xfd\xa3\xa1\xccF\x99$?\xbdJJ\x14NB\
\xed\x07\xef\xbc\xa1\xdf\xad\x96I\x89)\xdf\x8d\xa2\x91\xe6\
\xb0;\x0ag\x03`\x8bDy\x0a\xbf\xa3\x03H\x19\x1f\
9\x05o4*\x1dr\x84\xb3\x0b\x9b#x\x94\x82m\
9m\x9c\xd7\x8aC\xa4\xe4/\x5c\x95^\x92\xe0\xd4\x14\
\xa1\xb9\x93\x10\x1c{\xba*\xc2c\xc0M\xe5\x8a,\xf7\
\xd1\x08\xde\xae\xa0\x8c\xb0\x93\x03&\xe8\x84J\x0c\x19\x84\
}`\xdd;\x006\xe6A&\xba\xa2\x86C\xd1\xa1u\
r\x1b\x9b\x83\x9b\xeb\xa7\xc7\x96\x11\xff\xe3\xe7\xeb\x8f\xa2\
j}<\xde\x0d\xd2\xb6~ J\x82w\x07\x89[2\
Kt=\xa6\x08\xdd\x15\xf2s\x8d\xb3\xb7p\x04\xc0\x0e\
\x8c\xc2\xe1I\xa6<\x19r\xacR\xe5I]\xd2\xc5\xbc\
\x87\x97x\x0cg\x88V\x9e\x88!\xe8\xea\xc2\xc6X\x05\
\xafs\xb1U\xf6\xa2\x04[\xba\x9frCp8a/\
\xe9\xca\xb8|\xc2<\x1a\x871\x8e\xb2\xd3\x8e\x99\x18v\
\xf8(\x147\x16e\xb7\xdew\x03>\x9f\x9c\x80\xe2\xde\
\xdd\xbeH\xd0 \x1e\x92\xfcW;\x1e\x10\x1b\x99\x1c\xd1\
\x1d\x5c\x89\x09c\xe4\xe7\x8f\x1f\xb6&o?G\xf7C\
\xab?\xbc\x06I^O^\xb8\xd1\xb0/\x8f\xed\xb9\x8d\
\x9d:i\x9c\x84\x88\x82A\x1c\x11Q\xa2\x074s\xb2\
P\xf2\x03\xfc\xf6[\x85\xbeC\x01\xf8\x8b\xb5\xc64\xcd\
\x11h\x85&+@\x80\x22O\xa4\xa0I\xd8\x8c\xe5\xc5\
8\xb70\xe5\x0c`\xd0=\x82sA\xe1\x8d4J\x92\
\x0e!)\x5c\xc2\x84\x18\x15\xaf2\xd0\xbb\x92 z\xec\
\xd0!\xfdhdy\xd4\x14\xa6[R\xc4\xd0(\xb2\xfd\
W\x93\x22\x8d$\x14#\x85!\x1f\x9e\xb4U\xa2$\xff\
u\x8a\xe4\x9c\x7f\xb2sW_\x119^R]\xc1$\
H\xda\xc1\xfb8\xa8-\xe4]\x0c\xb4P\x08\xb1\xc4\xc0\
\xe9)/\x83`\x05F}\xb5\x02\xa0L\x06\x97\xe9\xff\
\xb0w-\xd8\x89+Iv\xec\x14\xe8\x970\xbd\x899\
\xb3\x0e\xc0U\xfb_R\xe7\xe7r\xaf\x22N\x88\xc2\xe7\
\xbd\xee\xc2~\x15H\x19\x99)\xc0F\xe8\x12\xdf\x0c\xa1\
\xa1x\xf1`\x09\xba\xe1\x947\x824\x14\x1c\xa3\x8b?\
\x18dl\xc2\x04W\xd5\xc8\x0c\xd7\x07o]I\x13O\
+\x1a`\x03\xe8\xd8q\xf4F\xf1\x10\xd2\x18\xd5c\xa4\
>a\xc0\x81\x9e\xfa~YUs\xfb\xce\xcd\x18iR\
\xc4\xdc\xb8\xea7\xa1D7\xb6\xba\xdb\xed\xef\xc3\xe1\xd8\
<\xd4\x1d$G\xedhb\x19\x22q\xfaD\xc6\xfc\x9c\
L\xa9S\xc9q\xea\xbe\xa4\xfd\xcc`\xfc\x10\x06%\x83\
\x1dQ\xc9\xc0\x83\xf1\x15U\x930\x16\xae\xd5\xbc8\x11\
\xae\xe3\x0a\x06\xe2\x14\x16\x18o\xa4\x93\x10\xe8\xc5C\xde\
\xef\xd1\xed\xad\x0fa\x97\xd7\xe8\x93eC\x1a\x1a\x8dU\
\x00\xc9:\xbf\xc2\x87\x87\xc9B\x90x\x1a\x1f\xdf\xc6M\
\x80 b\x1eI\x91\xb5@\xe4\xe3\xe3z\xebd\xc2\x87\
\xbf\x0b#&H\xd2\xeeIr\x98N]\xc3) y\
\x9e\x14.\x0d\xd7]\x09\x22\x82\x87(\xce\x99\x8fPR\
\x98\xa7\x1c\x14\xb0\xb3csu\x91\xe3\xfa\x0bI\xb17\
\x99\xed\xfb\x92#,\xa5\x10\xcfHR\xa1\x17 \x01}\
3\xcfe42\xb44IQA\x0e\xe6\x89\xe6y\x0e\
\xb5,%\x06\x81d\x8b\x88&K2Fb\xa2\x14!\
B4\x81\x01\xa4\x08\xee\xbeq8\xa4b\xaf\xd3`\xff\
\x8d\x8a\x96\xb4-'H>Z\xbc\xbd\x9f/\xdaS\x8f\
\x84\x88\xf8\xe8jAx\xc2\xe9\x9c\x89\x93\xb2\xa1q\x85\
\xeaf\x0f\x14x\x12\x5c\xf2\xbc\xffY\x0c}\xc4*@\
dA\x13]\x8b\xdae&\x80\xc1\x90~\x0c\x0e<\x05\
\xbb\x96\xdc\xf7\x06\x5c\xe2\xca\x03A\xf8\xd0\xac\x5ct\xec\
\x9f\xd0\x97wB\x1fJ\xb4\x8akG\xc0\x09\x1cR\xc4\
$\xc0\xfb\xa2\x0eA\xeeb\x94\xe0\x1b(Y\x18\xee\x0b\
\x8f\x04\x8e\xd8\xe1\x82\xf8z\xbaP\x8a\x10\x22\xbf\x0d$\
>'\x85+w\x0f\xeb\xa9\x87V\x05\x8f\xc7\x84\xb3\xe2\
\xc2\xa7>!\x98\xa2D1\x13K\x80\x068+\xa7\x80\
\xd7=\x0b&\xf5@\xe6\x97m\xc2\xf2\x0e\x0e\xc6\x80\xa7\
\x92\xeeB\x91\x22f7iw6\xf7I\xab4D~\
\x02/d\x8a\xa5\x04\x08\xa1\xe2\xe1\x10)W\xe0\x8ag\
\xb4\xc6A\xa5v%A\x84\x0eM\xb0\xfc8\xe0\xd2\x18\
\x09}\x8b\x11\x13S\x07@\x9eL\x82\x17\xe9z\x10\x1f\
}\xe1\xa0a\x98[L\xbf\xbb\xb4\xde\xeb\xa5\xf8\x0a\xf6\
:H+Id\xb7_\xc7\x02\x12\x04\x8f\x04\xf4=t\
X\x9c\x800p\xca\x96W\xb7\xca\x1e\xa0D\x91\x12\x9f\
\xf6\xc8B\xdaN\x9e\xe8[F\xa3\x9fN\x10\x91A\xd3\
\x04\xc3_\x9a\xcb\x9b\xc4@\xc3\xa9\x86q\xfe\xe4\xa3w\
x\x9e\xd6\xda3Q*\xc7\x1e[\xb4\x80.A\x0d\x92\
C;\x18{Z\xd9\x92C\xe8\x827\x0a\xca\x02\x19\x90\
\x00\x1c$\x04\xb7\xe4\xd4\xb2\xd5\x1dvk\xceQ\xc72\
\x5c\xb2\xa4@\x04\xaa\xc2\x5c\x5cZ?\xe0\xd2\xa2\xc1\x0e\
\x8b\xfd\xf7\x81\xc4\x9b$\xd7\xb6\xbc}h\xc9:\x81M\
\x92\x02\x88\xd0X\x07.\x0c\x036zC\xdfokb\
\x83\xa4\xb5\x95m5-\xb4Z\x89e\xd3V\xb2B\xc4\
T\xbb0\xe3)\x0a7v\xca\xc6\x0c\xf1\x9a\x96\x22)\
[\x0dJ\x8f\x0e\x0f\x89\x0f\x8c\x0d\xec\xfa\xb1\x00\x1f\x12\
m\x95m\xc7\xc0thexx(\xa7]\x18Q\x82\
\xa2=[\xab!\x87\x0fr\xb3n}\xbbfN\x1e-\
\x93\x03\xef}\xbf\xea\xf1\xfap\xaaW\x97\x22\xa7\xf67\
\xf3:W{\xfd\xd6\x10\xa2e#?\x90\x13\xff\x02\x82\
D \xf9( 9\xe6\x8c\x9b\xf7\x1c=J\xdc\xaf\x82\
\xd6^\xc5\x89\xc0\x22a$\x8d\x84\x09\xd3\xe5wkp\
9\x98(\xa2\x18q\x89\x12\xa3V\xd8h<;\xbc\xf6\
t\xb5\x8ar\x06\x07jl\xcd\x22a\x84\xf3\x10-D\
\x1a\xc7\x01\xec\x04L\x13\xdd\xf3cp\x83\x85\x95G\xd8\
\x84\xde\x0a\x9d\x07Y!\x12\x1f$\x86i\x8d\x9bd&\
>\x16\x9b\x98\xe5\xc9\xe6\xc0\xc7\xeb\x0e\xc5\xdb\x86\x0e1\
\xc2uvSwi\xc9\xed[\x89\xcbF~\xb7I\x82\
h;\x93R\x86\xc3\xb0\xe6\xa5\xd1\x08\x90\x80\x89\xf4a\
}\xc9\xc6\x98&\xa2D\x00\xa14\x01g\xe9l\xee\xa2\
\x15\x18\x91<\xf1_\xf8\xc2\x11M\x14\x1b6\x0bM\x15\
\xa1\xa6<\xbc\xeeC\x1eJ\x01\x00\x06\x03\x98\xfaB\x09\
\xe7\x15\xe2p\xef/Y\xe1u*uEk\xc8=\xc9\
9\x8e^#Z\x1c\x86\xfb\xba@\xa5\xc5\x99\xc7\xc3{\
\xb4\x9e\xcb\x5c\x0c\x22\xed\x0a\x10\xb0\x07\x9as\x97\x22\xb9\
C\xa4\x02\xc4\x96\x0b\xfa\xed\x00\x81\xd5\x0e\x90\xc0Z\xfa\
\x9f\x0a\x92&IPP^\xc5\xe8b\x1a]\x85\xba\xf0\
\x8cM\xf2mM\x22\x1bO\x0c\xef|\x85\x0e5\x02\xd6\
\xae\xf3\xc4)\xaa]\xad\xa3p\x00p\xb3o\xdb\xb7V\
\xeeV\x1f\xd1\xf6V\xbd\xbb\xf8\xcd\xc8K\x0dY\xd9\x85\
\xedI\x80\x88\xe8\xac%\xd4\xd1\xfaW\x0a\x1c\x82\x08\x09\
\x22\x18=5\x92\x1e\x22\x0f\x0f/@\xc6\x07\xc6\xba\xd7\
\xb6%4\x10.\xb1\xebE\x00\x91u\xad\x10I\xb7\x0f\
\xd8\x22F\x8c\x88~k\x94D\xda\x16b\x89\xc7\xc3!\
wI\x92\xe7\xd8g'\x09\xd2\x1a\xb6\xe3n \x91\xf8\
\x80\x18A[6\x0f\x10l2\xdd\xbd\xee\xe50!\x13\
E\x94\xc16h\xc9\x01>\x98\xf3G\x9f\xb0\x83\x89\xbf\
\xea=\x1ctD\x13\x9e2\x9a\x0c\xd6\xbaB\xa6\xb5\x91\
b\x8c\xa8\xa3O$\xc3\x03 \xe1\x1e\x88\x0bM0\x15\
\x8eZ\x96#\x9a\x86\x80\x88W\xb3\xc6\xc7k\xa9\xd0\x1c\
9\xa6%bJ\xb3\xa5v?\xb7\xd3\xda\xe84v\x88\
l\x02#\xaf\xe0\xd4\x8aK\xc93\xe0^A\x02\x87G\
 7l\x86<QBh`^\xa4e\xee\xa04\x87\
\x11E\xc5I,\xd1\x86\xa7z\xe0\xaa\xd7\x89\xb2\x18\xd0\
AI\x82A\xeb\x07r\xc4%\xb2\x08%\x9e\xb2\xbf\xf8\
\x1f\x87\xcb\xf1f}'(\xc0\x1e\x12Q\x00N\x0c\x08\
\x17\xda\xb2\xb4\xac\x1c\x81\xc3\xcb\x0ff.\x8a\x02%K\
\x16;\x90\x22\xef\x0b\xed\xcc\x98\x08\x16\x1a\xab\xccX\xc2\
/\xedR\xffOH\x91\xf5\xf6a\x5cZ\x84\xc8\xab\xa0\
D\xb5\x84\xe0\x9c&H*mn\xde\x9e\x04\x14\x0d\x8c\
\xf4\x90\x8b\xcb\xc2$!B\x02\xbcL\x0a&Z\x9c@\
\x82\x98\xb4\xe0\xc8\x09\xbc\x04\xea\xb5\xab\x8d\x9aMK\x88\
t\xee\xaf?\xe5\xc7\x9a\xdfx\xc9\x14\x8f\x0c\x1c\xc0\x0e\
\x86\x17h,\xc4\x11\x10O\xc2\x02\xcd\x8a\xb1\x02\x19r\
O\x05\xf3\x01y\xbc\x08&^\xd3\xd2J\xeaB\x93\xf0\
!\x84\xa4\xbb\x1c\xa1\x8d\xe9U,{\xdb\x0d\xd9$\xfa\
\xe5d@!gH\x91j\x8bH\x8a\x10\x22\x85^\x02\
\x1e\xc6$\xe9\x08\xb9\x96\xc7\xcf\xa2n\x0d\xf5\xab]\xd7\
f\xb9\x8b\xd0O\x18\xa4\xb16<!Zb\x16G\xda\
I\xb0\xd8\x03\x80pI\x89'\x19%\x80\x88\xe0\x91e\
\xb3\x8b\x00\x87U\xd6,\xa5\x04)^!\x9f\x9d\x1f\x0a\
\xfe+t\xb0\xe9\xa8\xe6A\x99\x01ul$\x8a\x13<\
\x08G\xaf\x03\x92\x87\xf1\x0eo\x87\x90Q\x5cV\xb6\x8f\
\x1e\xad<@\xcf\x94\x84\xb7&\xc9\xde\x92\x5cU\xf8H\
S(@@\xce\x14Im\x1f{2<\x00>\x1cr\
\x81H%I\x91\xfd\x9c\xf8\xdf\xb6lW\xb5\x84:H\
~\xbc\xa7\xc3P\x164\xf4\xc5\xff\xd5rOw\xe1\x91\
*\x03\x0a\xb4\x83\xc2\x85\xee\x88\xb2\xd7\xfd\x9e\xd1X:\
\xa5]\x84\x8cEZ\x16c\x89+s\x80\xe1\xd3\xe2W\
k\xa0\xd0D\xb6\xd4\x0d\xf4\x8dB\x02r&\x00\xbd\xaf\
>\xe2~\xeecDBrm*\xd7j\x8fMt\x10\
\xbc\x8f\xad\x0b\xd8/ o]\xb9x\xcb\x18\x91\xf4\xb3\
\xfe%\x22C\xe35\x93\xef\xa2e\xb5\x82\x11\xf0h;\
6\xcc9;^\x5c\xe6\xde\xec\xee\xe6\x06\x9bq\x82\xcc\
\xe7O\xdd\xd8\xba#\x9aT6|\xdd`\xc7\xb8\x8ci\
*\xddj\x8b\xe4\x0e\x91\xbc\x0c\xcd\xe9k\xecuA\xe4\
\xc50\x22\xd7\xd6\xf5\xda2\xe5\x0f\xeb\xb9\x9f\xe7\x06\x12\
I\x0f\xb4\xa9\xec\x00M\x1dA\xedd\xbeN\xb2\xf6H\
\x82\xf37Ms\x92\xef7XLb\xab\x0b\xd9;_\
\xc9\x0d\xec\x9d\xbf~$\xb4\xb8\x0b\xca\xc3\x85\x19*B\
\x0b\xdbl\xdd\xb8a8P\x87\xc9\xb3Q\xbf\xce\x1c\x09\
\x056d\x0e\xe2p\x15\xf7\x96\x08\xd5/\xfb\xe9\x84\x06\
\xa2\xc39\xc6I\x1cYuk\xae|\x0e,\x12\xe6D\
\xb0\xc2\x1c3\x8b\xf8\xcd\x86R$\x19K\xdeTD\xa8\
\x10A88\xcf]\xd1\xba\x9a\x84x\xf8\xb4\xea\xf6J\
\xda\x96\xccv,\x02\xab \x99\xff\x17\xf7\x07a\xbd\xec\
Q\xe8`\x5c\xc4\xe6\xe3X!r\x841b\x15\xad\xd4\
\xdd%\x09\xbfL*\x07\x91$\xea\x99yJ{\x9d\x01\
/\xea\x0b\x01\xc9h\xb5\x09]\xc6\x16\x01\x93c\xabs\
\x19\x1e\x18\x88\x9f\xc0MZ\x098\x8f\xbbxH\x06\xe3\
q\xc5\x08\xedb\xf2\xbd(\xa1/\xc5\x80\x1d\xd3\xc6\xb4\
\x92\xb4\x90\xe9%Ldp\xee [_nF\xc3\x12\
\xff\xd3&'\xbe}e\xb5\x91\xce\xcc:8N\xddJ\
4\xd7=\x877x\x98\x90|\x97\xcf\xf7\xd0!\x83\x87\
\x8c\xaf3\x0b\xe5\xc5\x5c[w]\xeb\xdar\xb7\x0aH\
\xc6sF\x02\xe1X\xd5-\xa1#\x15\x8e\xf1H\xb4\xc8\
#\xec\xab\xd4\xa5M\xd2\xd6(\x98\xcc\x8d\xcf\xc9Z\xec\
e\x18.&\xf1\x09*\xab`\xa3\x901\x86\x19\xdcD\
\xd3\xac\x99\x8e\xb1!cgg\x1a\xdbq\x14\xd0\xdb\xef\
y3\xb4\xf2\x02#\xaf2\xf9\xf0\x9f\xe7+\xb8O\xb6\
\x12e\xdf\x89\xe5\x05\x18\xb9\xcd\xf0\xc56K\xbfZ\xd2\
\xbc\xa8\x82V\x97\xfb&0R\x1e\x82\x83\xeb\x1d\xbd\xae\
\x95j\x97\xc5\xa3S\x81\xc8\xfdS\x9dG\x0b\x11U.\
ee\xc6\x17\xd1\xb6\xbc \x81\xdc\xfb\xb8\x95T\xf9\xe3\
\xe9\xd4\x7f\x89\xf2$}\x8bX\xa0\xfb\xbb`\xc5:/\
\xbci2\xdd\x7fo\xe8\xfb\x9d\xc1f\xec\x0e'@\x09\
\xe4\x89\xc7\x89\xea>\x11\x1c\xe8\x88\xf2\x12\x18\xae\xb4Y\
b\xa2_V\x9b\xc9\x9b\xb20\xc9\x04\x84\xe0\xe2\xab\xf3\
d\xbd\x5c\xb4\xda\xbeMZ\xf6\xe9\xeb&\xcd*k\x9c\
\x17\xc9L<;\xa6e\x1b\x1a\x91\xe9\x01&\xe2\xb9\xef\
|\xe3S\xe9RDq\x11 \xe5\xc1=\xd8\xfd\x90y\
J\xf4\xf9\xd6\xb3r\xbc\xe7h\xd9\xd0\x08 R\xb6\x17\
 _\x02X )M-Mw<\x0c\x05$0\xae\
\x00\x8e\xd4T\xa8T6[H\xacq+o['\xdd\
\x0b\xc9\x00!(\xb8\x95\xba\xaaU\xdbM\xb0=-\xf3\
\xbc6\x09\x92\x96\xb5\xff\xb4\x81\x03\x1c\xf2\xea\x07q2\
_b\xdb\x84\x0c\xa8qa\xef\xccE\x13\xd1ZPd\
\xac+\xe9s\xe7\xda\xb7\x9a\x94\xdde\xdd\x18;\xfc\x1c\
\xa4 b'V\xfc\xb8l@\x03\xfa\xfc,\xe8\x0bO\
!:\xb8\xdb\xf2\xe3:\x97@\x07\xf7T\x1e\x00\xca\xd2\
~\xc1Z\x03\xcd85t`\xaf-\xcc\x91T8\xbe\
i\x0c\xb1S\x94\xc8b\x1f\xc6\xfb\xff~\xca\xc3\xe1X\
3}o\xd6^WY\xc6\xd7!_'\x85\x92\xa4\xa0\
\xa4\xba\xb7\xd6S\xbf\xd2N\xebtT\xe9F\xabg\x8a\
\x8e\xe4\xa2\xd4 B\xd7\xd6\xd8\xfc\x88\xb2E\xa6\xa55\
\xad\xbf\xd0h_\xdb\xb6\x98;\xf1\xca\xcb%\xc7\xe5/\
M\x14J\x8e\x05\x1ch\xa10q\xeb\xf86^&\xc9\
\x12[j\x05\xe3\xf3\x06\x08\x061\x98\x17\x8f\xbd\xce\xb2\
\xc9=z9\xdb\xc6V\x1eR\xa0\xf08fh|8\
Z\x9cH\x01@\x98\xa6%\xff\x88\x16\x1f\xa2\xe1\x0av\
\xf9~\xe9\xf2\xa5L\x89s\x1aSg\x0d4rh\x1d\
g&\x98.\x87Cj\x10\x81r\xef\xeb\xa0\xbc*D\
X\x95\xae\xbb\xab?Z^\xca\xda\xefN\xa2{/<\
E6\x9b\xedq1\x08\x11PC\xf8\xcc\x01\x99\x82O\
\xd4\xa3+c\x03\xe6\x88E\xee4v\xa6,\xf1\xe6\x9d\
d\xb2\x89\x09\xad\xc0,\xf0\xa9\x84!\xc1\x90\x92\xc5,\
-\x08#IL\xd5R\xd2\xe5l*\xc8hh\x8fp\
\xc7\x05\xdf7\xadO\x07i\x8c\xf3\xed\x83 m\x0f\xa2\
\x85$9\xac\xeaF\xd2\xd8\x17w\xb8/]/\xa6\xc8\
r\xf9\xb8^\xe4\xf5\xad\xa4l\xdf\x97\x03\x89\xa9n\xca\
X\xe2\xdd\x07<\x9dy\xeeU\x92N\xf5\xb7vi\x04\
\xe3\xe6\x13TF\x0am\xe0\x03\x04\x8c`\xcc\x14z\x83\
\x10~\xfb\xc2\x0a\x9a\xda\xfe\x82\x1cN\x96Mp2&\
{\xbbFrwL\xaf\x8e\x7f\xcd\x15\xb1c\xc36$\
\x0fy?\x9e\x0dB\xeaP\x07\xe4\xc4]\xb4/\xe0\x8e\
&\x9a\x1f\x06%2\xce'\x83\x0f\x9b\xb3\x88\x87\x9a\x08\
\x1d\xac\xa2\x85\xb3\x7f<\x1c\xceWB\xe4J\x88H\x8e\
\xbc\x1eHl\x9d\x14Y\xee?\x9a\xe5\x9e\xb9\xc8`\x04\
<\x06\xec\x8f\x10B\xd2\x99\xf4D\xed\x16\x0cB]y\
\xf3\xdc5\x8e\x7f\x0a\xd1(#\xd2W\x16F?\xac\xbc\
\x22\xe4\xb4\x87\x0c\x1bvv \xb3\x04Q\x08\xb9\x90\xd8\
R`\x09\x18\xe0$\x0dg\x9bA\x85\x96cq\xcdn\
]\xb6\x8b\xfa<3d\x9e&\xee|\x90F\xb0]U\
\xda\xdf\x8f\x9c\x84\x91G\xc8\x04\x11\xd9n,]k\xc3\
_\x0b\xed\xe5\xa0\xbc\xac\xb6%\x8c0RR\xca\xa5\x1c\
q\xa3\xabJ\x88'>\xaft\xc15\xcc\xcd\xb9\xba\xe0\
c\x17\xcd`\xf5!1\x12\xd3b\xfb&\x02\xa9\x1a\xa9\
s\x0c\x12\x0d]T\x7f\xe5f\xc1\xd2']\xb0\xda\xe3\
\x08\x03\xa1\x0d\xb0PW\x98xLB\xc2lp\x0e\x99\
\x89\xe9\xca\xd1\x14\x12G\x8b&\x16\x1eh\xa6p\xa1a\
\x1f\x84\xeb\x0cM\xbc\xc3\xa0$\xb8Q\xae.\x96\xbb\xb4\
\xce\xa7\xa9Z\xeb\xb5H\x90\x14-\xc5\xd7\xdb\xd5\xf8\xc2\
 \xf9i\x05I\xa3n\x94L\x04\x09\xf2\xb7\x9e\xa7Q\
=\xaf\xcf2l\xe2i6\x03\xde\xe4\xe7\xa1}\x22\x19\
\xc2i\x0c\x98\x87\xe4\xa0\x11\x8cW0\x5c\xd7\x95\xa3\xf5\
I\xf9\xf2\x1f`\x8e\x92\x02|5n\x86]\x9a\xe1\xbb\
sP\xb0z\x12\x87\x10\x1a\xf6\xf2\xf7\x9d\xf8\xde\xb7s\
@N|\x14\xae\x10!\xf2L<)\x16&0\xb0\xd1\
\xd8\xd3\xb4\xe0\x8c\xe4u\xa8\xa6H]\xba\x0e\x88\xbc\xbe\
\xa2%\x90H\x94\x08%e\xef\xe1\xc4\x9e\xa7IQ\xf2\
)R\xbe\xa37\xda\x81\x90\x08%\x02\x8a\xf9N\xc5\xbd\
<\x11,\xac-\xafk\xea\x01\xcd\xd2\x82\xd4\xc1\x07\xa6\
\xb2\xe4r\x9d\xe4`\xe3\xb0\x8f\xa5\xbaY\x01\x22&9\
!u)\xb0,\xf8\xa10\x11\xc9\x8b\xc5L~\x9ap\
\x9eC\x1aC:\x8a\x1f\x85\x16u\xe5\xa9\x91\x10\x19\xef\
\xa7&\xd74\xdf\xa1\xa4\x9f\x10!\xaf\xafh\xc5\xfa\xd6\
mc\x93\x94\xad\x95\xa7;\xcc\x99\x91\xbb\xe9s\x00\xd1\
r\xac\xc85\xecj\x0bE7\xe6\xc5\x16\x00$&o\
\xcd\xdb\x9fb`\xc7\xd6\x19v\xb5T-X,\xa3;\
\xca\x16\x14\xe18\xb64\x02\xcb\x88R\x8f\xf3\xc6\xef\xe0\
\x0c-gX|\x0e\x11\xdeM(\xaf\xaev\x922\xb2\
bR2\x85s_\x928\xd5\x112\xf3|\x9d\xaaN\
RK\xfaZ[D\xa5\x82^\x1c$\xf2\x01+w\x0b\
 \xf9\xf9^3SZ\xcc\xa2\x7f\xdc\xf1s\xb2\x84\xe9\
\xd1\x0e\x1d\xba\x7fbk\xf6\x89\xea3:\x91\xf2\xf0\x04\
\x82\x16\x82\x84\xd6/\xe5\x0d\x0f\xec\x93L\x0b\xf4\x03\x18\
\xcc\x18\x85\xcb3\xc0+\xc3\x008\x05(\x88\x5c\xec\x01\
\xea\xff\x12M\xe2\x81RK\x84\xfcZ\x8a\x08\x04\xa6\x94\
oH3\xc5q\xbd\xd5\xe1!_~^A\x81\xd3\xf7\
\xc5\xa9!\x04 \xb91U\x1e\xa1\x92\xcbz\xa8\xc5 \
T&\xe08\x0c\x0f\xdd[\xae\xdaX\x18 \x01@j\
\x03bG\xde_\xb3\xa4W\xfc\xd7d\x8a\x0d\xd2\xe1C\
\xfd\x0b\x83\x80(\x1c\xd4\x9d\x17\x8e\xe3\xc2\xb8KHr\
\xc4bS\x034\xe0\x88YZ\xc6\xc6\xa3\xe3y\xc8L\
\xd1pr\xb7h\xebM\x04\x96\x91\xbf\x5c!\xa9\x08\x0e\
:`\x22\x99\xea3\x7fRr\xf5\xf8\xa6\xb7\xba\xe4\xf0\
B\x88|\x08\x22\x8d^\x1e\x22\xcao\xf4\x96\xfb\xf5\xe3\
\xe3}<\x0cs\xa6\x1b\x18fI\xb2q\x12\xad\xcc\xb4\
\xa9\xc1\x9d\x87\xae_\xa3i\x09!\x04\x88\x91\x22\xcf\x91\
W\xd9\x89\x0c\xef)\x02\xb1\xb3O\x8c=6\x1e\xbfb\
\x0e\xb8(|\x95\xf7\xc8\xe9\x7f]\x22D\x88\xef\x0c\x9f\
\x93\x22\xe82|\xee1\xa2\xefEu\xb4\xe2\xbc,t\
\xdc\xfddu\x09L\xf4\x0b\xe6<\x0f\x08\xad\x03\x22H\
\xf55eP^\x9d\x82\xfcF\xc0\x04\xa2$\x17Q\xb2\
\x9c2\xbd\xa10K\x12\x9bH\xe6\x8er\xff\x06\x04\x80\
`\xb74\xb3\x11L\x84\x93\x186\xd3\xbe,\xa1\x96o\
\xc6\x9d<r4/\x9a\xfd\x98\x5c\xbb\xac\x0bt\x00\x00\
\x1c\xd0@dD\xdd'\xad\x8a}=\xaar#7p\
\x5c\xa2c\xa7\xe2\x89\xf3\xf9F\x8b\x0c\xb1\x13\x11\x9da\
7\xdf\xff\x04w`iNk\x17\x22\x15\x22A\x5c\xe4\
\xab@D.\xe0\x8a\x11\x89\x12z\x81o\xd5\x0b|\x5c\
OZ:>\xedf\xa0\xb0$2F\xfb\xe5\xe9\x0cF\
\xc6\xd9\x95\x05F\x9f\x1a\xd7g\xc9`\xc2\x06\x9b\x8d\x1b\
\x89\xf6\xc23\x22% \xafD\x01v\xd4\xef\xc0\xc01\
\x1f\x00\x85\x5c\xdd\xe7I\xaf\x9f\x1cfZC5\xab\x8d\
\xc1\xb1\xa3\xe5\xf7\x10\xa5\xf6&\x13iW\x07\x82\x83\xeb\
\xecRi[T\x9d\x94\xebb\xaa\xc3\x09\xc6\xfa.D\
\xbe\x06Hl\xa5\x14\xc8\x92k\xa7K\x11%\xc5\xc1U\
\x97\xc8 \x0c\x90\xf3:a!\xaf\xad\x08\xe1\xa5H\x98\
\xb4%\x90\xdc\xf9c\xd2\x92Q\xd5\x9e\xc7,\x83\xf3\x9f\
\xa7\xc5\x08\x1dp\x8d%\x0f\x0c\x08\xe4x\x92\xf1\xa0\x19\
\xf4\xf4>\x7f\x1b)\xb3\xca\x89\x16^\xf68.A,\
\x91a\x99 !3\x9d\xe5I\x03R\xd0\x90\xc00\xaa\
5\x19\x10\x92uk\xde\xbc\x0c\xdd\x12\x81\x96\x15\xac\xcc\
\x05D\xbe\x0cF\xa4o\x11$\xa0\x9a\x0a\x5c\x15\xaes\
f]\xd1\xec\xc2%Z\xcako&\x1aZ\xed\x93\xec\
\x12\x97\xe1\x98\xacA\xa9\x5c\x22\xea\x0c\xfbf\xea\xf4Y\
\x84\xe8\x1aW\xf6k,`\xd85\x02\xc9G116\
`\xc3\x88\xbd\xa7\xd13\xed\x0fy>L&\xb5`0\
\x136 s\xd4\x22\x05V!Q\x12\x18!\xea\xbb0\
\x092\xe1y\xe3\xe5a\x5c6\x8b\xc2N\xe7\x16\x13\xb9\
\xfc\x90\x10\x11D\x1aH\x80\x90\xafB\x1e$Zv\x05\
\x90\x5cKnJ\xcb\x98GbF\xe9\xcd\xa3\xaaBH\
\xa4`L\x80X1\x1d\x8b\x91\xd2$%8\x8e>N\
\x02\xad\x8b\xe3\xd9\xe4\x09G\xb1\xf8\x89|?\xd3\xcbs\
v\xc0\x08\x04\x17\xf2\x8e\xdeQ\xf3v2\x01&\xcf\x8a\
\x17\x0a\x0b\xf6Mu\x12%\x92\xe8\xd7\xe3\xdeS\xab#\
\x1c;\x825\xe8\xb9'd\xb8\x07j\x16\xbd2\xc6\x07\
\xac\x05.KA\xc8\x5c\xae\x97T\xd4,\x06E|\xcd\
R\xda\x22_\x1b$\xa0\x9e\x0b\xfc6\xd4\xb8{[W\
\xd2O\xc3i\x99\x8e\x83pa\x10b\xef\x5c\xe4\xf2\xe2\
b\xfb\x9d\x14E\x16i\x7f\x8e\xf3\x069\xb4Py\x1c\
G\xdd\x0f\xaf\xd9\x1f\xd22\xe9\x92'B4\xae\x8f\xbf\
\xa0,\xa9\xeb\xeb_\x88\xe38\xd5'|\x22\xef\xcb\x00\
\xf7\x08 \xa2b\x9aS\x8c\x10#\xe2\xad\xe0\xa0\xf1\x81\
\x9dm\xdb\xda\xa1\xee\xca\xca\x99\xb9\x9e\xa7\xf3r\xa0\xad\
N5\xcb.\xa9\x0a\x02#_\xc3\x01l\xdd[\xc0\x09\
\xdd\xc0\xff\xaaq\xf7\xf3iE\x91\xa4\xdaN\xbba\xc5\
\x11\xac=\xc2\xdb\xee\x82c\x14a#\x02\x0b/\x13\xc1\
B\xbf\xb0!\xd7\xfeKZ\x82\x99\x85\xdd\xbf)\x96'\
D\x0b-<@\xee\xad\x0cI\xce\xcd\x89\xd0.\xeb\x03\
\xad'M\x8d.\xb2\x0ep\x88{\x825\x22w\x96\xd9\
+\x9b\xb7\x19;K^\x9b!r-\x08\xb9\x5c`\x8b\
pI\x95\xab\xa5\xf5%\xe0\x816\x88\x93P\xddjt\
\xa9\x1e\xae\x04?0\xf3\xfb\xf2:O.\xa0(\xbdk\
LL\x0d\x8d\xeeO\x02\x19\xc2\x8e,Hp}\xa7\xa8\
\xf1\xa4+\x80\x1aX\x84 \xe7\x04\x8d51\xcfcz\
\xfe\xb8\xaesp\xd7\xf3\xf7)2\x86\x02&\xc4\xa5A\
uF\xae\xcf\xe9IJ\xea\x9c\x04\x88\xf8y\xe2:\xff\
\x9e\xbc\xbb\xc5\xf9b*%\xa6eqe@>\x9d\xd6\
\x01\x86H\x07\x08\x17\x8b\x98\xb8\xc8fq\xeeW\xc1\x09\
1\xa2\x05%^\x90\x5c\x8a\xc2\xd5\xfc\xc0\xc3t:\xe7\
U)\x80q&\xd7\xe35$\xd3\xa6\x8ec\xe7\x00E\
\xebz\x92S8\xd1\xb4\xb7\xe4\xed|S&\x0a\x9c\xd6\
\x0b\xf8\xe3\xa0\xc3\xf3:T\xa0(i\xca\x17\x027(\
\x07\xd7\x7f)1\xc1\xe7\xc5\x1f3\x89\x1b,\xc5\x80\x10\
\xf1,\xb7\xc7\x18c\xc4[ \x12\x1e*t\x0d|\xd4\
`HVZg>\x9f\x96a\xa8\x08\xf9h\xde,\x90\
E\x88\xb1F\xbe\x9a\xc2U\xc1\x12\xae(\x11\x15\xe3=\
\x15\x8dkD\xcdS\xa6\xe4\xccc;c)\xc0\x88\x92\
EC\xab\xd0\xe8Zs\xed\x06\xe9*\xfeR\x00\x9f\x02\
\xae\x0bMS\xe9~\xed.\xb5\x11`h\xfdF\xc2E\
\xc7A\x18\x93\xb6b\xc1\x1b\xd4\xc6\xbb4\x0b\x15\x98v\
\xe2\x90<a^\xcdC\xd2\x09\xc1)L\x1e\x1f\x12\x17\
\xe0\x91~\xd5'\xc1I\xc2\x07\xcd\x8ed\xc4\xc80N\
-\x10\xa0\x1b_\x9c\xf2\xd8eH\x89\x88l!B[\
\xc4\xb9}\xbf\x1c\x01\xd6\x04I#E\xdc\xefz%P\
2\xcc\x05%\x8c*\xb6\x1f\x93QJ\x97/6\x84\xcd\
\x17\xf4#B\xc0UA\xbb2\x8e\x02-!\x11;$\
\xa7\xa1\xcc\xd8X\xd1Ks\x0d4u>\xd9\xab\x99\xda\
\xbf\x81\x82\xaf/)a\xa4\xbf\x97\xa8!\x19\xcd\x8a(\
\x88U\xa4\xd9u\xf4\x84\x04\xfe\x04\x8d\xdb\xce\x8c\xae/\
\xd0\x9b`\xa1k\xc6b$\x8d\x9e\x14\x01\xd6WI\x0b\
\x1di\xbd\xa6\xe4\xdd\x9a[f\xd6\xe1\xd8dH!\x82\
$\x00\xc8\xd7\x84\x88/)d\x8bAX\x17\xd7\xed\xbd\
\xa1\xe4\xd8]\xc1\xdb\x12pM\x9cH\x1a\xcb\x0d\x12\xad\
FD\x97\x98\x98\x9c=b\xc8_:\xb3\x15\x1a\x18\xdb\
k\x1f\xd7\xee<\xf6\x01&}\xc2\xbd\xbcd\xde\x1d6\
q\xcc\x9e\x152z?\xc2\xa3\x8d\x13_\x8d\x1d\xf34\
\xb0\x8d$\x94\xbe&<\x01\xd5\x80\xac;\x01\xf8\x9c&\
sz\x06\xe7$5*\x10\xce2\x1bT\xf6\x0f\xa2\xea\
\xd3nB\xe36\xddD\x94\x9b\x15\xd2\x12\xb3\x0e\xa9\xc9\
\x10\x92W\xb3*\xb1\x8e\xd6W&+J,J.e\
\xbb\x94O\xfc\xfeV\xcf\xc8q\xce'\x9e\xa7\xa5\xb4\x85\
\x96\xa9\xf9\xba\x06&k\x01-Q\xf6o\x12RX\xb9\
\x1f\xbb\x902>V4tX\x0a\xba\x80\x83\x0a\xaa\xd8\
\xd3V\xcb\x1a\x19y\xa3L\xb0\xda\x91\xe4\x90A\xa3$\
\x08A\xd160\x93\xf2\x91(h0\xabqlE$\
\x8c\xb9'\x85\xc5\xf5L\xcc\xf9\xbd\x92\xe7\xf2\xac;\xeb\
O|\xdfTW\x1e\x8a\xd6MU\x05\xabkX\xa8\x1c\
\xb3T\x844\x112\xe4\xf7+\xd2{=B\x9e\xf6g\
}\xa5\xa0{,J.B\xc9\xa5\xa9\x5c\x07\xde\x97\x88\
\x22\xb7\x09\x97y\xa2}\xb2S\xf6\x81\x1e\xe0\xad\x04\x09\
\x91\x10\xcd%\xa3\xd3\xeb\xf6?|\x18E\xbf>=-\
&\x12\x07\x80x\x7f\xab\x8c\x0e\xc1\xc6\x93\xe4\x863\xc8\
\xd1Rm\xd2\xff&5,Q4ly\x99\xc5\xf3\x88\
[\x89\x1c\xab\x95\xa9\x0b\x1e\x8fc\x8b=\x82\x0f\x94[\
+\xd9\x133\x17\x81\x8d:\x98&,\x9bB\xaeEk\
:@\x0a\x9d\xde\xde\x91\x00o\xb5\xac\x8f\xfa(\xf4\xb3\
\xe1\xa3\xee\xc6\x99\xf5\x85\xd0B\xe1'\x17\xb0M\x96\x17\
]\x0aH\x8a]\x02\xc3\xe40\x8c\xd5X[\xd6E\x95\
\x15\xfb\x85R\x7f}\x9aDi\x1b\xfa\x03\x18'>E\
\xd1\xf3G\xf0x^\xd5\xf38O>\xbaq\x1c\xe0a\
,\xe0>\xf1\xd4\xdf\x95\x1d\x86\xd7\x8f\x9c\x8c\x9e\x8a\xf6\
\xbfG\x03\x19\xbf\x183-\xea\xbfe\xcc\x07\x155\x88\
\xdcu\xac\xb5\xbb\xb2*\x11!V\x8e\xfc\xf8\x92\xe1\xf5\
\xc7\x0b\x13\xbd \xa1(i-\x5c\xc1o\xc7\x06\x93i\
\xa9\xde`Ux\xe2Jr\x80E\xdf\xbe\x09\xc0\xfbB\
\xfcq,~\x7fz\x02\x93*1*\x0dI\xc6\xa9\xe6\
[;\x06\xabS\xc9G\xbc\x11\xf5\x92@\xcf\x97\x0e\xc8\
\xf7v\x7f\xb91O\x92\x94T$\xd9\xfa\x7f\x0a\x9b\xfe\
=4\xb4&0\xaf\x03\x8d\xe30\xa6<M~\xad\x94\
\xaf\x9ee\xc7\x8c\xa1\x86k5\xd7&A\xc6\xa6r\xaf\
E\x84\xb4pH\xbd,\x04\x91\x1b\xe8\x1b)Z\xd2\xb5\
\xac{\xebV\xb6@\x9ataryO\xe9\xd0\x95\xae\
\x5cHI\x1c\xd8\x11Z\xd2j\xd7\xd5\x14\xb5\xe6AV\
\xeeq5J\x16S\x97\x87}\xbc\x8c]\xce\x8a2\x1a\
\xed\xd9\xcd\xa1\xc39V\x98\xd3\x131\x0e\xdf\x17\x9c=\
vT\xa7\xb42\xbe$\xb3\xa9\x0f>\xfb)\x8a\x9f\xba\
\x90\xef\xd3\xe2\x8b\xbb\xf8\xd2\x15<\xbe`\xc0\x97\xed\xd3\
\x9aO\xe7<\x1f\x0f\x95\xd2[\xb3B:B\x94\xe1K\
\x8c||}\x97o\x1cQTb\x0aE\x09ABA\
\xd2u\xae\xdb\x05\xd2\xe40\x8c-5z\xbb\x90\xe9\x89\
\xe5\x19\xf3^\xe1\xc2\xd5\xde\xab\xa73\xe0\x86\xaf\xa8\x1c\
3\xe4\x18\x10\x9b\x84\x9fA\xda\x82ak\xecd\xdd-\
&q@\xefk\xd1\xab\x17\x0a\xde\x95\xee\xcc\x97\x1a\x22\
\xbc\xb9\xb1`\x11\x1aw\xef\x08|\xde>\xd6\xdfPO\
\x7f\x9c\xe3NA\xc1\x17\x1d\xc0\xeb\x03\xd2\xeb4\x96\x00\
i\x81\x90B\xc3Z\x00R#h\x12 \x85\x95\x19\x01\
\xe4\x16\xfb|\xbf\x03Pb\xbb\xc4\x87\x14\x1bL\xca\xc1\
\x02\x93\x0c\x9cL\x15'\xaa\xdb\xb3\x06'\xdd\xab\xb5\xea\
\xac\xfc\xf2\xc1\x0a\xb9+\x1b\xad.\x22l<\x9e\xd9\x0d\
\xee6{\x1fg]\xd6\x9c\xe2A\xb9\xea\xd0S\x1b\x93\
\xa0\xa5\x99G\xcf4\xe8{\xe6%\x0eIN~\x026\
^\xb4\xf0\xf4\x99\x1b\xebb\x03\xf1\x07e&\xbc\x05\xde\
\x0d\xea@\xd5D_\xab\x82\x05\x01R%\xc8\xed*\x1d\
K\x89'0\xd7\xbf\x9d\x08\xf18\x89\x9d\xc0>\xaax\
\xb7\xe0+N\x86\xbb<\xa9\xfe-\xd6\xe6\x2228\xd2\
\xaf,8&\x88\x13\xcd\x01X\xd1e%\x12\x8e\xfc\xe1\
\x8cV\x05\xd8c\xca\xe4n\x9e\xacB_\xd3Y\xc8\x09\
0\x89\xa3\x18qn\x1fi9\xc7X\xc9<+\x04\x86\
g^\xb2-|]\x04H\x1c@\xeb\x10\xb4P\xc89\
\x81\xd2\xac\xf3\xe6\xd8?v\xf9QM\x90K\xfd\xd6\xaf\
@\x08I\x22\xa4<d\x87|3\x8cH\xe12\x01E\
\x09\x93m\xa2#\xf6K=1\x0d'\x098\x19\x8e5\
\x10\xdb\xef\xa9\xa9\x84z\xe0\xc3\xff<j\xca\xd8$4\
HH\x18\xf8W\xf2u\x91\xf2\x9e\xff\xdf\x18\x17\xec{\
\x01q\xb7\x1f\x82\xcb\x1fG(u\x9e6\x16\xb2\x05\x95\
\xc0\x90\xdd\x93\xf2/\x04U\x0e\x10dn\xae\xe0\x81\xa3\
3\xe9\xce\x0d&1'@8\x81\x08\xfb\xec\xd4(\xaf\
K\x8dz\x1d\x1a\xa5\x7f\xbd\xbdW\xed\xe1\xd6\xbf|4\
\xdeN\x07\xb9\x05\x87\xdfO\x92x\xc3\xc4\xd7\x84\xa0 \
A\xe0\xa4\xc8\x93f\x9e4\xa0\x80\x86\xe3X\xdd\xea\xab\
n\xac\xb6w7O\x1cF\xa7t\xed|\xe9\xe9\xbe\x9e\
1\x99\xf93\x9f\xd7^w\xee\xef\xac\xc3x\xfaYc\
s\xb4\x8e\xd1\xe5\x9ds\xd1#\xf1u\xfa\xbf\xcex\x1a\
\xc6\xe6\x06\xa2\xf6@\xc6\xf1\xec\xdeN\x1d\xfd\xff\x98\xe6\
\xf9aG\xb7!\xd5a\x0d3\x9fA\xd2m\xe3y\x1c\
\xff\x09\x0f\xf7\xde\xba\x22\xce\xf5\x7f\xc7\xe30\xdc\xbf\xcc\
\xa2_u#\xb4\xcb\x0f\x18\xa5\xd0\xb4\x98\xddk\xect\
\xd27D\x87l\x12\x8a\x92\xc8~\x07>.\xa0\x86\x93\
\x8f\xeb{\x05J\xc2/\x0fhpt\x1c\xd2\xf1\x988\
(\xc4^\x1a\x12\xfa\xe5I\xad\xad\x93\x85\xa3_\xe6j\
\xd3\x8e\x0e\xea\xdf\xf7\xb2\x95\xbd\x10\xde\x09\xf3\xed\x00\x9e\
\xd1\xc6x\xb3cy\xa4\xa1\xff\xc9\xc61HC\x99/\
W\x08\xe6\xc1\xf9wS}?\xbc\x8f^,\x8e\xff\xa7\
R4\xf6\xfc\x18\xcc\xb7\xff\x17-\xcf\x06>\xa1\xc6\x83\
\xdeWgH\xe7d\xfb\xe7\xf5<\xf0\x84\xc6\xd2\xa1\xa2\
b\xd8~u)\xbd\xbd\xbdW\xf5\x0a\xf0\x00\xc1\x93\xc5\
x\x88\xc1\x08a\xf2M\xad\x91\x9f}\x03\x19\x900`\
\xe2\x02\x8b]3\xadt\xbd\xf5'^.\x05+\x85\xd2\
\xd8~\x8b\xfe\xd0\xd7\xa1\x8e\x92c\xca\x15\x1aEv\x5c\
n-\x04p\x15:\xf0\xa0\x92\x15\xeaY\xdf\xd2\xa1\xe5\
\xa1bC\x8a\xa0\x10%8e:\x89Xy\xd6\x9eT\
\xc6\xef\x8e\xde\x02\xae\x9eF\x9a\xfdC\x96\xfe\xda)z\
k\xdb\xfe\xab/\xef\xb02o\xf8\x06%:\xa8\x5c\x9b\
h\x08\xc8\x01\xe4\xdb\xe3\xc3\xac\xbd\xb20\x09\xcc\xf7\xba\
\x09$\xean\x92w\xeci\xc5\xbc\x18f8\x12a\xca\
<\xe9St#W\xef\xf9\xd7\xeau\xe8b\xcc9\xcd\
s`\x0f\xfdU\xba\xa1\x09\xe6\xd5\x7f\xf6\xa3\xd1x\xb0\
\x13\xea\xf2\xd0eKu\x0c\xeb34\xd4\xbb\xfa\x10J\
\x10\xc1\xe4\x1fa\x96\x18\xf3\xbd\x0b\xd9X\x98\x14\xfe\x87\
\xbe\x0d\x01\x1d\x0d)\xb1\x00\xb99\x09\x12U\xd0\xfa\xfe\
\xfaV\xa8r\xf9\xd8\xa2\x04\xca\xf5\x0fJ\xbe6Y\xe5\
\x99\xe8 >H\x1f$\x09\x10\xc9\x90\x7f\x02H6q\
w\x99&\x82Id\xc2o\xe5\xca\x1f\x81\xf2\x95%\x07\
T,K\x84\x872N\x8c\xbfw\xb3\x92\xaalh\xbe\
))\x9e(\x94 ^b\xc5\x89B\xf0 h\xad\xe8\
\xfdQ\xbc^\x81\xael\xdc4\xc0\x10\x1a\x1f\xfc\x16\x8d\
rE!\x22\x01\xf2\x11\xa8X\x95\xff\x13\x84\x88\xd7\xb8\
\x80\x91@\xe3\xba\xeaA\xba\x10*u\xfb\xcfk\x06\xd8\
8\x0c\xc8\xcf\xc6\xf3\xffQ`_\xe9>}\xe2y\x1c\
\xf0uOY\x0e\xc1\xe3\xc2\xec\xc3'\x8e\x03\x16\xde\x7f\
%\x98\x84\xbe^\x08\x92\x7f\x901\x22\xcb\x9d\xf4\x83\xa6\
I\x8c\x13\x82%&\x81\xa5\xb6\x9d\x910W'\x83>\
\x8e\x1b\xe7\x0a^\xae\xf6\xc2\x91\xb8\xe6\xd9\xd3@CC\
\x006\x98\x1em\x0a\x9c\xa4y\xfd\x00\xa3\x89\xffOp\
\x10?\x92}\x1e\xe6\xf5z\xec\x86t\xdc\xfc=}:\
\xff\x97\xc4\xd0'W\x1b\xd3\xado \xa6d9K\xc4\
x\xb3\xbe\xb4 \xf9\xf9\xac\xf8p~\xe0X\x9a\x10\x22\
\xf2t\x050\x09\xed\x15\xb4\xfcv\xed4(\xba\xb6\xfc\
O]\x8c\x0e=\xc3\x920C\xce\x8eC\x8e\xde\xd83\
aN\x14\xff\xf9\xf8\xdd\xf6\xcf\x07G\xbb\xa87\xffn\
x\xdc\xbfo\xcc\x9fw~K\xc3\xf2Z\x16\x13\xb3\x02\
s\x1dE\x0e\x9f\xbe\xee\xbe\x85\x1b8\x8a\x98H\x9cx\
\xba\xcaJ\x01\x13}>|\xf0\xdfz\xfd\xed\xe9\xd7\xfd\
^\xba\xfd\x1d\xaf\xbbaL\xd2\xf7\x85\xef\xcf\xc2\x83\xc2\
\xc3\xabX\x1bp\xf4\xf6\x9fKq\x85`I\x94\xda<\
$\xc0\xe6\xae\x92a\x0a\xbc\x8c\xd1\x81\xabL\xcf\xbbr\
\xbem\xc0 \x95;rt\xf5\xbe\xc1X\xcf\xd7\xbb\xa2\
\xc7y\x0e\xd5\xf1\x5co\x8e\x1e\xae-4\xfe}\xc4\xdb\
&\xd2\xe7\x06\xd7\xf9 \xe7\xfb\x89x\x12\xfd\x1f\xd0\xf3\
\xc0\xfe\x0eB\x16\xd2\xd6H/\x8d\x17 \xf0c\xfdA\
\x88w\x06\xd7S%\x98\xf4\xe61J\xd4S\xff\xdf\xed\
\x9b\x8d\xae\xdb \x0c\x85\xf3n\x03\xbf\xff#M\xa3V\
?\xd9\xf2E\xb1\x92uQw\xceJ\x5c\xfc\x83\x0d\xc4\
%\x90;n\xc8@\x0b\x85\x9d>\x12\xea\x95\x7f\xb8\xf0\
!`\xe7'\x12\x14\x12=\xc9\xa6\xa1\x94\x81\x85ft\
\x97\xedk \xe8c\x8c\xb1\xae!C\xf2\x12\xc2\xa3\x95\
\xf0\xce\x94\xf8nq\xbd\x84\x07\x9e*\xa4\x0b\xf4N\xd4\
\xedR\xef;\x1cM\xc5\xd1\x8e\xf3b<>\xa4\xa3\x1b\
\xf7h9]\x1f&\x12\xcc\x003\xd2\xc3\x94\x1d\x9b\xbf\
\x0b\x06\xe3O)\xc0hC\xa9\xac\x0f\xf3\xb2\xea>O\
\x8b\xff\x92-~\x90S\x87R\xe0g\xe7YN\x93e\
{\x89\x8f\x9e\x7f\x9c\x86x\x9d]\xf9C@\x1d\xbb\xda\
OM\x19\xa7m\x7f\xf1\xd3\x05&s\xbe.\xf9\x84\xf7\
\xf0\xfd\xb9V\x907\xdeo\x87\x8c=\x09YR-#\
\xa3\xfb\x8b\x0c\xfb\x84\xd9\x96?\x12-\xaa\x03\xc6Xe\
\xc0\x1b\xc4\xe5\xc5\xeb\xb5k\xf8~E?\x86B\x09\x80\
7\x9a\xfd\x1a\x88~\x90\xb7\xc1\xfe<\x1fa\xb1\x90\xd8\
4=h\xed\xb7$`\x82\xd7V\xae\x04\xbf\xaaL\xec\
b\xc0D\xc3\xabq\xc9\x80\xc3\xbf\xd4r\xf6\x97)\x22\
\xeca\x15\x1c\x00{#\x87\x8f\xb4X\xd7j}.\x8b\
\xecz\x07X\xc7\x82]m\x91\xf5\x18\xf2<\xaa\xe8\x83\
\xd7\xfc\x86\x1c\xe1 K[\xf5\xdd\xf1V\x91)\x83L\
\xa9g\x0d>\x84\xdb\x08.\x02\xffT\x8f)\xc8\xd0D\
\x97\x82 \xa3\xce\xad\xba=\xbe\x97\x8f>\x8d,\xa2[\
\x98!\x83\x0f-|g\x01\xc6\xf5\xf0Q\xafU\xeb\xb0\
\xa7\xa3<\xea=t\xd6[\xc3H\x14\xde\xc0\x83\xb1.\
\xfe\x10[\xe3W\xcd\xa89}\xcc\xf1\x5c\x10\xdf\xf3c\
\xac\xb2\xc3\xa17!\xe7\xb6'\x96\xd6\x94i\xb3\x02)\
\xc3\xe0\xafR\xf077\xd2\xcc\x1c7\xc7~9\x1a\xac\
f/\x0f\xce\xa3\x8c\x97\x9dG\x06\x1d\xa9\x0e\x02\xdf\xbd\
\x96\xf6\xce\xa7}\xfa\x99\xf4\x89-\xf9\x0d\xbd\x99X\xd7\
q\xfa\xa8 w\x1a\xe2#\xbaUR&\xa0\xe1\xf2\x04\
\xf3m\xba\xd2\xe3\xe2I0\x98\x9e/\x01\xf5\xfd\x01\xbf\
\xd0Cg\x14\xfa\xdf\x85\xf1\xc48lZ\x95\x1b\xa6\xed\
y\x17v\xd8{'\x0f|\x80\xe7\xa2\xff\x1a+\x0e&\
\x1e>\xcc\xa0m\x13=TJ \xcf\xfa?Y2.\
\x85\xb4\xd4FR\xda\xed\x81\xf5^\x09=/\xfc\xe0\x81\
C\x0b\xc8\xc5\xcdI>\xf1\xf2\xeb\xf4e%\xcf\x84\xcb\
\xb9\x0f\xd0sj\xccl\xa8\x1br\xa3\x1dh\xc57\xe7\
[\xe6\x17\xf6.\xf0K\xd2\xb3\xa4\xbf\xf7_\xb7\x0b\x85\
\x9f\xed\x91\x137@\x9f\xf1\x82_\xf4#\xcc\xc3\xae\xdf\
oj\x80\xe3+m\xd1/\xfeG\x93\xd7\xc7\xe9\x0e<\
\xdff\xca$ro \xaf\xe1\xfa\xa5\xa4\x83~\x1b3\
V\xee\xc5\xdc\xf4\x16\xf9Y\xff$\xcbl9d>\xd7\
D\xeb\x95\xfa\x05\x98'\x8b\x0f\xaa\xd3b\x0aH\x93\x1e\
&\xb4\x85\xeb\x89r\x9f\xfdq\x7f\xbb\x7f\xb3E\xfe\x8c\
\xd78\xa19\xf4\xa7\x8b\x97v%\x1cv\x91#\xd0-\
\x8e3z\xfb\xf6\x8e\xad\xbc\xdf.b\x0f\xce\xbf\xa0\xe7\
\xfc};n\x9a\xe4\xfb\xb8wu(\x95Z\xef8a\
_(\x22g>\x17\xd5\xdb\xf4{a\xefB\xce0\x19\
\xf9\xa6\xcb\x14\xc0\xe7\x8d\xd5*\xfe\x9ddd!\xe3{\
h\xf7U\xc5\x9e8i\xcf\x03\xc3\x1fU\xc3\xf6p9\
\xbf\xb0\x94u\x89\xf6\xc1\xa7\xa1\xe7b\xe2\xc0\xd4[\xa5\
\x1d\xfai\xf8'^\x97\x05\xffa\x81wS\xecp\xc0\
\xa31\xf1\xe9\xed\xe0#\xc0\xd2\x0dE\x88\x1c\xda\x80A\
K\xd8\xd6u\x1f\xb6q\x15+\x9fC/\x1e\xad\x12\x8f\
\x81\xf5n\xe5\xc7D\xdbO\xcd\xeb8\x9f\xc7\xd6mU\
\xa9\xf1t\xf4'\xd9.\xf8i\xf8\xffTR\xdd\x1f\xbf\
nvA\x10\xbe\xed\x14\x18\x98\x1d\xe6t\x11\xaf\xb3\x97\
Fo\x01y\xb4\xf3\x02\x1f?\x16\xfdl\x1f\xec2\x1b\
\xd895\xbc'f\x8a\xbf0\x03\x85\x1e-#/\xe2\
A\x1e\xc6\x03q\xea?\x94C\x86h\x9f\xea:\xc0\xfa\
\x1c\xac`4\xf5\xa1\x90\xfb7\x01\xf6\x8c\xe7+\xbb8\
\xae\xd6\xdc\xdc\x986#\x1fG\x7f\x1fnw\xde\xf2\xda\
\x87\xfe\xd4\x7f\x8d\xe3\xd3'\xa3\xbf\xcf\xb4\x86\xfd\x93`\
\x0f\xf1oJ\x82/H\x1dk\x9eG\x9aN-;h\
\x8d\xeeVb\x1a\xe7\x8f\x1f\xe5\xda\xd5\xa5\xe7\xc3\xbf\xf0\
\xf6\xe1\x9fh\xbb\x1e\xe7\x9e\xaf\xe7/=<k\xf2\x84\
\xaf]s\x9e\x0f{\xc6\xf1\xd8\xfd~\xb4\xc6\x08\x82 \
\x08\x82 \x08\x82 \x08\x82 \x08\x82 \x08\x82 \x08\
\x82 \x08\xc2\x7f\x85\xdf\xa7\xaa\xa6B~2\xc7\x93\x00\
\x00\x00\x00IEND\xaeB`\x82\
"

qt_resource_name = b"\
\x00\x06\
\x06\x8a\x9c\xb3\
\x00a\
\x00s\x00s\x00e\x00t\x00s\
\x00\x04\
\x00\x075\xdf\
\x00l\
\x00o\x00g\x00o\
\x00\x08\
\x05\xe2Y'\
\x00l\
\x00o\x00g\x00o\x00.\x00p\x00n\x00g\
"

qt_resource_struct = b"\
\x00\x00\x00\x00\x00\x02\x00\x00\x00\x01\x00\x00\x00\x01\
\x00\x00\x00\x00\x00\x00\x00\x00\
\x00\x00\x00\x00\x00\x02\x00\x00\x00\x01\x00\x00\x00\x02\
\x00\x00\x00\x00\x00\x00\x00\x00\
\x00\x00\x00\x12\x00\x02\x00\x00\x00\x01\x00\x00\x00\x03\
\x00\x00\x00\x00\x00\x00\x00\x00\
\x00\x00\x00 \x00\x00\x00\x00\x00\x01\x00\x00\x00\x00\
\x00\x00\x01\x9f3\xdbLl\
"


def qInitResources():
    QtCore.qRegisterResourceData(
        0x03, qt_resource_struct, qt_resource_name, qt_resource_data
    )


def qCleanupResources():
    QtCore.qUnregisterResourceData(
        0x03, qt_resource_struct, qt_resource_name, qt_resource_data
    )


qInitResources()
